"","sample","age","1","2","3","4"
"1",1,1025.5,0.0248937990578625,0.0424671632412173,0.884581765474502,0.0480572722264178
"2",2,1153,0.0567265310111214,0.0538534167048392,0.778841007133209,0.110579045150831
"3",3,1267,0.0250561407330845,0.0291658289382458,0.87698505490675,0.0687929754219192
"4",4,1409,0.0282517701914474,0.021602137211552,0.871275914915637,0.0788701776813639
"5",5,1648,0.0167735646719313,0.00172069065370572,0.952826584573969,0.0286791601003938
"6",6,1739.5,0.0980260537446947,0.0414933250876686,0.784229057651072,0.0762515635165646
"7",7,1922,0.0184966890982166,0.00710841365899507,0.919874192772325,0.0545207044704635
"8",8,2027,0.0424009616065868,0.00510573081837168,0.891028352966297,0.0614649546087447
"9",9,2347.5,0.037149754963805,0.00247041003938835,0.921067043401986,0.0393127915948203
"10",10,2526,0.102592197445615,0.0219169945748063,0.80821598690249,0.0672748210770886
"11",11,2697.5,0.045513938409467,0.00962219731952056,0.875397194838061,0.069466669432951
"12",12,2881,0.0707628243205912,0.00332001738875708,0.892489664105542,0.0334274941851097
"13",13,3056.5,0.0878687712668884,0.00173684835965359,0.87509727346782,0.0352971069056382
"14",14,3303,0.135706448323396,0.00586364534397507,0.805898206907207,0.0525316994254218
"15",15,3520,0.112433975385187,0.00213966299218857,0.844208224766087,0.0412181368565374
"16",16,3699.5,0.187282251261887,0.00356776265853775,0.773442480038297,0.035707506041278
"17",17,3859.5,0.187198637623628,0.00229458203097291,0.756177539202173,0.0543292411432266
"18",18,4045.5,0.146987632365104,0.00443257242651397,0.741623848488663,0.106955946719719
"19",19,4215.5,0.0664193124409691,0.00150765316513719,0.900853493189483,0.0312195412044106
"20",20,4393.5,0.128858316919169,0.00622497499937999,0.759793283969124,0.105123424112326
"21",21,4567,0.0619835858162943,0.00842759706867661,0.867212376041212,0.062376441073817
"22",22,4728,0.194327887937434,0.0040668900794536,0.674386308888852,0.12721891309426
"23",23,4890.5,0.119206771394177,0.00447857838014468,0.765039906708648,0.11127474351703
"24",24,5146.5,0.114970331236266,0.00326986578555785,0.784478685155721,0.0972811178224557
"25",25,5364.5,0.0416982950863911,0.00328440347050951,0.864038512602079,0.0909787888410207
"26",26,5552.5,0.164238728979082,0.00314400038057703,0.703625297865716,0.128991972774625
"27",27,5724,0.184682275081694,0.00379338449486014,0.647806555547337,0.163717784876109
"28",28,5815,0.245046894842867,0.00749164877401309,0.502818749213721,0.244642707169398
"29",29,5897,0.183074496048024,0.00665081908995135,0.649735419574631,0.160539265287394
"30",30,5937.5,0.185449375694492,0.00313244025650374,0.775228586970296,0.0361895970787083
"31",31,5991,0.413422384940024,0.00579662464634347,0.281929954694345,0.298851035719287
"32",32,6225,0.325666664072168,0.0106777294202402,0.439750544279604,0.223905062227988
"33",33,6390,0.455475167901923,0.00440128566700256,0.311057592814402,0.229065953616672
"34",34,6557.5,0.358933958735875,0.0091971468100803,0.420240508033453,0.211628386420591
"35",35,6724,0.252467701621371,0.00927575141753342,0.35637816898698,0.381878377974115
"36",36,6885.5,0.249603822074721,0.0313544767378619,0.39085310767257,0.328188593514847
"37",37,7050.5,0.309103256150542,0.0178464801446312,0.265792696410041,0.407257567294786
"38",38,7416,0.327388193928746,0.0227957824406105,0.301720261534809,0.348095762095835
"39",39,7617.5,0.318343055463538,0.0207245976925965,0.41972455501031,0.241207791833556
"40",40,7784,0.332904009011428,0.00824055413444048,0.262311935050917,0.396543501803215
"41",41,8323.5,0.380074504197931,0.0211151126531473,0.360559690561718,0.238250692587204
"42",42,8759,0.329093877220907,0.00948495840835307,0.302142082568958,0.359279081801781
"43",43,9169.5,0.302193310150632,0.0101088345552146,0.368757999472862,0.318939855821291
"44",44,9584,0.234148109883354,0.0112369837800829,0.364396497743708,0.390218408592856
"45",45,10024.5,0.265790382198326,0.00786702203881182,0.43464565791098,0.291696937851882
"46",46,10447,0.240309014462666,0.0289823589409022,0.273575837254855,0.457132789341576
"47",47,10885.5,0.225798772720412,0.0137622789018945,0.382138199168526,0.378300749209168
"48",48,11370,0.211374450386316,0.0301702690060576,0.342104832695677,0.416350447911949
"49",49,11500.5,0.214827525177564,0.0194934555170731,0.173400216937287,0.592278802368075
"50",50,11541,0.189055938463648,0.0511878342202921,0.200929786954241,0.55882644036182
"51",51,11642,0.135715224189033,0.0925933606884353,0.220261655476891,0.55142975964564
"52",52,11702.5,0.0797501684733495,0.0388716831378815,0.277043543479437,0.604334604909332
"53",53,11758.5,0.139800058102226,0.0197195729221149,0.282052770697778,0.558427598277881
"54",54,11825,0.0988509415972591,0.176445535795551,0.258673654940188,0.466029867667002
"55",55,11934.5,0.0902380109355351,0.071343285531921,0.478965570263399,0.359453133269145
"56",56,12227,0.157818913911637,0.0793661427804735,0.433501668097335,0.329313275210554
"57",57,12475,0.178078252664621,0.134221948641677,0.392333423503873,0.295366375189829
"58",58,12732,0.191312609076729,0.159966946924192,0.439531379532229,0.209189064466851
"59",59,12773,0.116813066440422,0.294545900206275,0.155059221612171,0.433581811741132
"60",60,12804,0.137487803797831,0.264756013548793,0.140133344237936,0.457622838415439
"61",61,12835,0.0921258175815391,0.354140861564371,0.0868444658205746,0.466888855033515
"62",62,12848,0.0671247130715787,0.58443057653769,0.0367439988272591,0.311700711563472
"63",63,12862.5,0.0155142106927213,0.284315498947839,0.099171314645588,0.600998975713851
"64",64,12894,0.0727304612647349,0.229635963957021,0.0721744344018181,0.625459140376426
"65",65,13032,0.0533367853471447,0.264828573970941,0.127311191210399,0.554523449471516
"66",66,13187,0.0241940745264999,0.201838630630413,0.0790642649533295,0.694903029889758
"67",67,13343.5,0.0186047281824387,0.263888755459887,0.0815885529278554,0.635917963429819
"68",68,13511,0.0136697199238463,0.419398467552324,0.109915638805421,0.457016173718408
"69",69,13812,0.0160251129554578,0.254573947016644,0.405492590130289,0.32390834989761
"70",70,14100,0.0212387514403228,0.284826522869504,0.223181628858246,0.470753096831927
"71",71,14353,0.046090919183494,0.280810547240496,0.158993782718079,0.514104750857931
"72",72,14595.5,0.0184642982176867,0.312258022456646,0.177150601951395,0.492127077374272
"73",73,14847,0.0115784184908809,0.285530594201065,0.297486412342786,0.405404574965268
"74",74,15150,0.0291949231440265,0.208316123579699,0.340404455724925,0.42208449755135
"75",75,15350,0.0172235914583674,0.147679686238522,0.580288635093653,0.254808087209458
"76",76,15681.5,0.00770746089063154,0.135336870794202,0.603302220688062,0.253653447627105
"77",77,15850.5,0.0134651398761138,0.119360198932514,0.656564250346764,0.210610410844609
"78",78,16009.5,0.0110281234712198,0.00602082292230306,0.263266951503394,0.719684102103083
"79",79,16172,0.00998639430944043,0.30207612835055,0.401330471087692,0.286607006252317
"80",80,16464,0.0126611163257954,0.468223906460719,0.0446206027832968,0.474494374430189
"81",81,16774.5,0.016294899482187,0.491917912631453,0.0055192872088117,0.486267900677548
"82",82,17103.5,0.067357346028179,0.530101283638165,0.0430395269739171,0.359501843359739
"83",83,17351,0.0268868328289563,0.607803088010593,0.0365489307797089,0.328761148380742
"84",84,17598.5,0.0659182424927757,0.588147625968377,0.0603810441336283,0.285553087405219
"85",85,17833,0.123077703035371,0.55306222948757,0.024078964793078,0.299781102683981
"86",86,18075.5,0.0295271095856118,0.584308770349931,0.0906899131093413,0.295474206955116
"87",87,18314,0.0951607964226118,0.574219064642388,0.0504501475269456,0.280169991408054
"88",88,18572.5,0.087092750587904,0.545077690006629,0.0285941388880563,0.33923542051741
"89",89,18859,0.0884745115648915,0.593164706827047,0.023626160509548,0.294734621098513
"90",90,20546.5,0.0534441822529542,0.443112572521269,0.317982358205788,0.185460887019989
"91",91,20595,0.0495151060837571,0.455923851912308,0.366264270590518,0.128296771413416
"92",92,20632,0.0478942899701512,0.446236877246305,0.291720667689895,0.214148165093648
"93",93,20673,0.0485387940990506,0.615561888120039,0.190073074979091,0.14582624280182
"94",94,20737,0.0589504762138113,0.478252506110967,0.165138258045765,0.297658759629456
"95",95,20862,0.062316067576325,0.526602285464982,0.0973194069701865,0.313762239988506
"96",96,20967.5,0.122009254454284,0.542163029619656,0.0640707664036154,0.271756949522444
"97",97,21065.5,0.044235306230434,0.699650751612002,0.0358740777354695,0.220239864422095
"98",98,21192.5,0.151103063664854,0.647745131670063,0.0532957730511304,0.147856031613952
"99",99,21629,0.0767193316179744,0.712473510054201,0.0597102870310367,0.151096871296788
"100",100,21732.5,0.0152243614366145,0.77554108675161,0.0295882132724622,0.179646338539313
"101",101,21785.5,0.0268357690753972,0.674241929928981,0.0583828188176397,0.240539482177982
"102",102,21841,0.0356189761353662,0.640529005125846,0.0422876601580921,0.281564358580696
"103",103,21936.5,0.0376281492378146,0.637569845897467,0.0267881978836346,0.298013806981084
"104",104,22047.5,0.0193598417164508,0.624314304192475,0.0604531407790084,0.295872713312065
"105",105,22153,0.0637461868666173,0.503870612529163,0.228047231704957,0.204335968899263
"106",106,22303,0.0295970501456869,0.420976572844706,0.349459328236602,0.199967048773005
"107",107,23136,0.0540643320032573,0.351774158297882,0.459965426138676,0.134196083560185
"108",108,23386.5,0.0334550978305597,0.326437846150911,0.497687059045705,0.142419996972824
"109",109,23444,0.0570360939579345,0.334119559075983,0.481219644221904,0.127624702744179
"110",110,23518.5,0.0153164367216926,0.273999125873843,0.65357009743264,0.0571143399718247
"111",111,23728,0.0382192869877414,0.290296406497761,0.576118712929804,0.0953655935846927
"112",112,24387,0.0194293146563105,0.209957226522075,0.671245184270682,0.0993682745509319
"113",113,24729,0.0546443362746334,0.316009587024588,0.560281753864807,0.069064322835971
"114",114,25033,0.0189602895765729,0.303072592659865,0.613766934050126,0.0642001837134367
"115",115,25374.5,0.0263764863481401,0.241198296930962,0.667881467434038,0.06454374928686
"116",116,25759.5,0.0494918825264798,0.419151718116758,0.472251984219872,0.0591044151368906
"117",117,26165,0.0931682126700013,0.592694179110053,0.16361240791845,0.150525200301496
"118",118,26427,0.0689759130235539,0.719586913217065,0.057968100255457,0.153469073503924
"119",119,26682,0.106262687072022,0.642574337934089,0.151917361253353,0.0992456137405364
"120",120,26940,0.123207583144284,0.712548867906162,0.0553121141696388,0.108931434779915
"121",121,27231,0.116984776482346,0.590362948434663,0.161668887778074,0.130983387304917
"122",122,27465,0.07614161735074,0.632559786641993,0.171036737904254,0.120261858103013
"123",123,27669,0.0260978368475325,0.741885489549064,0.0668513537454936,0.16516531985791
"124",124,28053,0.12306007332913,0.666022788898439,0.0701773231950049,0.140739814577426
"125",125,28343,0.239434341324616,0.543127429722211,0.0610392513721038,0.156398977581069
"126",126,28607.5,0.11856128620871,0.579223586197028,0.135019398246253,0.16719572934801
"127",127,28888,0.116503414561392,0.430858915959283,0.338113775113068,0.114523894366257
"128",128,29088,0.119083444263866,0.385882553857515,0.330860287363949,0.16417371451467
"129",129,29282,0.0921075701023526,0.333629050845621,0.481120237114743,0.0931431419372827
"130",130,29971,0.128399648679903,0.227747064799277,0.593697803456824,0.0501554830639965
"131",131,30282,0.0867861422433149,0.33319271976071,0.489015604054233,0.0910055339417423
"132",132,30627.5,0.291675459397496,0.191107284523274,0.343314018659152,0.173903237420078
"133",133,31228,0.224575039685686,0.247080018319886,0.473932134102691,0.054412807891737
"134",134,31546.5,0.408678290519254,0.48150011351623,0.0720726417145358,0.0377489542499794
"135",135,31893.5,0.209704329175649,0.123265512274665,0.602594801549795,0.0644353569998908
"136",136,34154.5,0.369733425503358,0.29735827425333,0.119309304857122,0.21359899538619
"137",137,34587,0.419793096189722,0.161331301721906,0.259384145983849,0.159491456104523
"138",138,34956,0.119560176164024,0.645804727420702,0.016539670740175,0.2180954256751
"139",139,35294,0.140904608498889,0.354020254918603,0.197383395409154,0.307691741173353
"140",140,35667.5,0.0350751778241294,0.593187032170582,0.00706287217410698,0.364674917831181
"141",141,36228,0.0397583045925057,0.167663802619207,0.487879384032271,0.304698508756016
"142",142,36602,0.0538487933404118,0.0534319682984345,0.811687084315028,0.0810321540461257
"143",143,37603,0.0205569498262842,0.104177329271854,0.776169057642241,0.0990966632596212
"144",144,38355,0.0299115859228623,0.12463552349909,0.772853326437333,0.0725995641407146
"145",145,38876,0.0966466516964757,0.105664357500337,0.753913929882138,0.0437750609210491
"146",146,39357,0.0551900066719219,0.040124438123127,0.860400052077136,0.044285503127815
"147",147,39955,0.152683113791335,0.0959281769010737,0.660146055614776,0.0912426536928151
"148",148,40187,0.159090956188993,0.0666133481794798,0.631648881256569,0.142646814374957
"149",149,40465,0.0859210328506725,0.0909331407258389,0.712233509202199,0.110912317221289
"150",150,41001.5,0.169038150073132,0.0463865013727445,0.739344555612613,0.0452307929415104
"151",151,41810,0.0581125308087461,0.0644257307819707,0.809496368780948,0.0679653696283353
"152",152,43137.5,0.19623302715101,0.337509163347709,0.173400680276376,0.292857129224906
"153",153,43825.5,0.217481994758283,0.258834560608359,0.413832747756429,0.109850696876929
"154",154,45123.5,0.300100671792225,0.352997794043609,0.0871304449486938,0.259771089215472
"155",155,45833.5,0.467714209583172,0.274017249116639,0.0937230115130308,0.164545529787159
"156",156,46514.5,0.375434878764107,0.300556562999076,0.0888204524494865,0.23518810578733
"157",157,47216,0.175550492632839,0.361214359453585,0.11894660097448,0.344288546939096
"158",158,47599,0.187696138138821,0.245708236968468,0.25108179895898,0.315513825933731
"159",159,47849.5,0.123829661559029,0.167744601592382,0.509104256806106,0.199321480042483
"160",160,48303.5,0.112022817371231,0.152303967485783,0.543731992499142,0.191941222643844
"161",161,48716,0.0498401219343916,0.0714085870503509,0.820340406832433,0.0584108841828245
"162",162,49142.5,0.0313624343422105,0.0512432965241897,0.851286359215069,0.0661079099185305
"163",163,49976.5,0.395378719336291,0.244325048813175,0.145102785783156,0.215193446067378
"164",164,50398.5,0.530499937110837,0.100430472466729,0.241247938144502,0.127821652277931
"165",165,50838,0.406518469774243,0.160712489666204,0.230021252629269,0.202747787930285
"166",166,51049.5,0.399938530431826,0.21502504689097,0.171174546702447,0.213861875974757
"167",167,51242.5,0.434972433635081,0.210222676176205,0.230107803989072,0.124697086199643
"168",168,51586.5,0.393822357210961,0.201349636562883,0.209957511550432,0.194870494675724
"169",169,51999.5,0.274287430692766,0.183653846723117,0.163269470658623,0.378789251925493
"170",170,52377.5,0.251964621074302,0.210804900969246,0.110961870806501,0.426268607149952
"171",171,52796.5,0.219936403969176,0.296062801560768,0.0578955693203613,0.426105225149695
"172",172,53718,0.126420186799926,0.40782497880651,0.0509313292853597,0.414823505108205
"173",173,54516,0.326962383036188,0.462533196990911,0.0561194534310717,0.154384966541829
"174",174,54842.5,0.370274754210045,0.268841835992298,0.0895094154108768,0.27137399438678
"175",175,55230,0.259900033232964,0.0934712603356985,0.144327536709707,0.50230116972163
"176",176,55987.5,0.108320774120292,0.52758221028299,0.0976603624663038,0.266436653130414
"177",177,58114,0.170546475461201,0.316978106824933,0.0389728382004611,0.473502579513405
"178",178,58514,0.167961938116938,0.280205371325669,0.0834881033872516,0.468344587170142
"179",179,58935,0.00742799087448648,0.628682141487306,0.00429283200540485,0.359597035632803
"180",180,59426,0.12200002741377,0.433126962897553,0.113005522789291,0.331867486899386
"181",181,59702.5,0.151954480573065,0.313954804625846,0.0992257589445534,0.434864955856536
"182",182,59995,0.110032861017471,0.297514518403552,0.157840737033177,0.434611883545799
"183",183,60799.5,0.151303348102241,0.03364050467964,0.387043905011676,0.428012242206443
"184",184,61058.5,0.0738421874383501,0.110708726610328,0.630645411090916,0.184803674860406
"185",185,61254.5,0.082756623710787,0.133813469314995,0.609619182478662,0.173810724495556
"186",186,61512.5,0.0243073858473347,0.0315756418787349,0.892263484042719,0.0518534882312115
"187",187,61741,0.0557024226935027,0.0183029904068964,0.805301450546907,0.120693136352694
"188",188,61945,0.0337459922986095,0.0711469678968112,0.834768661220214,0.0603383785843658
"189",189,62195,0.0715044969347114,0.0456329178694268,0.851401136601703,0.0314614485941592
"190",190,62463,0.476926904227042,0.191073965557615,0.0561211561310028,0.27587797408434
"191",191,62692.5,0.527616397121766,0.222886962148815,0.121730332259963,0.127766308469456
