"","ngroups","topic","taxa","beta"
"1",4,"1","Alnus.incana.type",0.000223494792383111
"2",4,"1","Cyrilla.racemiflora",0.000318977734058956
"3",4,"1","Fraxinus.undiff.",0.00216227808551827
"4",4,"1","Nyssa",3.30568031106282e-06
"5",4,"1","Asteroideae.undiff.",0.0309111832079587
"6",4,"1","Iva.frutescens.type",0.0363044413385459
"7",4,"1","Byrsonima",1.30263446736715e-05
"8",4,"1","Carya",0.000121882830875828
"9",4,"1","Taxodium",0.00474127333587613
"10",4,"1","Xyris",0.00482583843232398
"11",4,"1","Amaranthaceae.undiff.",0.0299974480417418
"12",4,"1","Myrica",0.0158900800309698
"13",4,"1","Cupressaceae.undiff.",7.90993083229439e-09
"14",4,"1","Cyperaceae",0.0428326285270832
"15",4,"1","Ambrosia.type",0.000572638956777375
"16",4,"1","Pinus",0.0536084876822002
"17",4,"1","Quercus",0.200192366922352
"18",4,"1","Poaceae",0.488570017466325
"19",4,"1","Acer.saccharum.type",3.85615160985513e-06
"20",4,"1","Ostrya.Carpinus",3.44064055597273e-05
"21",4,"1","Ulmus",4.32349492418428e-05
"22",4,"1","Vitis",6.4889061271361e-09
"23",4,"1","Rhexia.type",0.00277218563340141
"24",4,"1","Podocarpus",1.06753691017992e-06
"25",4,"1","Polygonum.polygamum.type",0.000920250244191446
"26",4,"1","Betula",0.000758208287083909
"27",4,"1","Celtis",7.10885611456003e-08
"28",4,"1","Cephalanthus",1.05515061696021e-08
"29",4,"1","Polygonum.delopyrum.type",1.93261206457802e-05
"30",4,"1","Ericaceae",0.0629473689785615
"31",4,"1","Artemisia",2.62916083081614e-05
"32",4,"1","Liquidambar",0.00610428713266613
"33",4,"1","mimosoid.clade",2.72287309099131e-05
"34",4,"1","Polygonum.fimbriatum.type",5.01772214840544e-05
"35",4,"1","Rhus",5.36461987183003e-11
"36",4,"1","Urticaceae.undiff.",6.01716107893827e-10
"37",4,"1","Populus",3.97967567318965e-15
"38",4,"1","Chamaecyparis.type",3.56161830346969e-06
"39",4,"1","Apiaceae",0.00166555329334567
"40",4,"1","Salix",7.67415611521547e-05
"41",4,"1","Tilia",5.39649562660307e-07
"42",4,"1","Chamaecrista.type",4.43114358206241e-06
"43",4,"1","Paronychia.chartacea",8.6948516347395e-05
"44",4,"1","Urtica.type",0.000178592905845338
"45",4,"1","Trema",1.56721898458798e-15
"46",4,"1","Acer.rubrum",0.000250058556460525
"47",4,"1","Gordonia",1.6053426439793e-06
"48",4,"1","Chamaecrista.fasciculata.type",0.000501521664278624
"49",4,"1","Ranunculaceae.undiff.",3.87948735625611e-11
"50",4,"1","Ilex",7.80056089436197e-07
"51",4,"1","Morus",2.4795773391611e-05
"52",4,"1","Tillandsia",0.00025057513924258
"53",4,"1","Ceratiola.ericoides.type",0.00659505222112779
"54",4,"1","Combretaceae.Melastomataceae.undiff.",7.41388392057186e-09
"55",4,"1","Acalypha.type",1.29098257071758e-35
"56",4,"1","cf..Araliaceae",0.000106590194006615
"57",4,"1","Urticalean.Rosids.undiff.",6.07877625221537e-08
"58",4,"1","Fabaceae.undiff.",5.33433532344207e-05
"59",4,"1","Lechea",0.00167644615152018
"60",4,"1","Orchidaceae",3.98882926298381e-07
"61",4,"1","Taxus",1.86901354760588e-12
"62",4,"1","Bursera",1.09822889532665e-09
"63",4,"1","Platanus",1.05497629116819e-06
"64",4,"1","Ledum.type",1.95606407804738e-17
"65",4,"1","Cichorioideae",0.000102189536732019
"66",4,"1","Bromeliaceae",0.000103343221499477
"67",4,"1","Anacardiaceae.undiff.",4.29265459975476e-05
"68",4,"1","Impatiens",0.000127127604994218
"69",4,"1","Phoradendron",8.96192105988957e-05
"70",4,"1","Campanulaceae",0.000179238403480723
"71",4,"1","Beta.vulgaris.type",6.5417645478318e-05
"72",4,"1","Froelichia.type",0.000105616026776544
"73",4,"1","Abies",8.96176398207576e-05
"74",4,"1","Dalea.undiff.",8.96184533454941e-05
"75",4,"1","Scrophulariaceae.type",0.000691919751415583
"76",4,"1","cf..Physalis",8.96191760792841e-05
"77",4,"1","Thalictrum",6.00569020638419e-05
"78",4,"1","Dodonaea",6.74127948619529e-06
"79",4,"1","Solanaceae.undiff.",0.000143266787736532
"80",4,"1","Dalea.purpurea",0.000235607662015295
"81",4,"1","cf..Hypericum",5.82151155190935e-06
"82",4,"1","Lupinus.type",8.96192105988876e-05
"83",4,"1","Paronychia.americana",1.47047199095222e-08
"84",4,"1","Eryngium.type",1.13382512372965e-10
"85",4,"1","Sisyrinchium",0.000627233217901813
"86",4,"1","Fagus",8.19991100504489e-09
"87",4,"1","Myrtaceae.undiff.",1.92377787796273e-05
"88",4,"1","cf..Verbenaceae",8.96174193534976e-05
"89",4,"1","Ludwigia.type",0.000179045899910255
"90",4,"1","Gentianaceae.undiff.",8.96191813518691e-05
"91",4,"1","Pinaceae..vesiculate..undiff.",5.53554603964812e-12
"92",4,"1","Rumex",3.49470000386561e-12
"93",4,"1","Corylus",2.82780959599419e-08
"94",4,"1","Ceanothus",7.7519718632626e-14
"95",4,"1","Viburnum",1.49028367359674e-06
"96",4,"1","Symplocos",1.41204507909163e-09
"97",4,"1","Plantago",7.65058413561675e-16
"98",4,"1","Caryophyllaceae",4.15100937996145e-18
"99",4,"1","Ximenia",2.53972568724075e-35
"100",4,"1","Osmanthus",7.9705398296369e-20
"101",4,"1","Hedyosmum",1.20846571426565e-25
"102",4,"1","Fraxinus.pennsylvanica.type",7.5571312565223e-10
"103",4,"1","Parthenocissus",9.98402099906001e-23
"104",4,"1","Acer.negundo.type",3.24896378002045e-16
"105",4,"1","Brassicaceae.undiff.",5.10616798976322e-24
"106",4,"1","Dalea",4.15725129370361e-46
"107",4,"1","Gomphrena.type",3.19451171886069e-40
"108",4,"1","Lamiaceae",1.894764535581e-08
"109",4,"1","Xanthium",1.40825658489814e-27
"110",4,"1","Fraxinus.nigra.type",1.12954029188246e-12
"111",4,"1","Polygalaceae",1.14951532287875e-25
"112",4,"1","Dianthus.type",1.96931643054186e-30
"113",4,"1","Arceuthobium.Loranthaceae",2.83611619666462e-31
"114",4,"1","Sapindus",1.5661605782871e-31
"115",4,"1","Piperaceae.type",4.30312055253753e-27
"116",4,"1","Picea",2.06229995907379e-11
"117",4,"1","Dalea.candida.type",3.1459004512552e-14
"118",4,"1","Sambucus",1.24210552660435e-15
"119",4,"1","Sanguisorba",2.39475275441636e-14
"120",4,"1","Cyclachaena.xanthiifolia.type",1.27752855864275e-30
"121",4,"1","Persicaria.amphibia",2.04638301674744e-31
"122",4,"1","Larix.Pseudotsuga",2.15228796857306e-37
"123",4,"1","Rubiaceae.undiff.",6.25628820036178e-34
"124",4,"1","Onagraceae",2.92456302414162e-30
"125",4,"1","Apocynum",2.38836101291465e-43
"126",4,"1","Hedysarum",1.24124663266493e-07
"127",4,"1","Saxifraga.type",2.83781704035499e-47
"128",4,"1","Tsuga",6.1103152464831e-30
"129",4,"1","Polygonum.tenue.type",5.18558058927579e-38
"130",4,"1","Berberidaceae",7.98769005787927e-38
"131",4,"1","Zanthoxylum.type",3.76391107383578e-37
"132",4,"1","Malvaceae",2.29997805501959e-39
"133",4,"1","Avena.type",1.020401904133e-39
"134",4,"1","Acer.undiff.",6.87912115362511e-37
"135",4,"1","cf..Oxalis",3.13454225776492e-14
"136",4,"1","Rosaceae.undiff.",2.26122152071432e-31
"137",4,"1","Clethra",2.75761940389011e-18
"138",4,"1","Magnolia",3.24216142133666e-29
"139",4,"1","cf..Weinmannia",6.0820071339445e-50
"140",4,"1","Gentiana.andrewsii.type",4.55334288765772e-19
"141",4,"1","Rhamnaceae.undiff.",1.23694962615853e-34
"142",4,"1","Juglans.nigra.type",2.79587291454539e-05
"143",4,"1","Shepherdia.canadensis",2.19172791309888e-17
"144",4,"1","Trifolium.repens.type",5.91935548463777e-44
"145",4,"1","Brassica",2.89351790601061e-35
"146",4,"1","Galium",6.46762942502218e-09
"147",4,"1","Euphorbia",8.41822647548159e-05
"148",4,"1","Solanum.rostratum",8.80209240651918e-05
"149",4,"1","Rutaceae.undiff.",1.72290692827273e-19
"150",4,"1","Cedrus",8.6818370536992e-20
"151",4,"1","Engelhardia.type",9.25017554256652e-09
"152",4,"1","Moraceae.undiff.",2.16791141997726e-14
"153",4,"1","Cistaceae",1.72697715507202e-12
"154",4,"2","Alnus.incana.type",0.00202406786137879
"155",4,"2","Cyrilla.racemiflora",4.95710749556352e-06
"156",4,"2","Fraxinus.undiff.",0.000217805571279916
"157",4,"2","Nyssa",0.000144404089627094
"158",4,"2","Asteroideae.undiff.",0.0974603720625359
"159",4,"2","Iva.frutescens.type",0.0173126247128768
"160",4,"2","Byrsonima",3.34962288607696e-45
"161",4,"2","Carya",0.0635534071138307
"162",4,"2","Taxodium",0.000110761324357705
"163",4,"2","Xyris",0.000865993908308795
"164",4,"2","Amaranthaceae.undiff.",0.0963695093009136
"165",4,"2","Myrica",0.00611217067660439
"166",4,"2","Cupressaceae.undiff.",0.0608310026972856
"167",4,"2","Cyperaceae",0.0382347252632826
"168",4,"2","Ambrosia.type",0.346574193343795
"169",4,"2","Pinus",0.0130725046635101
"170",4,"2","Quercus",0.0502071522430767
"171",4,"2","Poaceae",0.0903799190784011
"172",4,"2","Acer.saccharum.type",1.97132399813918e-06
"173",4,"2","Ostrya.Carpinus",0.0111280088135627
"174",4,"2","Ulmus",0.00780390856992661
"175",4,"2","Vitis",0.00182005336083166
"176",4,"2","Rhexia.type",3.11675942027079e-05
"177",4,"2","Podocarpus",3.90929012627616e-06
"178",4,"2","Polygonum.polygamum.type",0.022324845521306
"179",4,"2","Betula",0.000480303683860466
"180",4,"2","Celtis",0.000587524053604557
"181",4,"2","Cephalanthus",0.000212865116400328
"182",4,"2","Polygonum.delopyrum.type",0.000651010048720601
"183",4,"2","Ericaceae",0.00654850687542021
"184",4,"2","Artemisia",0.000872865504435678
"185",4,"2","Liquidambar",0.00274536129004566
"186",4,"2","mimosoid.clade",0.000318646605624685
"187",4,"2","Polygonum.fimbriatum.type",0.00688158879876427
"188",4,"2","Rhus",3.23205808201004e-10
"189",4,"2","Urticaceae.undiff.",2.63394460326981e-05
"190",4,"2","Populus",3.80106191483125e-13
"191",4,"2","Chamaecyparis.type",3.95299858440693e-05
"192",4,"2","Apiaceae",0.00168685331753484
"193",4,"2","Salix",6.20697573674753e-05
"194",4,"2","Tilia",0.000438939550064716
"195",4,"2","Chamaecrista.type",2.22334919400912e-09
"196",4,"2","Paronychia.chartacea",0.0021330573051431
"197",4,"2","Urtica.type",0.000471809364195881
"198",4,"2","Trema",0.00010249626654141
"199",4,"2","Acer.rubrum",0.000188530939835231
"200",4,"2","Gordonia",8.54988212077517e-05
"201",4,"2","Chamaecrista.fasciculata.type",0.000225177422802968
"202",4,"2","Ranunculaceae.undiff.",0.000137419043160157
"203",4,"2","Ilex",0.00492586441470451
"204",4,"2","Morus",1.33840650553211e-15
"205",4,"2","Tillandsia",1.0475989193118e-43
"206",4,"2","Ceratiola.ericoides.type",0.000302187842097184
"207",4,"2","Combretaceae.Melastomataceae.undiff.",1.25080713852413e-40
"208",4,"2","Acalypha.type",1.51100565177617e-110
"209",4,"2","cf..Araliaceae",6.43412184511976e-19
"210",4,"2","Urticalean.Rosids.undiff.",0.000567474986920382
"211",4,"2","Fabaceae.undiff.",8.24614953445416e-05
"212",4,"2","Lechea",0.00160260458447664
"213",4,"2","Orchidaceae",0.000196645919106251
"214",4,"2","Taxus",0.000163563448288191
"215",4,"2","Bursera",7.5620447381768e-67
"216",4,"2","Platanus",0.000684873483738531
"217",4,"2","Ledum.type",1.20167465866285e-37
"218",4,"2","Cichorioideae",0.000120645263519048
"219",4,"2","Bromeliaceae",1.92812707617898e-33
"220",4,"2","Anacardiaceae.undiff.",0.000164909776770408
"221",4,"2","Impatiens",1.00388970951346e-37
"222",4,"2","Phoradendron",7.15663142022585e-75
"223",4,"2","Campanulaceae",2.34625863227701e-59
"224",4,"2","Beta.vulgaris.type",0.00248889768144913
"225",4,"2","Froelichia.type",0.00020556052448466
"226",4,"2","Abies",3.76781315397148e-65
"227",4,"2","Dalea.undiff.",2.91495415345281e-66
"228",4,"2","Scrophulariaceae.type",1.50253636494374e-05
"229",4,"2","cf..Physalis",1.56484995194728e-48
"230",4,"2","Thalictrum",0.00356776015995896
"231",4,"2","Dodonaea",0.000300712262520378
"232",4,"2","Solanaceae.undiff.",2.72853757637158e-17
"233",4,"2","Dalea.purpurea",0.000235119843082559
"234",4,"2","cf..Hypericum",0.000779051774675835
"235",4,"2","Lupinus.type",1.42615658338167e-60
"236",4,"2","Paronychia.americana",0.00144590872681284
"237",4,"2","Eryngium.type",0.000597889384423021
"238",4,"2","Sisyrinchium",6.94600192934052e-14
"239",4,"2","Fagus",5.14303735668797e-05
"240",4,"2","Myrtaceae.undiff.",1.42418848084237e-07
"241",4,"2","cf..Verbenaceae",2.02743569054445e-72
"242",4,"2","Ludwigia.type",4.31349680335585e-29
"243",4,"2","Gentianaceae.undiff.",3.20820233412268e-73
"244",4,"2","Pinaceae..vesiculate..undiff.",5.4843732715849e-06
"245",4,"2","Rumex",0.0150068393117379
"246",4,"2","Corylus",0.000403128605019471
"247",4,"2","Ceanothus",3.63226263443645e-15
"248",4,"2","Viburnum",0.000166878094656545
"249",4,"2","Symplocos",0.00035987009079428
"250",4,"2","Plantago",0.000268953447126167
"251",4,"2","Caryophyllaceae",0.000575875859563407
"252",4,"2","Ximenia",2.49486608712445e-15
"253",4,"2","Osmanthus",0.0018826741238883
"254",4,"2","Hedyosmum",7.30233926036305e-18
"255",4,"2","Fraxinus.pennsylvanica.type",0.00478744561833954
"256",4,"2","Parthenocissus",0.000156413389625428
"257",4,"2","Acer.negundo.type",0.0005238927315109
"258",4,"2","Brassicaceae.undiff.",0.000537906894252454
"259",4,"2","Dalea",0.000107581310686842
"260",4,"2","Gomphrena.type",5.3790689425358e-05
"261",4,"2","Lamiaceae",0.000215151355225009
"262",4,"2","Xanthium",0.000161372068276037
"263",4,"2","Fraxinus.nigra.type",0.000753903679538097
"264",4,"2","Polygalaceae",0.000161372068275496
"265",4,"2","Dianthus.type",5.37906894253583e-05
"266",4,"2","Arceuthobium.Loranthaceae",5.37906894252897e-05
"267",4,"2","Sapindus",5.37906894251903e-05
"268",4,"2","Piperaceae.type",0.000107581378850717
"269",4,"2","Picea",5.37906770460598e-05
"270",4,"2","Dalea.candida.type",0.000139137473224154
"271",4,"2","Sambucus",0.000344453277728833
"272",4,"2","Sanguisorba",0.000107581375393173
"273",4,"2","Cyclachaena.xanthiifolia.type",0.00032274413655215
"274",4,"2","Persicaria.amphibia",0.000268953447126791
"275",4,"2","Larix.Pseudotsuga",0.000107581197827877
"276",4,"2","Rubiaceae.undiff.",5.37906893723494e-05
"277",4,"2","Onagraceae",0.000161372068276075
"278",4,"2","Apocynum",5.37906894253583e-05
"279",4,"2","Hedysarum",0.00065743360062336
"280",4,"2","Saxifraga.type",3.26615868469241e-15
"281",4,"2","Tsuga",6.107452600164e-17
"282",4,"2","Polygonum.tenue.type",1.2781433203158e-21
"283",4,"2","Berberidaceae",1.65629874862408e-20
"284",4,"2","Zanthoxylum.type",1.8520106243712e-18
"285",4,"2","Malvaceae",5.37906894253583e-05
"286",4,"2","Avena.type",5.37906894253583e-05
"287",4,"2","Acer.undiff.",0.000161372068276075
"288",4,"2","cf..Oxalis",0.000107581378808399
"289",4,"2","Rosaceae.undiff.",0.000107581378850717
"290",4,"2","Clethra",0.000107581378850715
"291",4,"2","Magnolia",0.000107581378850717
"292",4,"2","cf..Weinmannia",5.37906894253583e-05
"293",4,"2","Gentiana.andrewsii.type",0.000137539632874489
"294",4,"2","Rhamnaceae.undiff.",5.37906894253583e-05
"295",4,"2","Juglans.nigra.type",7.5966035831031e-05
"296",4,"2","Shepherdia.canadensis",5.37906894249201e-05
"297",4,"2","Trifolium.repens.type",4.59480399259842e-35
"298",4,"2","Brassica",4.36793523936319e-53
"299",4,"2","Galium",5.37866891728824e-05
"300",4,"2","Euphorbia",3.26331298394911e-06
"301",4,"2","Solanum.rostratum",9.59310542351267e-07
"302",4,"2","Rutaceae.undiff.",5.37906894253582e-05
"303",4,"2","Cedrus",0.000107581378850717
"304",4,"2","Engelhardia.type",5.37851369443152e-05
"305",4,"2","Moraceae.undiff.",2.14967668690002e-11
"306",4,"2","Cistaceae",5.60455037240538e-12
"307",4,"3","Alnus.incana.type",0.00109150238617192
"308",4,"3","Cyrilla.racemiflora",0.000104588582209021
"309",4,"3","Fraxinus.undiff.",0.00200915529976976
"310",4,"3","Nyssa",0.000477166393917349
"311",4,"3","Asteroideae.undiff.",0.0047625876415251
"312",4,"3","Iva.frutescens.type",0.000647975603976828
"313",4,"3","Byrsonima",5.79570590746323e-05
"314",4,"3","Carya",0.00641184612363617
"315",4,"3","Taxodium",0.00189897316588902
"316",4,"3","Xyris",0.00109350174442509
"317",4,"3","Amaranthaceae.undiff.",0.0262517855547558
"318",4,"3","Myrica",0.012551993492265
"319",4,"3","Cupressaceae.undiff.",0.00392098491506603
"320",4,"3","Cyperaceae",0.00785369638802765
"321",4,"3","Ambrosia.type",0.000141464572046903
"322",4,"3","Pinus",0.850440427029457
"323",4,"3","Quercus",0.0199904914445596
"324",4,"3","Poaceae",0.046131810776213
"325",4,"3","Acer.saccharum.type",0.000271417263687536
"326",4,"3","Ostrya.Carpinus",0.00262634289471525
"327",4,"3","Ulmus",0.00153654741109562
"328",4,"3","Vitis",0.000426409602446941
"329",4,"3","Rhexia.type",0.0013968475494312
"330",4,"3","Podocarpus",0.000104424643746716
"331",4,"3","Polygonum.polygamum.type",6.04651556041081e-05
"332",4,"3","Betula",0.000273708301401314
"333",4,"3","Celtis",0.000310107465751919
"334",4,"3","Cephalanthus",0.000157607527934459
"335",4,"3","Polygonum.delopyrum.type",0.000200685226630766
"336",4,"3","Ericaceae",0.000745971543005325
"337",4,"3","Artemisia",4.65015274128659e-06
"338",4,"3","Liquidambar",0.00152261103624063
"339",4,"3","mimosoid.clade",0.000148469511245273
"340",4,"3","Polygonum.fimbriatum.type",4.71018296051679e-05
"341",4,"3","Rhus",4.50652011216873e-05
"342",4,"3","Urticaceae.undiff.",8.38021175865491e-05
"343",4,"3","Populus",2.94298105095912e-05
"344",4,"3","Chamaecyparis.type",3.82993177984421e-05
"345",4,"3","Apiaceae",0.000250500525653604
"346",4,"3","Salix",0.000302532860058681
"347",4,"3","Tilia",9.57882670648367e-05
"348",4,"3","Chamaecrista.type",9.18443733245491e-05
"349",4,"3","Paronychia.chartacea",1.11632953605466e-06
"350",4,"3","Urtica.type",6.95457796103959e-05
"351",4,"3","Trema",3.42099501950427e-05
"352",4,"3","Acer.rubrum",2.20307817311573e-05
"353",4,"3","Gordonia",0.000136836614022267
"354",4,"3","Chamaecrista.fasciculata.type",0.000117472916092144
"355",4,"3","Ranunculaceae.undiff.",4.11770932127454e-05
"356",4,"3","Ilex",0.000138014337675275
"357",4,"3","Morus",2.73659334107599e-05
"358",4,"3","Tillandsia",6.37612718638024e-06
"359",4,"3","Ceratiola.ericoides.type",0.00014978787073153
"360",4,"3","Combretaceae.Melastomataceae.undiff.",0.000187527996227981
"361",4,"3","Acalypha.type",3.12552313855707e-05
"362",4,"3","cf..Araliaceae",2.53365002373685e-05
"363",4,"3","Urticalean.Rosids.undiff.",0.000105057748860908
"364",4,"3","Fabaceae.undiff.",0.00011273413748366
"365",4,"3","Lechea",1.32803637228684e-05
"366",4,"3","Orchidaceae",0.000166896304743523
"367",4,"3","Taxus",6.11293294496968e-05
"368",4,"3","Bursera",9.376531113811e-05
"369",4,"3","Platanus",0.000166989783557263
"370",4,"3","Ledum.type",6.25104627711346e-05
"371",4,"3","Cichorioideae",5.05306035716136e-05
"372",4,"3","Bromeliaceae",1.52236467255129e-08
"373",4,"3","Anacardiaceae.undiff.",4.0884627193205e-05
"374",4,"3","Impatiens",2.69794427444468e-21
"375",4,"3","Phoradendron",4.46257815810383e-22
"376",4,"3","Campanulaceae",6.17892834114422e-12
"377",4,"3","Beta.vulgaris.type",6.90268313167093e-13
"378",4,"3","Froelichia.type",7.05233390045297e-15
"379",4,"3","Abies",3.98456264422332e-16
"380",4,"3","Dalea.undiff.",2.73754271199605e-15
"381",4,"3","Scrophulariaceae.type",2.08157525491424e-12
"382",4,"3","cf..Physalis",3.62703201691311e-13
"383",4,"3","Thalictrum",2.96427079212608e-09
"384",4,"3","Dodonaea",0.000152874302634354
"385",4,"3","Solanaceae.undiff.",2.44695689169021e-19
"386",4,"3","Dalea.purpurea",1.04530672652492e-14
"387",4,"3","cf..Hypericum",1.55450456986092e-06
"388",4,"3","Lupinus.type",2.92212087337352e-18
"389",4,"3","Paronychia.americana",6.46085480408044e-07
"390",4,"3","Eryngium.type",0.000277699153964017
"391",4,"3","Sisyrinchium",4.9775858208156e-19
"392",4,"3","Fagus",2.65311006717966e-05
"393",4,"3","Myrtaceae.undiff.",5.33604760492033e-05
"394",4,"3","cf..Verbenaceae",6.24526654418896e-10
"395",4,"3","Ludwigia.type",6.71427643412429e-08
"396",4,"3","Gentianaceae.undiff.",1.019841143461e-11
"397",4,"3","Pinaceae..vesiculate..undiff.",1.00217260656319e-37
"398",4,"3","Rumex",1.96282082237426e-16
"399",4,"3","Corylus",2.05507955595653e-16
"400",4,"3","Ceanothus",1.78826462648115e-18
"401",4,"3","Viburnum",4.97550233970167e-19
"402",4,"3","Symplocos",1.97211736431263e-13
"403",4,"3","Plantago",4.50733132729306e-36
"404",4,"3","Caryophyllaceae",1.81495614761489e-22
"405",4,"3","Ximenia",3.98512702242086e-45
"406",4,"3","Osmanthus",4.44939461236337e-27
"407",4,"3","Hedyosmum",3.601766248677e-40
"408",4,"3","Fraxinus.pennsylvanica.type",0.000468785055858319
"409",4,"3","Parthenocissus",1.79834224005664e-06
"410",4,"3","Acer.negundo.type",8.14296778670709e-06
"411",4,"3","Brassicaceae.undiff.",2.97361618017933e-45
"412",4,"3","Dalea",5.89421174994297e-97
"413",4,"3","Gomphrena.type",2.42982972759616e-66
"414",4,"3","Lamiaceae",7.54196108319883e-19
"415",4,"3","Xanthium",1.88390054451845e-54
"416",4,"3","Fraxinus.nigra.type",9.32810796890431e-05
"417",4,"3","Polygalaceae",4.68840423614375e-39
"418",4,"3","Dianthus.type",5.63379311927614e-75
"419",4,"3","Arceuthobium.Loranthaceae",3.9861807837086e-17
"420",4,"3","Sapindus",9.7614424607877e-17
"421",4,"3","Piperaceae.type",1.00033567805899e-23
"422",4,"3","Picea",1.47467519213069e-46
"423",4,"3","Dalea.candida.type",1.29194739823139e-05
"424",4,"3","Sambucus",1.86410738437831e-05
"425",4,"3","Sanguisorba",1.46802898742329e-41
"426",4,"3","Cyclachaena.xanthiifolia.type",2.51959183979829e-59
"427",4,"3","Persicaria.amphibia",6.0892945308171e-40
"428",4,"3","Larix.Pseudotsuga",1.05183829982093e-10
"429",4,"3","Rubiaceae.undiff.",1.78256728383601e-74
"430",4,"3","Onagraceae",2.59344675263472e-19
"431",4,"3","Apocynum",3.581944376738e-57
"432",4,"3","Hedysarum",0.000118035318165794
"433",4,"3","Saxifraga.type",3.12552313836729e-05
"434",4,"3","Tsuga",9.37656941566766e-05
"435",4,"3","Polygonum.tenue.type",3.12552313855707e-05
"436",4,"3","Berberidaceae",3.12552313855707e-05
"437",4,"3","Zanthoxylum.type",3.12552313855696e-05
"438",4,"3","Malvaceae",2.12376064575544e-37
"439",4,"3","Avena.type",8.77982354237756e-38
"440",4,"3","Acer.undiff.",4.64242584146703e-53
"441",4,"3","cf..Oxalis",2.35327867385805e-30
"442",4,"3","Rosaceae.undiff.",1.28195133281795e-36
"443",4,"3","Clethra",5.93331582785342e-38
"444",4,"3","Magnolia",3.0892824204216e-53
"445",4,"3","cf..Weinmannia",1.87855800264144e-56
"446",4,"3","Gentiana.andrewsii.type",1.38479036226496e-05
"447",4,"3","Rhamnaceae.undiff.",5.07774455660167e-55
"448",4,"3","Juglans.nigra.type",1.30103717722565e-07
"449",4,"3","Shepherdia.canadensis",2.46951748126409e-16
"450",4,"3","Trifolium.repens.type",3.12552313855707e-05
"451",4,"3","Brassica",3.12552313855707e-05
"452",4,"3","Galium",9.22072881126304e-28
"453",4,"3","Euphorbia",3.86885149964018e-17
"454",4,"3","Solanum.rostratum",1.53833396232343e-17
"455",4,"3","Rutaceae.undiff.",8.09025717804139e-54
"456",4,"3","Cedrus",3.30369947718202e-53
"457",4,"3","Engelhardia.type",6.34230662960162e-38
"458",4,"3","Moraceae.undiff.",3.78808920706476e-60
"459",4,"3","Cistaceae",1.11920635524467e-44
"460",4,"4","Alnus.incana.type",0.0023477272057509
"461",4,"4","Cyrilla.racemiflora",1.20835994735973e-07
"462",4,"4","Fraxinus.undiff.",0.00525061987757482
"463",4,"4","Nyssa",6.15705049228768e-07
"464",4,"4","Asteroideae.undiff.",0.0137275366999616
"465",4,"4","Iva.frutescens.type",0.0112447660329729
"466",4,"4","Byrsonima",1.73582169479186e-08
"467",4,"4","Carya",0.013160366101517
"468",4,"4","Taxodium",6.68073993030645e-05
"469",4,"4","Xyris",0.000734587424775364
"470",4,"4","Amaranthaceae.undiff.",0.0189987858571726
"471",4,"4","Myrica",0.00096446544627205
"472",4,"4","Cupressaceae.undiff.",0.00891277609202974
"473",4,"4","Cyperaceae",0.0113313513777223
"474",4,"4","Ambrosia.type",0.0591728992956758
"475",4,"4","Pinus",0.0814820332776596
"476",4,"4","Quercus",0.722158501681123
"477",4,"4","Poaceae",0.0114470163576754
"478",4,"4","Acer.saccharum.type",0.00131793522554943
"479",4,"4","Ostrya.Carpinus",0.00416279312276248
"480",4,"4","Ulmus",0.0133314722346462
"481",4,"4","Vitis",0.000758351495912934
"482",4,"4","Rhexia.type",0.000146016822934897
"483",4,"4","Podocarpus",0.000134443360958912
"484",4,"4","Polygonum.polygamum.type",3.99620469296701e-05
"485",4,"4","Betula",0.000880141194388069
"486",4,"4","Celtis",0.00361151918081666
"487",4,"4","Cephalanthus",5.59930175592439e-14
"488",4,"4","Polygonum.delopyrum.type",0.000692528282970819
"489",4,"4","Ericaceae",2.80623843043581e-07
"490",4,"4","Artemisia",0.00362069791110046
"491",4,"4","Liquidambar",0.000946977037866513
"492",4,"4","mimosoid.clade",1.15515173677524e-06
"493",4,"4","Polygonum.fimbriatum.type",2.02505492289805e-08
"494",4,"4","Rhus",8.13720074851403e-05
"495",4,"4","Urticaceae.undiff.",0.000147746053601106
"496",4,"4","Populus",5.52735775778421e-05
"497",4,"4","Chamaecyparis.type",6.51162182068937e-20
"498",4,"4","Apiaceae",2.13944902015568e-06
"499",4,"4","Salix",0.000590666369651699
"500",4,"4","Tilia",0.00019683712245414
"501",4,"4","Chamaecrista.type",0.000522861288024852
"502",4,"4","Paronychia.chartacea",1.77202788679549e-05
"503",4,"4","Urtica.type",5.693247296887e-07
"504",4,"4","Trema",2.82330717426559e-19
"505",4,"4","Acer.rubrum",2.45910803569883e-16
"506",4,"4","Gordonia",7.61201374300243e-07
"507",4,"4","Chamaecrista.fasciculata.type",0.00117289754133197
"508",4,"4","Ranunculaceae.undiff.",6.67697213309441e-06
"509",4,"4","Ilex",4.75416922605758e-08
"510",4,"4","Morus",0.000827625853906931
"511",4,"4","Tillandsia",9.31499731356142e-13
"512",4,"4","Ceratiola.ericoides.type",1.47216997027311e-09
"513",4,"4","Combretaceae.Melastomataceae.undiff.",1.34747482286413e-09
"514",4,"4","Acalypha.type",6.82084600226574e-60
"515",4,"4","cf..Araliaceae",9.87343166674776e-20
"516",4,"4","Urticalean.Rosids.undiff.",0.000370178588123497
"517",4,"4","Fabaceae.undiff.",0.000118280148515774
"518",4,"4","Lechea",0.000317280322257522
"519",4,"4","Orchidaceae",9.09999588970477e-13
"520",4,"4","Taxus",1.80162161992112e-07
"521",4,"4","Bursera",7.95240135668815e-15
"522",4,"4","Platanus",0.000569928749289069
"523",4,"4","Ledum.type",3.53811959423768e-25
"524",4,"4","Cichorioideae",8.48210979364362e-09
"525",4,"4","Bromeliaceae",0.000148647804885049
"526",4,"4","Anacardiaceae.undiff.",7.68493522671272e-06
"527",4,"4","Impatiens",3.03663779937035e-05
"528",4,"4","Phoradendron",2.33299191749902e-19
"529",4,"4","Campanulaceae",7.6820194251067e-18
"530",4,"4","Beta.vulgaris.type",1.40742271151827e-10
"531",4,"4","Froelichia.type",7.01873988067651e-10
"532",4,"4","Abies",9.15334118284859e-10
"533",4,"4","Dalea.undiff.",4.41267405877597e-10
"534",4,"4","Scrophulariaceae.type",3.35667921917533e-10
"535",4,"4","cf..Physalis",1.95094777310388e-11
"536",4,"4","Thalictrum",1.59170431404678e-07
"537",4,"4","Dodonaea",0.00101539281976797
"538",4,"4","Solanaceae.undiff.",2.0961640947379e-05
"539",4,"4","Dalea.purpurea",6.0513345084655e-12
"540",4,"4","cf..Hypericum",0.000229902773323924
"541",4,"4","Lupinus.type",2.98989480971202e-20
"542",4,"4","Paronychia.americana",0.000109611231693293
"543",4,"4","Eryngium.type",2.10071400207909e-10
"544",4,"4","Sisyrinchium",5.90047038244462e-08
"545",4,"4","Fagus",0.00121132140759159
"546",4,"4","Myrtaceae.undiff.",0.000108386888204356
"547",4,"4","cf..Verbenaceae",3.02102800640399e-13
"548",4,"4","Ludwigia.type",2.95526898378188e-13
"549",4,"4","Gentianaceae.undiff.",2.77817963391535e-15
"550",4,"4","Pinaceae..vesiculate..undiff.",0.000255793062237128
"551",4,"4","Rumex",5.29643362450136e-05
"552",4,"4","Corylus",7.86115978061694e-05
"553",4,"4","Ceanothus",0.000417788247813242
"554",4,"4","Viburnum",0.000202680083732634
"555",4,"4","Symplocos",1.61783952720516e-05
"556",4,"4","Plantago",1.60643475360762e-16
"557",4,"4","Caryophyllaceae",6.75842989590389e-05
"558",4,"4","Ximenia",0.000104447061963064
"559",4,"4","Osmanthus",5.82445778734246e-12
"560",4,"4","Hedyosmum",5.22235309827359e-05
"561",4,"4","Fraxinus.pennsylvanica.type",4.48553569145756e-12
"562",4,"4","Parthenocissus",1.80940862011141e-06
"563",4,"4","Acer.negundo.type",1.49025591553943e-12
"564",4,"4","Brassicaceae.undiff.",1.09593628121058e-15
"565",4,"4","Dalea",6.61779620784375e-11
"566",4,"4","Gomphrena.type",2.99914786863025e-19
"567",4,"4","Lamiaceae",2.89683762414712e-11
"568",4,"4","Xanthium",3.63564466658872e-17
"569",4,"4","Fraxinus.nigra.type",1.25210173818861e-15
"570",4,"4","Polygalaceae",5.62316256903417e-16
"571",4,"4","Dianthus.type",1.15580637973094e-22
"572",4,"4","Arceuthobium.Loranthaceae",4.32533601106295e-28
"573",4,"4","Sapindus",1.94091767888215e-28
"574",4,"4","Piperaceae.type",1.62012917574524e-27
"575",4,"4","Picea",1.05738009359823e-15
"576",4,"4","Dalea.candida.type",1.4002883178407e-17
"577",4,"4","Sambucus",3.19681137439784e-16
"578",4,"4","Sanguisorba",3.3428550390024e-12
"579",4,"4","Cyclachaena.xanthiifolia.type",9.54351477581678e-25
"580",4,"4","Persicaria.amphibia",6.30637352144576e-22
"581",4,"4","Larix.Pseudotsuga",2.09525453088215e-21
"582",4,"4","Rubiaceae.undiff.",5.14645506404088e-14
"583",4,"4","Onagraceae",5.65226752038284e-21
"584",4,"4","Apocynum",2.26360490568816e-21
"585",4,"4","Hedysarum",2.42612582716713e-09
"586",4,"4","Saxifraga.type",2.85925268478793e-43
"587",4,"4","Tsuga",1.58236813465752e-32
"588",4,"4","Polygonum.tenue.type",5.72659864148586e-31
"589",4,"4","Berberidaceae",2.04423624380188e-30
"590",4,"4","Zanthoxylum.type",3.01822252000935e-36
"591",4,"4","Malvaceae",3.0672509208143e-29
"592",4,"4","Avena.type",4.72231318045124e-30
"593",4,"4","Acer.undiff.",4.29813109479724e-31
"594",4,"4","cf..Oxalis",2.28192046324544e-14
"595",4,"4","Rosaceae.undiff.",2.46063939453918e-24
"596",4,"4","Clethra",1.08316309386899e-22
"597",4,"4","Magnolia",1.58053461573627e-42
"598",4,"4","cf..Weinmannia",5.98999264296551e-36
"599",4,"4","Gentiana.andrewsii.type",8.50886654735216e-34
"600",4,"4","Rhamnaceae.undiff.",1.38838553556893e-32
"601",4,"4","Juglans.nigra.type",0.000118631619208844
"602",4,"4","Shepherdia.canadensis",1.55594142017913e-22
"603",4,"4","Trifolium.repens.type",1.22037153473069e-40
"604",4,"4","Brassica",9.68066593621478e-42
"605",4,"4","Galium",1.14845502616034e-10
"606",4,"4","Euphorbia",1.65938752582535e-11
"607",4,"4","Solanum.rostratum",3.04435597682786e-12
"608",4,"4","Rutaceae.undiff.",1.2336085969812e-30
"609",4,"4","Cedrus",1.65393137474403e-31
"610",4,"4","Engelhardia.type",3.86185328016891e-13
"611",4,"4","Moraceae.undiff.",5.22235100996381e-05
"612",4,"4","Cistaceae",5.22235245351215e-05
