"","depth_core","median_age","Delitschia","Sporormiella","Podospora","Sordaria","Lycopodium","Tracer_Added","OCFS_total","OCFS_conc","total_counted","best_estimate","Q2.5","Q5","Q25","Q50","Q75","Q95","Q97.5"
"1",20,226,0,0,1,1,116,14285,2,246.293103448276,118,246.293103448275,62.9478843681864,107.323731517454,225.7444760293,365.234729944146,530.420699633716,778.382387177611,781.02232717523
"2",52,619,0,0,0,0,167,14285,0,0,167,NA,NA,NA,NA,NA,NA,NA,NA
"3",84,1024.5,0,0,0,1,192,14285,1,74.4010416666667,193,74.4010416666656,60.7273985058418,61.9884486327646,77.1409201616189,114.239508934086,220.254376345547,356.432083254727,364.883112953068
"4",116,1627.5,0,0,0,0,75,14285,0,0,75,NA,NA,NA,NA,NA,NA,NA,NA
"5",148,2317,0,1,0,0,58,14285,1,246.293103448276,59,246.293103448275,76.573875771981,134.799292160128,243.834412033902,561.899982548668,915.188999333186,1398.63103899787,1446.81033019486
"6",180,2996,0,2,0,0,91,14285,2,313.956043956044,93,313.956043956043,97.16333078756,165.586015672423,329.745298622176,461.989735333482,669.755162764806,916.00857557659,1065.85967133846
"7",392,10170,0,0,0,0,54,14285,0,0,54,NA,NA,NA,NA,NA,NA,NA,NA
"8",408,11195,0,0,0,0,46,14285,0,0,46,NA,NA,NA,NA,NA,NA,NA,NA
"9",424,12059,0,0,0,0,42,14285,0,0,42,NA,NA,NA,NA,NA,NA,NA,NA
"10",291,12131,0,0,1,0,60,14285,1,238.083333333333,61,238.083333333332,119.818695097318,127.707292365551,260.337147393147,360.835644492181,716.733550055651,1195.63636082277,1335.57006885851
"11",307,12419.5,0,0,0,0,95,14285,0,0,95,NA,NA,NA,NA,NA,NA,NA,NA
"12",323,12708.5,0,0,0,1,47,14285,1,303.936170212766,48,303.936170212768,127.355805243982,158.891351849935,335.3900142567,586.573259018944,980.768304894911,1733.79176641763,2002.39367623887
"13",331,12866,1,3,0,0,71,14285,4,804.788732394366,75,804.788732394365,296.201016900991,340.658960119961,714.711193902825,971.935158245615,1510.3343852571,2196.10777755612,2488.0757353018
"14",347,13298.5,0,1,0,0,67,14285,1,213.208955223881,68,213.208955223881,95.5967616572976,103.76742259746,194.677018938353,382.219879242592,561.156117110164,773.861548038944,902.547186451801
"15",363,13661,1,6,0,2,47,14285,9,2735.42553191489,56,2735.42553191489,1436.90736667627,1573.48977247899,2378.14838374499,3125.87981663365,3870.96416121186,5318.69826955438,5861.55782254276
"16",379,14129,1,6,0,2,37,14285,9,3474.72972972973,46,3474.72972972973,1429.85576274276,2225.86559059689,3018.99396569154,3628.37519915006,4620.0956846638,6649.63816024085,7662.79506808575
"17",395,14684.5,3,4,0,3,33,14285,10,4328.78787878788,43,4328.78787878788,2281.46706887371,2640.33500929461,3811.34843798517,4842.43844352523,6260.7491729313,8488.3051738854,9117.28331920261
"18",427,15696,4,2,0,0,42,14285,6,2040.71428571429,48,2040.71428571428,831.372512325266,979.858125511673,1814.60457618587,2264.90039368579,2861.36065164447,4539.79960265727,5131.42363400641
"19",443,16077,15,16,0,1,112,14285,32,4081.42857142857,144,4081.42857142857,2735.26248433955,2988.45020966982,3705.65549333364,4252.92374764639,4785.62015613914,5671.00506718133,5964.54878694416
"20",451,16321,3,5,0,1,87,14285,9,1477.75862068966,96,1477.75862068965,833.173791646957,890.704213493387,1256.72050993203,1577.06319584092,2056.58764962223,2813.01141896038,2899.65463373991
"21",475,16797,2,3,0,1,40,14285,6,2142.75,46,2142.75,987.821634264628,1074.46593346687,1785.89871215844,2466.93297189125,3249.81722824916,4439.44230873696,4999.96616781698
"22",491,17100.5,0,14,0,1,82,14285,15,2613.10975609756,97,2613.10975609756,1415.56087919214,1559.26675610128,2190.51853507839,2731.96122663561,3257.42278880125,4165.05290064344,4481.95207818429
"23",507,17650.5,8,23,0,4,86,14285,35,5813.66279069767,121,5813.66279069768,4216.00859763025,4442.68488781387,5511.07950464753,6123.4270172948,6819.65247516416,8367.97651355504,8587.813664691
"24",532,18019,5,12,0,2,66,14285,19,4112.34848484848,85,4112.34848484848,2659.30399671016,2834.48313907606,3721.60819680069,4383.70240365178,5292.33206878591,6443.73158732313,6792.30683224726
"25",531,18004.5,1,6,0,0,19,14285,7,5262.8947368421,26,5262.89473684211,2736.58151752199,3151.45052473154,4491.19579449249,6109.34774772171,8056.54848752124,12405.508651796,13812.5960476415
"26",547,18381,2,9,1,2,86,14285,14,2325.46511627907,100,2325.46511627907,1408.17421119417,1517.37811550775,2050.53125055484,2450.3628951665,2938.89292994561,3824.70311877234,4001.53835298498
"27",563,18630,7,25,2,3,267,41696,37,5778.09737827715,304,5778.09737827716,4385.82280166226,4722.26560189831,5499.97090998478,6256.28257246129,6911.44498496247,7827.34735537437,8526.39755738573
"28",579,19025.5,10,47,2,4,159,41696,63,16521.0566037736,222,16521.0566037736,12581.8043022735,13074.0723271525,14791.9194800043,16830.8780774334,18290.8503652895,20817.866508683,21372.9719914703
"29",595,19690.5,6,17,2,3,31,41696,28,37660.9032258065,59,37660.9032258064,22945.0331971964,25908.6216627386,34230.184431411,40692.4188718721,47666.8442494455,63630.5462030995,69836.3556405712
"30",611,20336.5,14,60,5,4,284,41696,83,12185.8028169014,367,12185.8028169014,9190.14630869147,9754.0481951572,11136.9887515721,12199.5752170403,13421.1349325632,14475.1237335918,15208.8153704684
"31",627,20989,7,43,2,8,226,41696,60,11069.7345132743,286,11069.7345132743,8570.53546133732,9178.04345105134,10073.4339393284,11015.3806293409,11887.6403035145,13173.2161286702,14415.2579204792
"32",635,21477.5,13,30,5,2,260,41696,50,8018.46153846154,310,8018.46153846154,6176.17940584416,6658.96034742943,7546.65171811567,8590.68397811847,9405.11413220339,10490.150393044,11136.1959387393
"33",651,21954,4,10,1,3,40,41696,18,18763.2,58,18763.2,11089.7796456791,12697.4538282961,16777.3821903157,20497.2137694916,24622.6173739004,30632.3709830616,31961.0101124496
"34",667,22753,5,28,1,4,79,41696,38,20056.3037974684,117,20056.3037974684,14246.9487686206,14747.975025943,17940.88790412,20670.5568965682,23076.2537039284,27857.1020710714,31141.6178110494
"35",683,23752,3,8,0,1,159,41696,12,3146.8679245283,171,3146.8679245283,1247.98090664926,1363.21474796331,2729.99170401448,3305.40446517197,3763.86360383744,4987.53315305836,5753.99314143582
"36",699,24379,4,5,2,0,91,41696,11,5040.17582417582,102,5040.17582417582,3021.74082279147,3414.0197347186,4158.28519790433,5141.62277805619,6412.33245937852,7755.61027870839,7920.71353064559
"37",715,25081,2,2,1,6,110,41696,11,4169.6,121,4169.6,2103.56144700572,2325.80039682882,3201.95183914388,4153.51823431021,5073.52218472376,7571.03925920408,8279.34467733307
"38",723,25286.5,0,0,0,0,68,41696,0,0,68,NA,NA,NA,NA,NA,NA,NA,NA
"39",739,25751,5,7,3,2,278,41696,17,2549.75539568345,295,2549.75539568346,1708.44355436438,1923.01106687274,2207.99525792233,2369.38273323979,2824.6351477619,3681.06080198858,3936.63294916187
"40",747,25956.5,2,20,4,3,313,41696,29,3863.20766773163,342,3863.20766773163,2886.84636332747,3049.35928330058,3700.0415791804,4056.27731991466,4610.62156641623,5326.52806557575,5704.65205816925
"41",763,26380.5,1,20,1,2,116,41696,24,8626.75862068966,140,8626.75862068965,5371.35881667011,5986.84999721972,7515.0781075554,9024.42234772723,10160.864977919,11531.1372993893,11941.3338103421
"42",779,26813.5,1,10,5,0,119,41696,16,5606.18487394958,135,5606.18487394958,3479.47776646593,3593.35878439501,4416.72116093617,5825.72973875236,6809.90775197675,8330.01939038527,9063.64625189068
"43",795,27413,3,26,4,2,166,41696,35,8791.32530120482,201,8791.32530120482,6355.81792132522,6741.32095492934,8295.88817122485,9188.27242485201,10177.3531158925,11373.762243595,11655.0392201968
"44",811,28292.5,1,11,0,3,126,41696,15,4963.80952380952,141,4963.80952380952,2961.98873159848,3075.64195930371,4626.2791506683,5624.21150663216,6402.51513499208,7764.362157465,8782.94214624015
"45",827,29095,2,7,2,0,79,41696,11,5805.77215189873,90,5805.77215189874,3484.82819449122,3863.81754633447,5124.17633515433,6365.19677673117,8500.92221233121,11036.5653208219,11389.0644325645
"46",843,29916.5,2,10,1,3,149,41696,16,4477.42281879195,165,4477.42281879194,2834.4467019171,3074.22849835212,4062.90280087997,4968.41747667559,5818.81008022168,6654.66754288752,7467.80821558819
"47",859,30703,2,7,1,1,213,41696,11,2153.31455399061,224,2153.31455399061,1231.38499980443,1264.42836168723,1839.2985907275,2461.63722164906,3077.39256239973,3852.40290045482,4051.93450380798
"48",867,31139.5,6,11,5,4,121,14285,26,3069.50413223141,147,3069.5041322314,1952.6244058195,2212.34317553835,2704.13731820718,3136.16901130043,3673.46401127451,4336.6917352621,4558.93743288913
"49",875,31589,0,2,3,1,108,41696,6,2316.44444444444,114,2316.44444444445,1470.58762676233,1564.0878296865,2065.53719238983,2714.42087579914,3578.20650753396,4876.89261638643,5272.89166869204
"50",891,32358.5,4,5,1,3,31,41696,13,17485.4193548387,44,17485.4193548387,9560.62446838903,10224.9039496947,14976.8094346357,19628.6190519361,23900.7087482037,32490.8038496803,34766.712341751
"51",907,33425,8,13,1,5,198,41696,27,5685.81818181818,225,5685.81818181819,4238.920446584,4404.3531680109,5013.39338240586,6018.02105885418,6484.46178029617,7100.057726184,7397.32154255961
"52",923,34189,6,15,2,5,171,41696,28,6827.41520467836,199,6827.41520467836,4692.44396443206,4851.30470491541,5920.83090941887,6898.78283228958,8124.20463217981,10336.2662510012,10739.7254478538
"53",931,34549.5,2,9,1,3,195,41696,15,3207.38461538462,210,3207.38461538461,1704.93864494995,1797.58934483682,2918.6591061072,3241.59364175959,3727.36431341688,4836.37151327077,5012.30592306247
"54",947,35278,1,7,0,1,60,41696,9,6254.4,69,6254.40000000001,3478.62817050086,3752.62986051561,5352.61035621329,6493.91968009528,8737.193094305,12165.2962355771,15021.6005430764
"55",963,36008,6,13,5,0,81,41696,24,12354.3703703704,105,12354.3703703704,7645.44595903717,8486.41217263788,10766.7704683472,12349.6273959184,15033.7511653954,18865.0138724323,19890.7765619801
"56",979,36751.5,14,19,7,2,103,41696,42,17002.2524271845,145,17002.2524271845,12190.0720007042,12745.0221889456,15549.6183076135,17662.8128210369,19859.8564379781,24104.071599195,24987.4524770818
"57",1011,38232,1,1,1,0,52,41696,3,2405.53846153846,55,2405.53846153846,879.182197657879,1185.999166389,2375.18260428566,3293.33297459409,4380.1928394218,6611.35589716583,7696.11795692239
"58",1027,39023.5,2,4,1,1,144,41696,8,2316.44444444444,152,2316.44444444445,1175.58380689008,1400.94494507208,2193.48725350475,2829.5137777318,3470.45744238392,4960.32141423189,5474.75391072159
"59",1035,39454,2,2,2,2,111,14285,8,1029.54954954955,119,1029.54954954955,646.098177565786,720.293846673216,1026.11947058956,1187.62048763107,1499.57194430288,1861.66965673468,2098.89924530365
"60",1051,40116,3,5,1,0,56,14285,9,2295.80357142857,65,2295.80357142857,1438.83603286045,1551.81813782081,1903.04885288409,2377.38110522856,3078.72593374515,4338.97875901556,4955.62659354665
"61",1067,40744,0,6,4,0,193,14285,10,740.155440414508,203,740.155440414507,381.025837822526,419.763782930211,554.04045693262,759.16182581149,938.932647725567,1197.13924671913,1220.04192069976
"62",1082,41705,2,5,0,1,108,14285,8,1058.14814814815,116,1058.14814814815,616.73242210527,652.821726088878,917.783338332782,1215.74930471834,1524.72737476509,1951.18136643665,2492.16829976323
"63",1116,43235,1,6,2,3,48,14285,12,3571.25,60,3571.25,2030.16122950707,2273.76598869916,3113.10404676944,3913.27535787597,4802.49807596672,6243.98023524787,6821.89204730233
"64",1132,43926,1,1,0,2,37,14285,4,1544.32432432432,41,1544.32432432432,661.308025485137,751.506193688605,1227.55119465524,1878.78993116552,2625.80095167737,3922.75758782122,4111.79947494681
"65",1147,44541.5,3,12,0,0,67,14285,15,3198.13432835821,82,3198.13432835821,1901.71783043227,1997.77338924863,2680.34440435888,3397.58423796471,4111.26377795264,4932.87627014767,5212.40299452297
"66",1163,45271,2,7,1,3,66,14285,13,2813.71212121212,79,2813.71212121212,1552.69844892895,1872.60890791775,2402.63567462121,3007.98536888743,3555.86014116998,4739.78964776499,4918.2057092936
"67",1195,46728.5,0,10,1,0,161,14285,11,975.993788819876,172,975.993788819876,575.934259886783,701.871198030049,888.761016604258,1072.77060569916,1284.08315256285,1595.25217307573,1752.67510104519
"68",1213,47584,2,10,6,5,84,14285,23,3911.36904761905,107,3911.36904761905,2571.67954262076,2649.04929841887,3470.94033700973,4132.62047708826,4759.03196989093,5859.73125033136,5962.04439260512
"69",1229,48217.5,0,2,0,0,83,14285,2,344.21686746988,85,344.216867469881,105.329522200057,165.540486106335,292.128287830797,389.896160544944,711.924155222194,1221.57255638832,1546.49759716094
"70",1243,48953.5,1,3,1,0,65,14285,5,1098.84615384615,70,1098.84615384615,447.191867363139,577.100185887876,914.702630855318,1246.62580846925,1609.61667068803,2037.94607263967,2304.98672674326
"71",1259,49593.5,0,6,2,2,93,14285,10,1536.02150537634,103,1536.02150537634,845.738465791312,930.101103164768,1317.8690505845,1657.39713110379,2165.45222088054,2652.77694151313,2746.97205572159
"72",1275,50369,1,7,0,0,56,14285,8,2040.71428571429,64,2040.71428571428,958.161922446115,1113.02582053619,1660.84245878767,2338.57850761176,2876.20871335786,3733.97079562324,3904.46287841015
"73",1291,51689.5,1,3,1,1,81,14285,6,1058.14814814815,87,1058.14814814815,717.371127429698,765.898547660932,923.747036004905,1155.08075392619,1532.97968724486,2226.36693890998,2294.37888345052
"74",1307,52555,1,2,0,0,59,14285,3,726.35593220339,62,726.355932203388,267.079797088075,376.572988257464,611.427838676143,869.599329424091,1293.68306691712,1897.89301199242,2109.71384032597
"75",1323,53455.5,2,7,0,1,46,14285,10,3105.4347826087,56,3105.4347826087,1723.31958561455,1822.50835370424,2824.47007169889,3482.45295005268,4470.47350545239,5775.88829287619,6029.1912003475
"76",1331,53890.5,6,12,3,2,194,14285,23,1693.5824742268,217,1693.5824742268,1150.24271323755,1211.60213478282,1532.7209029533,1776.22391355038,2018.29437361285,2543.88063833937,2710.141027027
"77",1363,55790.5,0,0,0,0,94,14285,0,0,94,NA,NA,NA,NA,NA,NA,NA,NA
"78",1379,56749.5,2,0,0,1,114,14285,3,375.921052631579,117,375.92105263158,192.274987571628,212.563968491089,318.83158606186,472.404167514993,699.100448013982,914.307429951755,995.453207048401
"79",1411,58625,1,1,0,0,69,14285,2,414.057971014493,71,414.057971014491,100.34425690028,150.21259613568,383.148653287208,503.962607792346,670.617362535268,1219.12478167505,1309.77988918166
"80",1433,59981,0,1,1,1,77,14285,3,556.558441558442,80,556.55844155844,251.100864771567,303.528069663979,534.950277766213,709.416467561387,871.270781441126,1270.04218862513,1364.89298162307
"81",1451,60653,0,9,2,1,68,14285,12,2520.88235294118,80,2520.88235294118,1284.21248062765,1434.81792638714,2142.43219047925,2662.3003100669,3267.92282142013,3913.44440899563,4218.90632436413
"82",1467,61214.5,1,5,1,0,89,14285,7,1123.5393258427,96,1123.5393258427,727.288337728009,836.888241703855,1011.46397204837,1329.40398822539,1711.20415321318,2381.82832291676,2404.23018779664
"83",1483,61796.5,0,1,0,0,81,14285,1,176.358024691358,82,176.358024691359,68.4355408389471,68.9787072610576,188.99533442629,307.039329902967,444.463918941794,717.426386178727,803.201956256397
"84",1499,62403,0,2,1,0,97,14285,3,441.80412371134,100,441.804123711342,198.196755652083,202.742395945825,396.013412282104,521.485349205788,765.574185025413,1064.44454429857,1203.85804344824
"85",1515,62991,0,1,0,0,60,14285,1,238.083333333333,61,238.083333333332,74.5568104349659,106.618458984711,297.692246712686,458.586388545809,718.154190216155,1117.64179424592,1279.83604788769
"86",1547,64165.5,0,2,0,2,88,14285,4,649.318181818182,92,649.318181818181,310.791163869435,388.645157457027,522.107953812112,721.536838696804,1030.88468696002,1614.65906720799,1847.35718046443
"87",1563,64719.5,0,0,0,2,68,14285,2,420.147058823529,70,420.147058823531,169.915086148091,183.449402672774,370.61221972917,599.632497695158,841.074378790741,1195.79174834533,1217.4764042209
