"","core","drive","depth_core","totalHolDepth","depth_composite","median_age","quant_5perc","quant_95perc","accu_rate"
"1","7A","1B",0,0,0,-62,-74,-41,0
"2","7A","1B",1,1,1,-41,-64,71,21
"3","7A","1B",2,2,2,-25,-59,133.05,16
"4","7A","1B",3,3,3,-8,-54,172,17
"5","7A","1B",4,4,4,7.5,-49,194.1,15.5
"6","7A","1B",5,5,5,23,-45,220,15.5
"7","7A","1B",6,6,6,36.5,-41,245.1,13.5
"8","7A","1B",7,7,7,49,-38,268.2,12.5
"9","7A","1B",8,8,8,64,-34.05,295.05,15
"10","7A","1B",9,9,9,79.5,-31,315.1,15.5
"11","7A","1B",10,10,10,93,-27,339.1,13.5
"12","7A","1B",11,11,11,104,-24,361.05,11
"13","7A","1B",12,12,12,116.5,-20,375,12.5
"14","7A","1B",13,13,13,132.5,-16,391,16
"15","7A","1B",14,14,14,145.5,-12,410,13
"16","7A","1B",15,15,15,158.5,-9,432.05,13
"17","7A","1B",16,16,16,171.5,-3.05,447.05,13
"18","7A","1B",17,17,17,187,0.950000000000003,466,15.5
"19","7A","1B",18,18,18,199,6,493.05,12
"20","7A","1B",19,19,19,211,9.95,506,12
"21","7A","1B",20,20,20,226,14.95,516.2,15
"22","7A","1B",21,21,21,238,18.95,535.1,12
"23","7A","1B",22,22,22,250.5,23.95,549.35,12.5
"24","7A","1B",23,23,23,264.5,30.95,568.15,14
"25","7A","1B",24,24,24,279,38,583.15,14.5
"26","7A","1B",25,25,25,289,44.9,595.1,10
"27","7A","1B",26,26,26,301,51.95,613.35,12
"28","7A","1B",27,27,27,314.5,59.9,633.25,13.5
"29","7A","1B",28,28,28,324,65,653.2,9.5
"30","7A","1B",29,29,29,335.5,72.95,675.05,11.5
"31","7A","1B",30,30,30,349,76.95,686.05,13.5
"32","7A","1B",31,31,31,362,84,703.1,13
"33","7A","1B",32,32,32,374.5,91,721.05,12.5
"34","7A","1B",33,33,33,383,98.95,727.2,8.5
"35","7A","1B",34,34,34,395.5,117,735.15,12.5
"36","7A","1B",35,35,35,414,124.75,749.2,18.5
"37","7A","1B",36,36,36,427.5,135,762.05,13.5
"38","7A","1B",37,37,37,439,145.85,770.15,11.5
"39","7A","1B",38,38,38,451.5,151,783,12.5
"40","7A","1B",39,39,39,462,160,792,10.5
"41","7A","1B",40,40,40,476.5,171.7,804,14.5
"42","7A","1B",41,41,41,489,180.9,813.1,12.5
"43","7A","1B",42,42,42,499.5,188.9,838.05,10.5
"44","7A","1B",43,43,43,516,198.95,858.549999999999,16.5
"45","7A","1B",44,44,44,523,214.95,877.05,7
"46","7A","1B",45,45,45,537,222,886.1,14
"47","7A","1B",46,46,46,546.5,237.85,892.1,9.5
"48","7A","1B",47,47,47,560,252,904,13.5
"49","7A","1B",48,48,48,570.5,259.85,911.1,10.5
"50","7A","1B",49,49,49,583,276.5,922,12.5
"51","7A","1B",50,50,50,596.5,283.95,928,13.5
"52","7A","1B",51,51,51,608.5,297,942,12
"53","7A","1B",52,52,52,619,309.8,948.05,10.5
"54","7A","1B",53,53,53,632.5,317.95,955.05,13.5
"55","7A","1B",54,54,54,646.5,325,962.05,14
"56","7A","1B",55,55,55,658.5,335,976.05,12
"57","7A","1B",56,56,56,671,343.95,989.05,12.5
"58","7A","1B",57,57,57,681,352,1001.05,10
"59","7A","1B",58,58,58,694.5,367.9,1006,13.5
"60","7A","1B",59,59,59,706.5,385.75,1014,12
"61","7A","1B",60,60,60,718,393,1020.1,11.5
"62","7A","1B",61,61,61,731,404.7,1026.15,13
"63","7A","1B",62,62,62,744.5,419,1030.05,13.5
"64","7A","1B",63,63,63,757,428.95,1041.1,12.5
"65","7A","1B",64,64,64,769.5,439.95,1051.1,12.5
"66","7A","1B",65,65,65,785,452,1061.05,15.5
"67","7A","1B",66,66,66,800,459.95,1069,15
"68","7A","1B",67,67,67,813.5,470.95,1079.05,13.5
"69","7A","1B",68,68,68,825.5,475.95,1088,12
"70","7A","1B",69,69,69,839,484,1094.05,13.5
"71","7A","1B",70,70,70,850.5,493,1105.15,11.5
"72","7A","1B",71,71,71,862,506,1113.05,11.5
"73","7A","1B",72,72,72,874,517.9,1121.05,12
"74","7A","1B",73,73,73,887.5,533.75,1124.05,13.5
"75","7A","1B",74,74,74,899.5,560.45,1133,12
"76","7A","1B",75,75,75,911,589.85,1138.1,11.5
"77","7A","1B",76,76,76,922,607.9,1146,11
"78","7A","1B",77,77,77,935.5,618.85,1150.05,13.5
"79","7A","1B",78,78,78,946.5,629,1156,11
"80","7A","1B",79,79,79,958,645.9,1162.05,11.5
"81","7A","1B",80,80,80,971.5,662.95,1168.15,13.5
"82","7A","1B",81,81,81,985,694.95,1176,13.5
"83","7A","1B",82,82,82,1002,709.8,1183.05,17
"84","7A","1B",83,83,83,1012,720.9,1188,10
"85","7A","1B",84,84,84,1024.5,734.95,1192,12.5
"86","7A","1B",85,85,85,1036.5,755.95,1199.05,12
"87","7A","1B",86,86,86,1048,776.95,1203.1,11.5
"88","7A","1B",87,87,87,1061.5,800.65,1208.05,13.5
"89","7A","1B",88,88,88,1073,817,1213,11.5
"90","7A","1B",89,89,89,1086,835.8,1218.05,13
"91","7A","1B",90,90,90,1100,851.9,1222,14
"92","7A","1B",91,91,91,1111,868.9,1227,11
"93","7A","1B",92,92,92,1124,885.8,1232,13
"94","7A","1B",93,93,93,1136.5,919.9,1236,12.5
"95","7A","1B",94,94,94,1148.5,948.75,1241,12
"96","7A","1B",95,95,95,1162,972.75,1245.05,13.5
"97","7A","1B",96,96,96,1174,1005.95,1250.05,12
"98","7A","1B",97,97,97,1188,1048.9,1256,14
"99","7A","1B",98,98,98,1202,1086.85,1262,14
"100","7A","1B",99,99,99,1235,1182,1272,33
"101","7A","1B",100,100,100,1273,1200,1448.15,38
"102","7A","1B",101,101,101,1295,1213,1539.05,22
"103","7A","1B",102,102,102,1317,1219.95,1605.05,22
"104","7A","1B",103,103,103,1339.5,1226.9,1674.05,22.5
"105","7A","1B",104,104,104,1362,1235,1724.2,22.5
"106","7A","1B",105,105,105,1389.5,1242,1756.05,27.5
"107","7A","1B",106,106,106,1415,1250,1797.15,25.5
"108","7A","1B",107,107,107,1436,1257.85,1845.2,21
"109","7A","1B",108,108,108,1458,1263,1870.15,22
"110","7A","1B",109,109,109,1478.5,1272,1923.3,20.5
"111","7A","1B",110,110,110,1498,1276.95,1953.4,19.5
"112","7A","1B",111,111,111,1521.5,1280.95,1995.05,23.5
"113","7A","1B",112,112,112,1543.5,1284.95,2033.3,22
"114","7A","1B",113,113,113,1560.5,1299.85,2062.15,17
"115","7A","1B",114,114,114,1582.5,1304,2097,22
"116","7A","1B",115,115,115,1607.5,1308.95,2118.35,25
"117","7A","1B",116,116,116,1627.5,1316,2145,20
"118","7A","1B",117,117,117,1652.5,1320.95,2179.25,25
"119","7A","1B",118,118,118,1671,1328,2200.1,18.5
"120","7A","1B",119,119,119,1692.5,1338.75,2215.45,21.5
"121","7A","1B",120,120,120,1713.5,1344.95,2246.1,21
"122","7A","1B",121,121,121,1732.5,1350.9,2264.15,19
"123","7A","1B",122,122,122,1754,1365.9,2295.65,21.5
"124","7A","1B",123,123,123,1779,1373.9,2321.15,25
"125","7A","1B",124,124,124,1799,1393.5,2332.05,20
"126","7A","1B",125,125,125,1821.5,1402.95,2352.25,22.5
"127","7A","1B",126,126,126,1845.5,1409,2378.05,24
"128","7A","1B",127,127,127,1867,1421.95,2410.15,21.5
"129","7A","1B",128,128,128,1889.5,1436.6,2438.1,22.5
"130","7A","1B",129,129,129,1906.5,1446.9,2463.25,17
"131","7A","1B",130,130,130,1923,1463.8,2482.1,16.5
"132","7A","1B",131,131,131,1940.5,1486.95,2507.05,17.5
"133","7A","1B",132,132,132,1964,1500.95,2535.25,23.5
"134","7A","1B",133,133,133,1992,1511,2559,28
"135","7A","1B",134,134,134,2011,1524.85,2579.05,19.0000000000002
"136","7A","1B",135,135,135,2037,1541,2591.15,25.9999999999998
"137","7A","1B",136,136,136,2063,1548.9,2604.05,26
"138","7A","1B",137,137,137,2081,1558.95,2627.15,18
"139","7A","1B",138,138,138,2099.5,1574.7,2651,18.5
"140","7A","1B",139,139,139,2125,1598.8,2678.1,25.5
"141","7A","1B",140,140,140,2147,1617.9,2696.2,22
"142","7A","1B",141,141,141,2171,1639.5,2711,24
"143","7A","1B",142,142,142,2190.5,1650.9,2726.15,19.5
"144","7A","1B",143,143,143,2211,1659.9,2744.05,20.5
"145","7A","1B",144,144,144,2233.5,1684.6,2753.55,22.5
"146","7A","1B",145,145,145,2257.5,1710.9,2760.65,24
"147","7A","1B",146,146,146,2282,1722.95,2780,24.5
"148","7A","1B",147,147,147,2302,1737.95,2796.05,20
"149","7A","1B",148,148,148,2317,1757.95,2815.05,15
"150","7A","1B",149,149,149,2342,1793.65,2831,25
"151","7A","2B",0,150,150,2358,1813.8,2852.1,16
"152","7A","2B",1,151,151,2376,1827,2862.45,18
"153","7A","2B",2,152,152,2397,1836.9,2889,21
"154","7A","2B",3,153,153,2422.5,1872.65,2907.05,25.5
"155","7A","2B",4,154,154,2442.5,1885.9,2927.05,20
"156","7A","2B",5,155,155,2466,1900.95,2940,23.5
"157","7A","2B",6,156,156,2489,1916.8,2959.05,23
"158","7A","2B",7,157,157,2512.5,1933.85,2976,23.5
"159","7A","2B",8,158,158,2534,1951.95,2991.25,21.5
"160","7A","2B",9,159,159,2555,1974.9,3011.15,21
"161","7A","2B",10,160,160,2583,1987.95,3025.1,28
"162","7A","2B",11,161,161,2608,2008.7,3037.05,25
"163","7A","2B",12,162,162,2627.5,2023.95,3053.35,19.5
"164","7A","2B",13,163,163,2643.5,2038,3081.1,16
"165","7A","2B",14,164,164,2662.5,2059,3100.05,19
"166","7A","2B",15,165,165,2679,2076,3114.15,16.5
"167","7A","2B",16,166,166,2702,2092.8,3124.25,23
"168","7A","2B",17,167,167,2719.5,2106.75,3138.2,17.5
"169","7A","2B",18,168,168,2738,2129.85,3150.05,18.5
"170","7A","2B",19,169,169,2756.5,2155.95,3157,18.5
"171","7A","2B",20,170,170,2778.5,2183.85,3171,22
"172","7A","2B",21,171,171,2798.5,2203.95,3189.25,20
"173","7A","2B",22,172,172,2814.5,2218.95,3206.05,16
"174","7A","2B",23,173,173,2834.5,2258.85,3222,20
"175","7A","2B",24,174,174,2854.5,2286.9,3234,20
"176","7A","2B",25,175,175,2877,2308,3243,22.5
"177","7A","2B",26,176,176,2906.5,2352,3256.1,29.5
"178","7A","2B",27,177,177,2925.5,2374,3268,19
"179","7A","2B",28,178,178,2945,2410.9,3276.05,19.5
"180","7A","2B",29,179,179,2971,2431.75,3286,26
"181","7A","2B",30,180,180,2996,2453.95,3293.05,25
"182","7A","2B",31,181,181,3020,2482.9,3303,24
"183","7A","2B",32,182,182,3038,2512,3313.15,18
"184","7A","2B",33,183,183,3061.5,2545.85,3322,23.5
"185","7A","2B",34,184,184,3082.5,2584.95,3330,21
"186","7A","2B",35,185,185,3104,2618.7,3336,21.5
"187","7A","2B",36,186,186,3125,2645.95,3344.05,21
"188","7A","2B",37,187,187,3144,2664.95,3352.05,19
"189","7A","2B",38,188,188,3163,2691.65,3359,19
"190","7A","2B",39,189,189,3189,2727.9,3364.05,26
"191","7A","2B",40,190,190,3208,2761.55,3371.05,19
"192","7A","2B",41,191,191,3231,2795.9,3377,23
"193","7A","2B",42,192,192,3253,2834,3384,22
"194","7A","2B",43,193,193,3272.5,2895.6,3390,19.5
"195","7A","2B",44,194,194,3298,2938.95,3398.05,25.5
"196","7A","2B",45,195,195,3321.5,2985,3406,23.5
"197","7A","2B",46,196,196,3345,3054.85,3415,23.5
"198","7A","2B",47,197,197,3369,3131.95,3424.05,24
"199","7A","2B",48,198,198,3391,3222.75,3434.05,22
"200","7A","2B",49,199,199,3420,3396,3452,29
"201","7A","2B",50,200,200,3457.5,3414,3661,37.5
"202","7A","2B",51,201,201,3486,3423,3769,28.5
"203","7A","2B",52,202,202,3515,3430,3848,29
"204","7A","2B",53,203,203,3546,3437,3921.1,31
"205","7A","2B",54,204,204,3575.5,3443,3963.5,29.5
"206","7A","2B",55,205,205,3601.5,3449.95,4020.05,26
"207","7A","2B",56,206,206,3625,3455.95,4065.2,23.5
"208","7A","2B",57,207,207,3648,3462,4112.1,23
"209","7A","2B",58,208,208,3672,3469,4172.05,24
"210","7A","2B",59,209,209,3696.5,3478.85,4198.6,24.5
"211","7A","2B",60,210,210,3720,3484,4244.65,23.5
"212","7A","2B",61,211,211,3741,3491,4290.1,21
"213","7A","2B",62,212,212,3766,3499,4337,25
"214","7A","2B",63,213,213,3790.5,3505.95,4365.1,24.5
"215","7A","2B",64,214,214,3821,3512,4393,30.5
"216","7A","2B",65,215,215,3845,3518.95,4423.25,24
"217","7A","2B",66,216,216,3865,3527.95,4470,20
"218","7A","2B",67,217,217,3893.5,3537.95,4498.5,28.5
"219","7A","2B",68,218,218,3910.5,3544.9,4519.05,17
"220","7A","2B",69,219,219,3941,3551.95,4547,30.5
"221","7A","2B",70,220,220,3960.5,3559,4574.4,19.5
"222","7A","2B",71,221,221,3983.5,3573.9,4610.3,23
"223","7A","2B",72,222,222,4010,3584,4652.05,26.5
"224","7A","2B",73,223,223,4035,3594.95,4672.05,25
"225","7A","2B",74,224,224,4057,3605,4693.15,22.0000000000005
"226","7A","2B",75,225,225,4078.5,3614.95,4710.2,21.4999999999995
"227","7A","2B",76,226,226,4103,3626.95,4732.05,24.5
"228","7A","2B",77,227,227,4128.5,3639.9,4761.15,25.5
"229","7A","2B",78,228,228,4154,3648.9,4796,25.5
"230","7A","2B",79,229,229,4171,3665,4814.1,17
"231","7A","2B",80,230,230,4200,3682.95,4853.15,29
"232","7A","2B",81,231,231,4222.5,3690.85,4881.05,22.5
"233","7A","2B",82,232,232,4247.5,3705.95,4896.05,25
"234","7A","2B",83,233,233,4272.5,3732.9,4921.15,25
"235","7A","2B",84,234,234,4298,3743.95,4940.25,25.5
"236","7A","2B",85,235,235,4332.5,3759.8,4967.05,34.5
"237","7A","2B",86,236,236,4356,3771.65,5008.2,23.5
"238","7A","2B",87,237,237,4380,3782.55,5037.05,24
"239","7A","2B",88,238,238,4403,3799,5063,23
"240","7A","2B",89,239,239,4426,3817.75,5099.45,23
"241","7A","2B",90,240,240,4444,3831.75,5117.25,18
"242","7A","2B",91,241,241,4463,3852.75,5140.15,19
"243","7A","2B",92,242,242,4485.5,3869.8,5154.35,22.5
"244","7A","2B",93,243,243,4505,3891.5,5177.05,19.5
"245","7A","2B",94,244,244,4526,3904.85,5195.05,21
"246","7A","2B",95,245,245,4550.5,3934.05,5207.05,24.5
"247","7A","2B",96,246,246,4573,3957.7,5231.15,22.5
"248","7A","2B",97,247,247,4601.5,3983.95,5257.3,28.5
"249","7A","2B",98,248,248,4631.5,3999.9,5280.1,30
"250","7A","2B",99,249,249,4664.5,4026.8,5296.05,33
"251","7A","2B",100,250,250,4695,4051.85,5329.1,30.5
"252","7A","2B",101,251,251,4728,4080.95,5362.05,33
"253","7A","2B",102,252,252,4741,4111.25,5387.1,13
"254","7A","2B",103,253,253,4775,4135.9,5402,34
"255","7A","2B",104,254,254,4798.5,4165.85,5420.05,23.5
"256","7A","2B",105,255,255,4817.5,4185.5,5433.25,19
"257","7A","2B",106,256,256,4838,4200.65,5459.05,20.5
"258","7A","2B",107,257,257,4863,4217.95,5479.05,25
"259","7A","2B",108,258,258,4886,4234.95,5493.6,23
"260","7A","2B",109,259,259,4908,4254.7,5518.2,22
"261","7A","2B",110,260,260,4935.5,4270.95,5530.2,27.5
"262","7A","2B",111,261,261,4959.5,4292.95,5548.1,24
"263","7A","2B",112,262,262,4976.5,4313.9,5564.15,17
"264","7A","2B",113,263,263,5000.5,4334.85,5577.15,24
"265","7A","2B",114,264,264,5021,4355.85,5590.1,20.5
"266","7A","2B",115,265,265,5040.5,4385.8,5603.05,19.5
"267","7A","2B",116,266,266,5067.5,4409.75,5617.1,27
"268","7A","2B",117,267,267,5095.5,4423.8,5630.25,28
"269","7A","2B",118,268,268,5124,4461.95,5644,28.5
"270","7A","2B",119,269,269,5146,4473,5653.2,22
"271","7A","2B",120,270,270,5165.5,4500,5670.1,19.5
"272","7A","2B",121,271,271,5192,4526.85,5685.05,26.5
"273","7A","2B",122,272,272,5216,4542.8,5694.1,24
"274","7A","2B",123,273,273,5238.5,4574,5707,22.5
"275","7A","2B",124,274,274,5260.5,4598.95,5717,22
"276","7A","2B",125,275,275,5282.5,4629.75,5723.05,22
"277","7A","2B",126,276,276,5302,4654.95,5736,19.5
"278","7A","2B",127,277,277,5322.5,4684.95,5746,20.5
"279","7A","2B",128,278,278,5348,4718.8,5757.05,25.5
"280","7A","2B",129,279,279,5386,4760.6,5771,38
"281","7A","2B",130,280,280,5411,4791.65,5779,25
"282","7A","2B",131,281,281,5438,4825.1,5791,27
"283","7A","2B",132,282,282,5457,4852.45,5800.15,19
"284","7A","2B",133,283,283,5480.5,4891.95,5811.1,23.5
"285","7A","2B",134,284,284,5501.5,4920,5821.05,21
"286","7A","2B",135,285,285,5527.5,4958.7,5829,26
"287","7A","2B",136,286,286,5551,5005,5839,23.5
"288","7A","2B",137,287,287,5579.5,5039.7,5848.05,28.5
"289","7A","2B",138,288,288,5606,5076.95,5855,26.5
"290","7A","2B",139,289,289,5631.5,5111.55,5862.15,25.5
"291","7A","2B",140,290,290,5656.5,5155.9,5870,25
"292","7A","2B",141,291,291,5684,5194,5878.1,27.5
"293","7A","2B",142,292,292,5710,5243.85,5887,26
"294","7A","2B",143,293,293,5736,5290.6,5893.05,26
"295","7A","2B",144,294,294,5762.5,5349.95,5899.05,26.5
"296","7A","2B",145,295,295,5793,5420.95,5906,30.5
"297","7A","2B",146,296,296,5825.5,5484.65,5912.05,32.5
"298","7A","2B",147,297,297,5858,5553.85,5922.05,32.5
"299","7A","2B",148,298,298,5889,5629.8,5943.1,31
"300","7A","2B",149,299,299,5924,5909,5978,35
"301","7A","3B",0,300,300,5991,5931,6421.05,67
"302","7A","3B",1,301,301,6048.5,5947,6652.1,57.5
"303","7A","3B",2,302,302,6106,5959,6824.2,57.5
"304","7A","3B",3,303,303,6163,5971,6946.15,57
"305","7A","3B",4,304,304,6218,5983.95,7056.25,55
"306","7A","3B",5,305,305,6274.5,5996.95,7165.05,56.5
"307","7A","3B",6,306,306,6330,6009.95,7287.4,55.5
"308","7A","3B",7,307,307,6370,6022.95,7354.25,40
"309","7A","3B",8,308,308,6408,6035,7448.25,38
"310","7A","3B",9,309,309,6451,6047.95,7540.3,43
"311","7A","3B",10,310,310,6504,6060,7603.15,53
"312","7A","3B",11,311,311,6553.5,6072.95,7671.2,49.5
"313","7A","3B",12,312,312,6604,6086,7737.3,50.5
"314","7A","3B",13,313,313,6663,6098.95,7786.25,59
"315","7A","3B",14,314,314,6702,6110.95,7839.2,39
"316","7A","3B",15,315,315,6752,6122.95,7893.35,50
"317","7A","3B",16,316,316,6799,6135.95,7933.1,47
"318","7A","3B",17,317,317,6840.5,6150.95,7984.5,41.5
"319","7A","3B",18,318,318,6871,6165.9,8015.2,30.5
"320","7A","3B",19,319,319,6914.5,6181.85,8063.4,43.5
"321","7A","3B",20,320,320,6959,6192,8109.6,44.5
"322","7A","3B",21,321,321,6999,6217,8170.1,40
"323","7A","3B",22,322,322,7039.5,6259.9,8229.6,40.5
"324","7A","3B",23,323,323,7085.5,6287.95,8265.1,46
"325","7A","3B",24,324,324,7136,6302.8,8299.45,50.5
"326","7A","3B",25,325,325,7179,6320.85,8366.3,43
"327","7A","3B",26,326,326,7227,6340.9,8392.95,48
"328","7A","3B",27,327,327,7276,6385.55,8449.25,49
"329","7A","3B",28,328,328,7325.5,6394.9,8497.1,49.5
"330","7A","3B",29,329,329,7379,6428.45,8562.35,53.5
"331","7A","3B",30,330,330,7423,6442.5,8616.6,44
"332","7A","3B",31,331,331,7468,6468.85,8670.35,45
"333","7A","3B",32,332,332,7517,6494.95,8702.25,49
"334","7A","3B",33,333,333,7559.5,6527.9,8755.05,42.5
"335","7A","3B",34,334,334,7592,6565.9,8779.7,32.5
"336","7A","3B",35,335,335,7647.5,6586.85,8806.65,55.5
"337","7A","3B",36,336,336,7695.5,6604.9,8877.15,48
"338","7A","3B",37,337,337,7731,6625.95,8930.15,35.5
"339","7A","3B",38,338,338,7769.5,6646.65,8966.45,38.5
"340","7A","3B",39,339,339,7813.5,6666.8,8994.5,44
"341","7A","3B",40,340,340,7862,6700.4,9047.65,48.5
"342","7A","3B",41,341,341,7905,6716.95,9087.8,43
"343","7A","3B",42,342,342,7946.5,6743.9,9149.35,41.5
"344","7A","3B",43,343,343,8004.5,6804.95,9205.25,58
"345","7A","3B",44,344,344,8054.5,6854.85,9225,50
"346","7A","3B",45,345,345,8119.5,6879.55,9247.2,65
"347","7A","3B",46,346,346,8160,6899.9,9304.25,40.5
"348","7A","3B",47,347,347,8208,6923.55,9350.35,48
"349","7A","3B",48,348,348,8246,6957.9,9396.65,38
"350","7A","3B",49,349,349,8290.5,6984.85,9428.2,44.5
"351","7A","3B",50,350,350,8322.5,7049,9465.2,32
"352","7A","3B",51,351,351,8375,7076.95,9510.1,52.5
"353","7A","3B",52,352,352,8416,7106.95,9562.05,41
"354","7A","3B",53,353,353,8452,7145.5,9614.2,36
"355","7A","3B",54,354,354,8495,7179.35,9658.05,43
"356","7A","3B",55,355,355,8532,7203.95,9671.3,37
"357","7A","3B",56,356,356,8572.5,7260.85,9707,40.5
"358","7A","3B",57,357,357,8612.5,7294.85,9730.15,40
"359","7A","3B",58,358,358,8652,7334.45,9763.1,39.5
"360","7A","3B",59,359,359,8695.5,7348.65,9802.1,43.5
"361","7A","3B",60,360,360,8750,7411.8,9829,54.5
"362","7A","3B",61,361,361,8785,7469.55,9850.15,35
"363","7A","3B",62,362,362,8834,7495.9,9877.75,49
"364","7A","3B",63,363,363,8875.5,7562.65,9906.15,41.5
"365","7A","3B",64,364,364,8916,7608.5,9927.05,40.5
"366","7A","3B",65,365,365,8956,7649.85,9937.2,40
"367","7A","3B",66,366,366,9002,7687.45,9968,46
"368","7A","3B",67,367,367,9045,7755.85,9987,43
"369","7A","3B",68,368,368,9088.5,7814.45,10004.05,43.5
"370","7A","3B",69,369,369,9133.5,7856.95,10024,45
"371","7A","3B",70,370,370,9176.5,7919.65,10045.1,43
"372","7A","3B",71,371,371,9217.5,7980.85,10072.05,41
"373","7A","3B",72,372,372,9257,8032.85,10105.15,39.5
"374","7A","3B",73,373,373,9299,8094.85,10137,42
"375","7A","3B",74,374,374,9346.5,8154.95,10171.15,47.5
"376","7A","3B",75,375,375,9383.5,8226.95,10196.25,37
"377","7A","3B",76,376,376,9431.5,8282.75,10221.05,48
"378","7A","3B",77,377,377,9476.5,8373.9,10236.15,45
"379","7A","3B",78,378,378,9517,8425.75,10263,40.5
"380","7A","3B",79,379,379,9555,8490.75,10282.2,38
"381","7A","3B",80,380,380,9616,8542.75,10308.45,61
"382","7A","3B",81,381,381,9665,8584.95,10331.4,49
"383","7A","3B",82,382,382,9703.5,8643.35,10353.2,38.5
"384","7A","3B",83,383,383,9762.5,8691.9,10375.1,59
"385","7A","3B",84,384,384,9807,8768.95,10390,44.5
"386","7A","3B",85,385,385,9848.5,8837.7,10402.05,41.5
"387","7A","3B",86,386,386,9892,8902.75,10416,43.5
"388","7A","3B",87,387,387,9933.5,8987.95,10425.05,41.5
"389","7A","3B",88,388,388,9975,9057.55,10437.1,41.5
"390","7A","3B",89,389,389,10036.5,9128.75,10448,61.5
"391","7A","3B",90,390,390,10075,9225.85,10457.05,38.5
"392","7A","3B",91,391,391,10115.5,9311.2,10470,40.5
"393","7A","3B",92,392,392,10170,9382.9,10480.15,54.5
"394","7A","3B",93,393,393,10221,9476.85,10492.05,51
"395","7A","3B",94,394,394,10268,9580.95,10502.05,47
"396","7A","3B",95,395,395,10318,9682.95,10517,50
"397","7A","3B",96,396,396,10370,9773,10529,52
"398","7A","3B",97,397,397,10423.5,9923.9,10541.15,53.5
"399","7A","3B",98,398,398,10479,10111.55,10565.05,55.5
"400","7A","3B",99,399,399,10540,10453,10634.05,61
"401","7A","3B",100,400,400,10626.5,10534.95,11006.4,86.5
"402","7A","3B",101,401,401,10696,10576,11231.05,69.5
"403","7A","3B",102,402,402,10765,10601.85,11321.5,69
"404","7A","3B",103,403,403,10837.5,10625.9,11398.15,72.5
"405","7A","3B",104,404,404,10908,10647.9,11472.05,70.5
"406","7A","3B",105,405,405,10980.5,10677.95,11533.25,72.5
"407","7A","3B",106,406,406,11054,10701.95,11583.05,73.5
"408","7A","3B",107,407,407,11126,10734.9,11619.05,72
"409","7A","3B",108,408,408,11195,10769.85,11659.05,69
"410","7A","3B",109,409,409,11264,10813.85,11694.05,69
"411","7A","3B",110,410,410,11334.5,10860,11725.05,70.5
"412","7A","3B",111,411,411,11404,10902.95,11760.35,69.5
"413","7A","3B",112,412,412,11471,10950.85,11791.1,67
"414","7A","3B",113,413,413,11539.5,10998.9,11821,68.5
"415","7A","3B",114,414,414,11611.5,11048,11848.05,72
"416","7A","3B",115,415,415,11679,11169.8,11877.05,67.5
"417","7A","3B",116,416,416,11753.5,11268.85,11905.1,74.5
"418","7A","3B",117,417,417,11827,11432.85,11950.05,73.5
"419","7A","3B",118,418,418,11925,11835,12019.05,98
"420","7A","3B",119,419,419,11959,11853,12132,34
"421","7A","3B",120,420,420,11982,11865,12203.05,23
"422","7A","3B",121,421,421,12004,11877,12255.1,22
"423","7A","3B",122,422,422,12023,11888.95,12293,19
"424","7A","3B",123,423,423,12041,11901,12315,18
"425","7A","3B",124,424,424,12059,11909,12353.25,18
"426","4A","1B",97,288,425,12079.5,11919,12388.25,20.5
"427","4A","1B",98,289,426,12097,11927,12418.05,17.5
"428","4A","1B",99,290,427,12115,11935.9,12449,18
"429","4A","1B",100,291,428,12131,11945,12465.15,16
"430","4A","1B",101,292,429,12149.5,11952.95,12487,18.5
"431","4A","1B",102,293,430,12169.5,11960,12519,20
"432","4A","1B",103,294,431,12188,11967.95,12542.2,18.5
"433","4A","1B",104,295,432,12204,11980.85,12567.05,16
"434","4A","1B",105,296,433,12221,11990.85,12580.1,17
"435","4A","1B",106,297,434,12236,12000.95,12596.1,15
"436","4A","1B",107,298,435,12254.5,12007.9,12608.05,18.5
"437","4A","1B",108,299,436,12270.5,12016.95,12629.25,16
"438","4A","1B",109,300,437,12290,12025.95,12650.05,19.5
"439","4A","1B",110,301,438,12303,12036.9,12673.35,13
"440","4A","1B",111,302,439,12324,12042.85,12692,21
"441","4A","1B",112,303,440,12341.5,12058.65,12709,17.5
"442","4A","1B",113,304,441,12360,12075.95,12719.3,18.5
"443","4A","1B",114,305,442,12378,12090.9,12736,18
"444","4A","1B",115,306,443,12400,12099.95,12750.05,22
"445","4A","1B",116,307,444,12419.5,12113.95,12759.1,19.5
"446","4A","1B",117,308,445,12438,12123.95,12768,18.5
"447","4A","1B",118,309,446,12457,12141.85,12784.05,19
"448","4A","1B",119,310,447,12474.5,12153.95,12793.1,17.5
"449","4A","1B",120,311,448,12493,12163.95,12804.15,18.5
"450","4A","1B",121,312,449,12508,12176.75,12821.05,15
"451","4A","1B",122,313,450,12526,12190.95,12832.05,18
"452","4A","1B",123,314,451,12540,12203,12842.05,14
"453","4A","1B",124,315,452,12554,12215.95,12852.05,14
"454","4A","1B",125,316,453,12574,12229,12868.05,20
"455","4A","1B",126,317,454,12591,12246.75,12876.1,17
"456","4A","1B",127,318,455,12610,12266,12885.1,19
"457","4A","1B",128,319,456,12627.5,12292.9,12893.1,17.5
"458","4A","1B",129,320,457,12651,12313.8,12908.05,23.5
"459","4A","1B",130,321,458,12665.5,12333.95,12921,14.5
"460","4A","1B",131,322,459,12685.5,12352.5,12931.05,20
"461","4A","1B",132,323,460,12708.5,12383,12941.1,23
"462","4A","1B",133,324,461,12727,12407,12953.05,18.5
"463","4A","1B",134,325,462,12745,12425,12963,18
"464","4A","1B",135,326,463,12763.5,12446.9,12975.05,18.5
"465","4A","1B",136,327,464,12782,12472.9,12985.05,18.5
"466","4A","1B",137,328,465,12800,12508.95,13002,18
"467","4A","1B",138,329,466,12819,12546,13012.05,19
"468","4A","1B",139,330,467,12841,12583,13028,22
"469","4A","1B",140,331,468,12866,12646,13051.05,25
"470","4A","1B",141,332,469,12908,12718.95,13087,42
"471","4A","1B",142,333,470,12960,12770.9,13196,52
"472","4A","1B",143,334,471,12994,12795.95,13255.15,34
"473","4A","1B",144,335,472,13021,12813.95,13306.1,27
"474","4A","1B",145,336,473,13045,12836.95,13362.05,24
"475","4A",NA,NA,337,474,13070,12851.9,13397,25
"476","4A",NA,NA,338,475,13090,12865.95,13435.15,20
"477","4A",NA,NA,339,476,13115,12877.95,13487,25
"478","4A",NA,NA,340,477,13139,12889,13505,24
"479","4A","2B",0,341,478,13162,12900.9,13530.05,23
"480","4A","2B",1,342,479,13187,12913.9,13556.05,25
"481","4A","2B",2,343,480,13209.5,12928.95,13578.25,22.5
"482","4A","2B",3,344,481,13232.5,12941,13606.15,23
"483","4A","2B",4,345,482,13254,12958.85,13635.05,21.5
"484","4A","2B",5,346,483,13273,12972,13653,19
"485","4A","2B",6,347,484,13298.5,12999.65,13668.05,25.5
"486","4A","2B",7,348,485,13320,13012.9,13687,21.5
"487","4A","2B",8,349,486,13342,13030.9,13706.3,22
"488","4A","2B",9,350,487,13365.5,13038.95,13727.25,23.5
"489","4A","2B",10,351,488,13388,13049,13747.15,22.5
"490","4A","2B",11,352,489,13416,13062.8,13763.15,28
"491","4A","2B",12,353,490,13436.5,13082.8,13779.15,20.5
"492","4A","2B",13,354,491,13461,13095.95,13797.05,24.5
"493","4A","2B",14,355,492,13485,13110.8,13808.05,24
"494","4A","2B",15,356,493,13505.5,13123.95,13820.05,20.5
"495","4A","2B",16,357,494,13527,13149.9,13832,21.5
"496","4A","2B",17,358,495,13548.5,13170,13847,21.5
"497","4A","2B",18,359,496,13569,13195.9,13859.1,20.5
"498","4A","2B",19,360,497,13591,13220.9,13875.2,22
"499","4A","2B",20,361,498,13614.5,13242.9,13891.15,23.5
"500","4A","2B",21,362,499,13637,13250.95,13902.05,22.5
"501","4A","2B",22,363,500,13661,13280,13911.05,24
"502","4A","2B",23,364,501,13680,13312.95,13929,19
"503","4A","2B",24,365,502,13706,13351.7,13941,26
"504","4A","2B",25,366,503,13730,13370.85,13953.05,24
"505","4A","2B",26,367,504,13754,13396.95,13974,24
"506","4A","2B",27,368,505,13778,13428.85,13993.05,24
"507","4A","2B",28,369,506,13801,13477.85,14006,23
"508","4A","2B",29,370,507,13827,13515.75,14025,26
"509","4A","2B",30,371,508,13858.5,13571.55,14052,31.5
"510","4A","2B",31,372,509,13892.5,13653.75,14076,34
"511","4A","2B",32,373,510,13944,13770.95,14118,51.5
"512","4A","2B",33,374,511,13987,13803.95,14187,43
"513","4A","2B",34,375,512,14021.5,13830,14234.2,34.5
"514","4A","2B",35,376,513,14052,13856.95,14283.05,30.5
"515","4A","2B",36,377,514,14079,13872,14312.2,27
"516","4A","2B",37,378,515,14106.5,13888.95,14346.15,27.5
"517","4A","2B",38,379,516,14129,13906,14387.05,22.5
"518","4A","2B",39,380,517,14155,13925.7,14406,26
"519","4A","2B",40,381,518,14179,13939,14433.05,24
"520","4A","2B",41,382,519,14200.5,13951.95,14472.3,21.5
"521","4A","2B",42,383,520,14222.5,13970.9,14508.05,22
"522","4A","2B",43,384,521,14245.5,13991.95,14544.1,23
"523","4A","2B",44,385,522,14274,14019.85,14584.1,28.5
"524","4A","2B",45,386,523,14306,14037.9,14624,32
"525","4A","2B",46,387,524,14341,14060.8,14664.05,35
"526","4A","2B",47,388,525,14401,14109.75,14722.3,60
"527","4A","2B",48,389,526,14456,14162,14766.15,55
"528","4A","2B",49,390,527,14496.5,14197.95,14804.35,40.5
"529","4A","2B",50,391,528,14536,14227.7,14836,39.5
"530","4A","2B",51,392,529,14574,14263.95,14866.15,38
"531","4A","2B",52,393,530,14610,14300.8,14896.25,36
"532","4A","2B",53,394,531,14646.5,14325,14929,36.5
"533","4A","2B",54,395,532,14684.5,14365.7,14958.1,38
"534","4A","2B",55,396,533,14724,14391,14985.45,39.5
"535","4A","2B",56,397,534,14772,14433.95,15023.05,48
"536","4A","2B",57,398,535,14830,14511.95,15085,58
"537","4A","2B",58,399,536,14859,14571.75,15110.05,29
"538","4A","2B",59,400,537,14882,14599.85,15130.05,23
"539","4A","2B",60,401,538,14902.5,14633.9,15145.1,20.5
"540","4A","2B",61,402,539,14922,14656.95,15162.15,19.5
"541","4A","2B",62,403,540,14941,14679.85,15173.05,19
"542","4A","2B",63,404,541,14958.5,14700,15186,17.5
"543","4A","2B",64,405,542,14979.5,14718.85,15200,21
"544","4A","2B",65,406,543,14995.5,14741.9,15210.1,16
"545","4A","2B",66,407,544,15013.5,14760.95,15222.05,18
"546","4A","2B",67,408,545,15030,14782.95,15239.1,16.5
"547","4A","2B",68,409,546,15043,14808.95,15252.15,13
"548","4A","2B",69,410,547,15061.5,14829,15265.05,18.5
"549","4A","2B",70,411,548,15082,14843.95,15279,20.5
"550","4A","2B",71,412,549,15103,14875.95,15305,21
"551","4A","2B",72,413,550,15126,14913,15330,23
"552","4A","2B",73,414,551,15159,14961,15365.05,33
"553","4A","2B",74,415,552,15211,15007.8,15436.1,52
"554","4A","2B",75,416,553,15252.5,15040,15479.05,41.5
"555","4A","2B",76,417,554,15293,15073.9,15521.2,40.5
"556","4A","2B",77,418,555,15330,15098,15566.15,37
"557","4A","2B",78,419,556,15367,15128.7,15611,37
"558","4A","2B",79,420,557,15401.5,15157.95,15655.05,34.5
"559","4A","2B",80,421,558,15444,15186,15702.15,42.5
"560","4A","2B",81,422,559,15503.5,15224.85,15788,59.5
"561","4A","2B",82,423,560,15558,15292.95,15833,54.5
"562","4A","2B",83,424,561,15591,15334.95,15871.15,33
"563","4A","2B",84,425,562,15626,15368,15907.05,35
"564","4A","2B",85,426,563,15662.5,15396.9,15941.05,36.5
"565","4A","2B",86,427,564,15696,15418,15977.05,33.5
"566","4A","2B",87,428,565,15729.5,15442.9,16012.1,33.5
"567","4A","2B",88,429,566,15768,15467.95,16059.05,38.5
"568","4A","2B",89,430,567,15823.5,15514.75,16132.3,55.5
"569","4A","2B",90,431,568,15857,15546.85,16169.05,33.5
"570","4A","2B",91,432,569,15886,15572,16194.1,29
"571","4A","2B",92,433,570,15905,15599.9,16241.3,19
"572","4A","2B",93,434,571,15921.5,15617,16262.35,16.5
"573","4A","2B",94,435,572,15936,15639.8,16282.05,14.5
"574","4A","2B",95,436,573,15952.5,15654,16300.25,16.5
"575","4A","2B",96,437,574,15970.5,15669.9,16322.2,18
"576","4A","2B",97,438,575,15983.5,15682,16342.2,13
"577","4A","2B",98,439,576,15999.5,15695.75,16358.15,16
"578","4A","2B",99,440,577,16015,15709.7,16374.25,15.5
"579","4A","2B",100,441,578,16030,15723,16395,15.0000000000018
"580","4A","3L",0,441,579,16043,15737.95,16404,12.9999999999982
"581","4A","3L",1,442,580,16059,15752.95,16423.05,16.0000000000018
"582","4A","3L",2,443,581,16077,15762.9,16438.05,18
"583","4A","3L",3,444,582,16097.5,15776.95,16451,20.4999999999982
"584","4A","3L",4,445,583,16113.5,15790,16470.1,16
"585","4A","3L",5,446,584,16132.5,15806.9,16499.3,19
"586","4A","3L",6,447,585,16157,15829.95,16523.1,24.5
"587","4A","3L",7,448,586,16182.5,15841,16578.15,25.5
"588","4A","3L",8,449,587,16225,15860.8,16621,42.5000000000018
"589","4A","3L",9,450,588,16286.5,15909.95,16680.05,61.4999999999982
"590","4A","3L",10,451,589,16321,15939.95,16707.3,34.5000000000018
"591","4A","3L",11,452,590,16348,15966.55,16752.05,26.9999999999964
"592","4A","3L",12,453,591,16369.5,15987.9,16779.15,21.5000000000018
"593","4A","3L",13,454,592,16394,16000,16800.1,24.5
"594","4A","3L",14,455,593,16419,16023.85,16827.1,25
"595","4A","3L",15,456,594,16441,16042,16841.1,22
"596","4A","3L",16,457,595,16458,16065.85,16855.05,17
"597","4A","3L",17,458,596,16477,16081.85,16868.2,19
"598","4A","3L",18,459,597,16497,16101.55,16886.1,20
"599","4A","3L",19,460,598,16514.5,16109,16909.25,17.5
"600","4A","3L",20,461,599,16531.5,16127.9,16935.2,17
"601","4A","3L",21,462,600,16550,16139.8,16957.05,18.5
"602","4A","3L",22,463,601,16569.5,16153.95,16972.15,19.5
"603","4A","3L",23,464,602,16591,16176.9,16989.05,21.5
"604","4A","3L",24,465,603,16610,16197.65,17002.05,19
"605","4A","3L",25,466,604,16635,16215,17018.05,25
"606","4A","3L",26,467,605,16655,16228.9,17038.15,20
"607","4A","3L",27,468,606,16669,16251.7,17049,14
"608","4A","3L",28,469,607,16691.5,16281.75,17063.2,22.5
"609","4A","3L",29,470,608,16704,16295.95,17078.25,12.5
"610","4A","3L",30,471,609,16721.5,16306.95,17102.1,17.5
"611","4A","3L",31,472,610,16739,16316,17121.1,17.5
"612","4A","3L",32,473,611,16759,16330.9,17129.25,20
"613","4A","3L",33,474,612,16781.5,16349.85,17151.05,22.5
"614","4A","3L",34,475,613,16797,16363.9,17162.1,15.5
"615","4A","3L",35,476,614,16814,16380,17176.25,17
"616","4A","3L",36,477,615,16834,16404.95,17195,20
"617","4A","3L",37,478,616,16854,16414.95,17205.05,20
"618","4A","3L",38,479,617,16871.5,16433.65,17215,17.5
"619","4A","3L",39,480,618,16889.5,16446.65,17222.05,18
"620","4A","3L",40,481,619,16907,16474.7,17229.1,17.5
"621","4A","3L",41,482,620,16929.5,16490.85,17242.05,22.5
"622","4A","3L",42,483,621,16944.5,16531.95,17249.1,15
"623","4A","3L",43,484,622,16965,16568.85,17257,20.5
"624","4A","3L",44,485,623,16986.5,16588.6,17266.05,21.5
"625","4A","3L",45,486,624,17006,16606.9,17275,19.5
"626","4A","3L",46,487,625,17026,16629.55,17284,20
"627","4A","3L",47,488,626,17043.5,16648.95,17292,17.5
"628","4A","3L",48,489,627,17062,16672,17301.1,18.5
"629","4A","3L",49,490,628,17081,16691,17309.05,19
"630","4A","3L",50,491,629,17100.5,16721.75,17318,19.5
"631","4A","3L",51,492,630,17121,16752.95,17325,20.5
"632","4A","3L",52,493,631,17143.5,16772.9,17333,22.5
"633","4A","3L",53,494,632,17164.5,16817.95,17341,21
"634","4A","3L",54,495,633,17187,16856.95,17351.05,22.5
"635","4A","3L",55,496,634,17211,16893,17360.05,24
"636","4A","3L",56,497,635,17235,16935.95,17368,24
"637","4A","3L",57,498,636,17258,16973.95,17379,23
"638","4A","3L",58,499,637,17285,17020.9,17391,27
"639","4A","3L",59,500,638,17313,17079.9,17403,28
"640","4A","3L",60,501,639,17351,17166.95,17425.05,38
"641","4A","3L",61,502,640,17416,17227.9,17537,65
"642","4A","3L",62,503,641,17468.5,17276.7,17644.05,52.5
"643","4A","3L",63,504,642,17521,17319.85,17759.15,52.5
"644","4A","3L",64,505,643,17587.5,17367.95,17891.1,66.5
"645","4A","3L",65,506,644,17627,17405,17941,39.5
"646","4A","3L",66,507,645,17650.5,17416.95,17974.05,23.5
"647","4A","3L",67,508,646,17671.5,17432,17996.05,21
"648","4A","3L",68,509,647,17688,17444.9,18023.05,16.5
"649","4A","3L",69,510,648,17708,17451,18043.5,20
"650","4A","3L",70,511,649,17719,17462.9,18070,11
"651","4A","3L",71,512,650,17733.5,17475.9,18083,14.5
"652","4A","3L",72,513,651,17751.5,17482,18108.05,18
"653","4A","3L",73,514,652,17763.5,17493,18121.55,12
"654","4A","3L",74,515,653,17778,17505.95,18140.05,14.5
"655","4A","3L",75,516,654,17793,17517.75,18160.15,15
"656","4A","3L",76,517,655,17804.5,17524,18173,11.5
"657","4A","3L",77,518,656,17818,17532.8,18186,13.5
"658","4A","3L",78,519,657,17832,17541.9,18201.15,14
"659","4A","3L",79,520,658,17845,17551.85,18218.05,13
"660","4A","3L",80,521,659,17859,17557.95,18232.1,14
"661","4A","3L",81,522,660,17872,17563,18244,13
"662","4A","3L",82,523,661,17884,17574.8,18260.2,12
"663","4A","3L",83,524,662,17902,17584.75,18276.2,18
"664","4A","3L",84,525,663,17915,17591.95,18297.05,13
"665","4A","3L",85,526,664,17928,17602.95,18316.15,13
"666","4A","3L",86,527,665,17942,17606.9,18329.15,14
"667","4A","3L",87,528,666,17954.5,17616,18347.15,12.5
"668","4A","3L",88,529,667,17972.5,17621.95,18361.1,18
"669","4A","3L",89,530,668,17987.5,17630.95,18378,15
"670","4A","3L",90,531,669,18004.5,17636.95,18391.05,17
"671","4A","3L",91,532,670,18019,17650.95,18403.2,14.5
"672","4A","3L",92,533,671,18034.5,17662.95,18421.1,15.5
"673","4A","3L",93,534,672,18051,17674.9,18438,16.5
"674","4A","3L",94,535,673,18071.5,17681,18453.05,20.5
"675","4A","3L",95,536,674,18090.5,17691,18478,19
"676","4A","3L",96,537,675,18109,17697.9,18492.2,18.5
"677","4A","3L",97,538,676,18129.5,17714.85,18513.1,20.5
"678","4A","3L",98,539,677,18147,17735.85,18541,17.5
"679","4A","3L",99,540,678,18170,17756,18582.1,23
"680","4A","4L",0,541,679,18216.5,17780.95,18622.05,46.5
"681","4A","4L",1,542,680,18266,17833,18654,49.5
"682","4A","4L",2,543,681,18296.5,17860.9,18673.1,30.5
"683","4A","4L",3,544,682,18325,17898.8,18692,28.5
"684","4A","4L",4,545,683,18345.5,17917,18702.1,20.5
"685","4A","4L",5,546,684,18364,17939.95,18717,18.5
"686","4A","4L",6,547,685,18381,17961.9,18732.05,17
"687","4A","4L",7,548,686,18397,17991.65,18742.15,16
"688","4A","4L",8,549,687,18414,18011.95,18761,17
"689","4A","4L",9,550,688,18432,18036.95,18769,18
"690","4A","4L",10,551,689,18448.5,18057.85,18776.05,16.5
"691","4A","4L",11,552,690,18465,18079.95,18785,16.5
"692","4A","4L",12,553,691,18481.5,18095.95,18797,16.5
"693","4A","4L",13,554,692,18497,18110,18807.05,15.5
"694","4A","4L",14,555,693,18512.5,18131.9,18815.15,15.5
"695","4A","4L",15,556,694,18529,18146.95,18827.05,16.5
"696","4A","4L",16,557,695,18545.5,18158,18835,16.5
"697","4A","4L",17,558,696,18558,18184.95,18846.25,12.5
"698","4A","4L",18,559,697,18575.5,18203,18856.05,17.5
"699","4A","4L",19,560,698,18587,18226,18863.1,11.5
"700","4A","4L",20,561,699,18601,18238,18875,14
"701","4A","4L",21,562,700,18613.5,18259,18881.15,12.5
"702","4A","4L",22,563,701,18630,18284.9,18887.15,16.5
"703","4A","4L",23,564,702,18645,18300.95,18896.1,15
"704","4A","4L",24,565,703,18661,18319.95,18906.15,16
"705","4A","4L",25,566,704,18677.5,18341.95,18917,16.5
"706","4A","4L",26,567,705,18695,18359.9,18928.05,17.5
"707","4A","4L",27,568,706,18710.5,18380.9,18939.1,15.5
"708","4A","4L",28,569,707,18726,18400.6,18950,15.5
"709","4A","4L",29,570,708,18744,18418.8,18957.05,18
"710","4A","4L",30,571,709,18761,18443.85,18969.15,17
"711","4A","4L",31,572,710,18777.5,18473.8,18982.05,16.5
"712","4A","4L",32,573,711,18793,18508.95,18992.1,15.5
"713","4A","4L",33,574,712,18810,18556.8,19007.05,17
"714","4A","4L",34,575,713,18828,18602.85,19018.05,18
"715","4A","4L",35,576,714,18850.5,18647.95,19033.15,22.5
"716","4A","4L",36,577,715,18888.5,18708,19065,38
"717","4A","4L",37,578,716,18966,18769.65,19336.25,77.5
"718","4A","4L",38,579,717,19025.5,18795,19511.05,59.5
"719","4A","4L",39,580,718,19073,18821,19669.2,47.5
"720","4A","4L",40,581,719,19119.5,18848.95,19765.25,46.5
"721","4A","4L",41,582,720,19159,18877.95,19824.05,39.5
"722","4A","4L",42,583,721,19205,18893.95,19890.3,46
"723","4A","4L",43,584,722,19245,18909,19964,40
"724","4A","4L",44,585,723,19294.5,18933.9,20023.05,49.5
"725","4A","4L",45,586,724,19330,18952,20079.25,35.5
"726","4A","4L",46,587,725,19376,18973.9,20142.25,46
"727","4A","4L",47,588,726,19416.5,18991,20217,40.5
"728","4A","4L",48,589,727,19454,19012,20299,37.5
"729","4A","4L",49,590,728,19489.5,19027,20337,35.5
"730","4A","4L",50,591,729,19520.5,19045.95,20387.3,31
"731","4A","4L",51,592,730,19567.5,19067,20423.05,47
"732","4A","4L",52,593,731,19604,19086.85,20454.45,36.5
"733","4A","4L",53,594,732,19647.5,19111.85,20504.05,43.5
"734","4A","4L",54,595,733,19690.5,19132.8,20535.05,43
"735","4A","4L",55,596,734,19744,19149,20584.05,53.5
"736","4A","4L",56,597,735,19779.5,19171.75,20617.05,35.5
"737","4A","4L",57,598,736,19822.5,19199.55,20690.05,43
"738","4A","4L",58,599,737,19864.5,19218.65,20749.15,42
"739","4A","4L",59,600,738,19901.5,19237.6,20781.1,37
"740","4A","4L",60,601,739,19947.5,19261.8,20800.05,46
"741","4A","4L",61,602,740,19997.5,19288.9,20834.2,50
"742","4A","4L",62,603,741,20032.5,19317.9,20873,35
"743","4A","4L",63,604,742,20079.5,19340.65,20900.05,47
"744","4A","4L",64,605,743,20107.5,19355,20929.9,28
"745","4A","4L",65,606,744,20143,19376.95,20958.4,35.5
"746","4A","4L",66,607,745,20185,19398.95,20982,42
"747","4A","4L",67,608,746,20224.5,19443.4,21018.65,39.5
"748","4A","4L",68,609,747,20259.5,19482.9,21055.05,35
"749","4A","4L",69,610,748,20298,19505.9,21102.05,38.5
"750","4A","4L",70,611,749,20336.5,19529.9,21139.05,38.5
"751","4A","4L",71,612,750,20370,19552,21169.1,33.5
"752","4A","4L",72,613,751,20411.5,19598.75,21194.2,41.5
"753","4A","4L",73,614,752,20450.5,19641.6,21226.1,39
"754","4A","4L",74,615,753,20490,19670.95,21253.4,39.5
"755","4A","4L",75,616,754,20533,19708,21286.15,43
"756","4A","4L",76,617,755,20570.5,19742.95,21313.05,37.5
"757","4A","4L",77,618,756,20610.5,19797.9,21341.25,40
"758","4A","4L",78,619,757,20645.5,19832.9,21373.15,35
"759","4A","4L",79,620,758,20682,19896.25,21400.25,36.5
"760","4A","4L",80,621,759,20730,19926.85,21419.15,48
"761","4A","4L",81,622,760,20774.5,19984.7,21442.25,44.5
"762","4A","4L",82,623,761,20821.5,20017.8,21473,47
"763","4A","4L",83,624,762,20858,20056.9,21507.55,36.5
"764","4A","4L",84,625,763,20909,20119,21540.15,51
"765","4A","4L",85,626,764,20952.5,20157.4,21579.7,43.5
"766","4A","4L",86,627,765,20989,20204.7,21615,36.5
"767","4A","4L",87,628,766,21027,20274.85,21647.1,38
"768","4A","4L",88,629,767,21078.5,20362.6,21688.1,51.5
"769","4A","4L",89,630,768,21120,20434.9,21732.45,41.5
"770","4A","4L",90,631,769,21175.5,20526,21772.15,55.5
"771","4A","4L",91,632,770,21261.5,20600.95,21827,86
"772","4A","4L",92,633,771,21374,20768.8,21907.35,112.5
"773","4A","4L",93,634,772,21431,20845.85,22014.3,57
"774","4A","4L",94,635,773,21477.5,20901,22043.05,46.5
"775","4A","4L",95,636,774,21511,20958.75,22073.05,33.5
"776","4A","4L",96,637,775,21544,20996,22100.3,33
"777","4A","4L",97,638,776,21576,21043.85,22135,32
"778","4A","4L",98,639,777,21611,21071,22155.3,35
"779","4A","4L",99,640,778,21649,21102.95,22185.15,38
"780","4A","5L",0,641,779,21677.5,21127.95,22204.2,28.5
"781","4A","5L",1,642,780,21703.5,21148,22237.25,26
"782","4A","5L",2,643,781,21736,21177.8,22243.1,32.5
"783","4A","5L",3,644,782,21760,21200.9,22260.7,24
"784","4A","5L",4,645,783,21788,21230,22290,28
"785","4A","5L",5,646,784,21817,21257,22302.25,29
"786","4A","5L",6,647,785,21845,21276,22327.3,28
"787","4A","5L",7,648,786,21879,21316.5,22352.15,34
"788","4A","5L",8,649,787,21904,21362.4,22371.05,25
"789","4A","5L",9,650,788,21929.5,21402.8,22388.2,25.5
"790","4A","5L",10,651,789,21954,21445,22413.15,24.5
"791","4A","5L",11,652,790,21986,21463,22433.1,32
"792","4A","5L",12,653,791,22014.5,21506,22456.05,28.5
"793","4A","5L",13,654,792,22038.5,21538.6,22478,24
"794","4A","5L",14,655,793,22068,21583.95,22501.25,29.5
"795","4A","5L",15,656,794,22097.5,21600.95,22521.05,29.5
"796","4A","5L",16,657,795,22128,21644.95,22544.2,30.5
"797","4A","5L",17,658,796,22161.5,21710.95,22582.05,33.5
"798","4A","5L",18,659,797,22199,21769.9,22618.25,37.5
"799","4A","5L",19,660,798,22239,21821.85,22668,40
"800","4A","5L",20,661,799,22313,21907.85,22731.05,74
"801","4A","5L",21,662,800,22434.5,21995.9,22969.1,121.5
"802","4A","5L",22,663,801,22511,22054.95,23071,76.5
"803","4A","5L",23,664,802,22578,22112.55,23145.15,67
"804","4A","5L",24,665,803,22643,22178.35,23231,65
"805","4A","5L",25,666,804,22698.5,22223.95,23304.1,55.5
"806","4A","5L",26,667,805,22753,22275.85,23341.1,54.5
"807","4A","5L",27,668,806,22819,22314.9,23401,66
"808","4A","5L",28,669,807,22879.5,22360.8,23443.15,60.5
"809","4A","5L",29,670,808,22933.5,22397.95,23492.05,54
"810","4A","5L",30,671,809,22999,22440.95,23538.1,65.5
"811","4A","5L",31,672,810,23052,22478.75,23561.05,53
"812","4A","5L",32,673,811,23111,22515.75,23606.1,59
"813","4A","5L",33,674,812,23168,22561.65,23636.1,57
"814","4A","5L",34,675,813,23232,22615,23661.05,64
"815","4A","5L",35,676,814,23297.5,22671,23691,65.5
"816","4A","5L",36,677,815,23358,22726.8,23713,60.5
"817","4A","5L",37,678,816,23424.5,22784.8,23736.1,66.5
"818","4A","5L",38,679,817,23485.5,22851.75,23765.05,61
"819","4A","5L",39,680,818,23555,22946.5,23793.1,69.5
"820","4A","5L",40,681,819,23621,23053.6,23824.15,66
"821","4A","5L",41,682,820,23690,23144.7,23864.05,69
"822","4A","5L",42,683,821,23752,23347.85,23912.05,62
"823","4A","5L",43,684,822,23832,23759.95,23995.05,80
"824","4A","5L",44,685,823,23888,23796,24175.05,56
"825","4A","5L",45,686,824,23929.5,23814,24293.05,41.5
"826","4A","5L",46,687,825,23966,23828,24356.15,36.5
"827","4A","5L",47,688,826,24003.5,23837.95,24421.65,37.5
"828","4A","5L",48,689,827,24041,23849.9,24467.15,37.5
"829","4A","5L",49,690,828,24077,23858.95,24520.2,36
"830","4A","5L",50,691,829,24117.5,23867.95,24575.2,40.5
"831","4A","5L",51,692,830,24148.5,23884.95,24634.35,31
"832","4A","5L",52,693,831,24179,23899.9,24707,30.5
"833","4A","5L",53,694,832,24212.5,23906.95,24767.75,33.5
"834","4A","5L",54,695,833,24242,23916.95,24816.2,29.5
"835","4A","5L",55,696,834,24277.5,23926.95,24850.4,35.5
"836","4A","5L",56,697,835,24313,23937.95,24899.2,35.5
"837","4A","5L",57,698,836,24347.5,23956.9,24944.35,34.5
"838","4A","5L",58,699,837,24379,23973.95,24995.05,31.5
"839","4A","5L",59,700,838,24416.5,23989,25047.35,37.5
"840","4A","5L",60,701,839,24450,24007,25101.35,33.5
"841","4A","5L",61,702,840,24491,24022.9,25161.1,41
"842","4A","5L",62,703,841,24529,24045.8,25212.05,38
"843","4A","5L",63,704,842,24580,24066.9,25266.2,51
"844","4A","5L",64,705,843,24658.5,24099.95,25361.25,78.5
"845","4A","5L",65,706,844,24736.5,24177,25473.6,78
"846","4A","5L",66,707,845,24795,24214.9,25547.15,58.5
"847","4A","5L",67,708,846,24843.5,24249,25582.55,48.5
"848","4A","5L",68,709,847,24880,24265.65,25635.05,36.5
"849","4A","5L",69,710,848,24922.5,24288.95,25678.05,42.5
"850","4A","5L",70,711,849,24957,24307.8,25719.05,34.5
"851","4A","5L",71,712,850,24997.5,24323.8,25762.35,40.5
"852","4A","5L",72,713,851,25022,24348.45,25836.6,24.5
"853","4A","5L",73,714,852,25049,24369.95,25876.15,27
"854","4A","5L",74,715,853,25081,24390.75,25906.4,32
"855","4A","5L",75,716,854,25106,24400.9,25943.75,25
"856","4A","5L",76,717,855,25131.5,24422.9,25988.05,25.5
"857","4A","5L",77,718,856,25156,24441.85,26018.1,24.5
"858","4A","5L",78,719,857,25177.5,24462.85,26036.25,21.5
"859","4A","5L",79,720,858,25210.5,24502.6,26072,33
"860","4A","5L",80,721,859,25232.5,24534,26124,22
"861","4A","5L",81,722,860,25260,24555.75,26153.2,27.5
"862","4A","5L",82,723,861,25286.5,24580.8,26169,26.5
"863","4A","5L",83,724,862,25314,24599.95,26208.3,27.5
"864","4A","5L",84,725,863,25342,24632.6,26228.25,28
"865","4A","5L",85,726,864,25366,24647.8,26254.45,24
"866","4A","5L",86,727,865,25398.5,24663,26291.15,32.5
"867","4A","5L",87,728,866,25434.5,24684.95,26320.15,36
"868","4A","5L",88,729,867,25458.5,24704.95,26356.3,24
"869","4A","5L",89,730,868,25486,24726.9,26379.25,27.5
"870","4A","5L",90,731,869,25512.5,24747.95,26403.35,26.5
"871","4A","5L",91,732,870,25542.5,24773.9,26426.25,30
"872","4A","5L",92,733,871,25579,24803.85,26453.4,36.5
"873","4A","5L",93,734,872,25605,24827.3,26484.05,26
"874","4A","5L",94,735,873,25635.5,24843.75,26500.3,30.5
"875","4A","5L",95,736,874,25670,24857.85,26529.15,34.5
"876","4A","5L",96,737,875,25700,24877.9,26542.2,30
"877","4A","5L",97,738,876,25723,24903,26562.2,23
"878","4A","5L",98,739,877,25751,24917.8,26585,28
"879","4A","5L",99,740,878,25778,24946.95,26612.05,27
"880","4A","6L",0,741,879,25807.5,24969.95,26628.4,29.5
"881","4A","6L",1,742,880,25836.5,25001.55,26638.25,29
"882","4A","6L",2,743,881,25860.5,25024.8,26662,24
"883","4A","6L",3,744,882,25885,25064.85,26681,24.5
"884","4A","6L",4,745,883,25906,25109,26707.45,21
"885","4A","6L",5,746,884,25934,25127.6,26737.35,28
"886","4A","6L",6,747,885,25956.5,25131.95,26769.2,22.5
"887","4A","6L",7,748,886,25984.5,25154.35,26786.35,28
"888","4A","6L",8,749,887,26014.5,25181.35,26801.25,30
"889","4A","6L",9,750,888,26037.5,25188.9,26817,23
"890","4A","6L",10,751,889,26063,25209.85,26836.05,25.5
"891","4A","6L",11,752,890,26088.5,25252.95,26852.05,25.5
"892","4A","6L",12,753,891,26115,25273.7,26870.05,26.5
"893","4A","6L",13,754,892,26138.5,25288.8,26885.05,23.5
"894","4A","6L",14,755,893,26166.5,25326.9,26905,28
"895","4A","6L",15,756,894,26204,25393.4,26926.1,37.5
"896","4A","6L",16,757,895,26227,25424.9,26937.3,23
"897","4A","6L",17,758,896,26247.5,25447.8,26957.05,20.5
"898","4A","6L",18,759,897,26272,25469,26969.15,24.5
"899","4A","6L",19,760,898,26296.5,25503,26990,24.5
"900","4A","6L",20,761,899,26321.5,25521,27011,25
"901","4A","6L",21,762,900,26346.5,25562.7,27024.3,25
"902","4A","6L",22,763,901,26380.5,25600.8,27039.35,34
"903","4A","6L",23,764,902,26417,25645.8,27053.6,36.5
"904","4A","6L",24,765,903,26450,25683.65,27076.25,33
"905","4A","6L",25,766,904,26482.5,25702.9,27089.15,32.5
"906","4A","6L",26,767,905,26503,25729,27116.05,20.5
"907","4A","6L",27,768,906,26528.5,25749,27128.1,25.5
"908","4A","6L",28,769,907,26558,25792.5,27139.3,29.5
"909","4A","6L",29,770,908,26578.5,25827.85,27153.3,20.5
"910","4A","6L",30,771,909,26610,25856.75,27173.05,31.5
"911","4A","6L",31,772,910,26631,25879.9,27202.25,21
"912","4A","6L",32,773,911,26662.5,25911,27223.05,31.5
"913","4A","6L",33,774,912,26689,25950.95,27245.05,26.5
"914","4A","6L",34,775,913,26715,26004.8,27258.25,26
"915","4A","6L",35,776,914,26743.5,26042.85,27272.2,28.5
"916","4A","6L",36,777,915,26766,26076.85,27293.25,22.5
"917","4A","6L",37,778,916,26791.5,26108.85,27310,25.5
"918","4A","6L",38,779,917,26813.5,26161.5,27320.05,22
"919","4A","6L",39,780,918,26847.5,26188.95,27339.15,34
"920","4A","6L",40,781,919,26871.5,26230.65,27356.05,24
"921","4A","6L",41,782,920,26898,26266.7,27376.4,26.5
"922","4A","6L",42,783,921,26928,26322.55,27401.05,30
"923","4A","6L",43,784,922,26960.5,26369.9,27413,32.5
"924","4A","6L",44,785,923,26992.5,26413.7,27424.15,32
"925","4A","6L",45,786,924,27022.5,26440,27438,30
"926","4A","6L",46,787,925,27048.5,26479.85,27452.1,26
"927","4A","6L",47,788,926,27080,26532.65,27466.1,31.5
"928","4A","6L",48,789,927,27117.5,26595.85,27481.1,37.5
"929","4A","6L",49,790,928,27152.5,26658.75,27501.1,35
"930","4A","6L",50,791,929,27191.5,26711.65,27531.05,39
"931","4A","6L",51,792,930,27227.5,26791.95,27567.05,36
"932","4A","6L",52,793,931,27298,26913.9,27637,70.5
"933","4A","6L",53,794,932,27360,27000.9,27703.1,62
"934","4A","6L",54,795,933,27413,27071,27762.15,53
"935","4A","6L",55,796,934,27456,27111.95,27799.25,43
"936","4A","6L",56,797,935,27497,27148.95,27833,41
"937","4A","6L",57,798,936,27544,27198.9,27879,47
"938","4A","6L",58,799,937,27588,27243.95,27927.15,44
"939","4A","6L",59,800,938,27637.5,27282.9,27997.05,49.5
"940","4A","6L",60,801,939,27700.5,27343,28088.35,63
"941","4A","6L",61,802,940,27806,27419.95,28304.1,105.5
"942","4A","6L",62,803,941,27881.5,27465.9,28510.1,75.5
"943","4A","6L",63,804,942,27943.5,27494.95,28646.35,62
"944","4A","6L",64,805,943,28001,27518.95,28762.3,57.5
"945","4A","6L",65,806,944,28050,27545,28878.25,49
"946","4A","6L",66,807,945,28094,27575.85,29005.3,44
"947","4A","6L",67,808,946,28142,27605.95,29107.15,48
"948","4A","6L",68,809,947,28186.5,27635.9,29183.05,44.5
"949","4A","6L",69,810,948,28242,27656.85,29244.45,55.5
"950","4A","6L",70,811,949,28292.5,27676.75,29347.2,50.5
"951","4A","6L",71,812,950,28339.5,27706.15,29439.15,47
"952","4A","6L",72,813,951,28390.5,27722.9,29536.7,51
"953","4A","6L",73,814,952,28440,27739.95,29630.05,49.5
"954","4A","6L",74,815,953,28499,27762.9,29674.75,59
"955","4A","6L",75,816,954,28542,27782.75,29760.3,43
"956","4A","6L",76,817,955,28593,27811,29836.15,51
"957","4A","6L",77,818,956,28656.5,27829.85,29936.05,63.5
"958","4A","6L",78,819,957,28710,27848.85,30001.95,53.5
"959","4A","6L",79,820,958,28751,27869.7,30076.5,41
"960","4A","6L",80,821,959,28788.5,27891.8,30184.75,37.5
"961","4A","6L",81,822,960,28832,27918.75,30229.25,43.5
"962","4A","6L",82,823,961,28890,27938.85,30277.5,58
"963","4A","6L",83,824,962,28944,27955,30337.05,54
"964","4A","6L",84,825,963,28989.5,27985.9,30424.05,45.5
"965","4A","6L",85,826,964,29047.5,28021.8,30501.1,58
"966","4A","6L",86,827,965,29095,28050.4,30572.15,47.5
"967","4A","6L",87,828,966,29156,28076.45,30620.3,61
"968","4A","6L",88,829,967,29208,28102.2,30674.35,52
"969","4A","6L",89,830,968,29258,28129.9,30767.05,50
"970","4A","6L",90,831,969,29313,28150.65,30823.2,55
"971","4A","6L",91,832,970,29358,28216.7,30869.85,45
"972","4A","6L",92,833,971,29416,28246.45,30926.4,58
"973","4A","6L",93,834,972,29464.5,28281.1,30996.45,48.5
"974","4A","6L",94,835,973,29519,28324,31045.4,54.5
"975","4A","6L",95,836,974,29574,28353.95,31082.6,55
"976","4A","6L",96,837,975,29632.5,28376.95,31146.6,58.5
"977","4A","6L",97,838,976,29679,28409,31194,46.5
"978","4A","6L",98,839,977,29724.5,28437.7,31261.15,45.5
"979","4A","6L",99,840,978,29773.5,28456.65,31327,49
"980","4A","7L",0,841,979,29819,28490.55,31369.1,45.5
"981","4A","7L",1,842,980,29864.5,28528.6,31419.6,45.5
"982","4A","7L",2,843,981,29916.5,28561.75,31472.8,52
"983","4A","7L",3,844,982,29956,28593.9,31527.65,39.5
"984","4A","7L",4,845,983,30004.5,28618.8,31574.35,48.5
"985","4A","7L",5,846,984,30075.5,28637.9,31633.1,71
"986","4A","7L",6,847,985,30131.5,28680.95,31674.8,56
"987","4A","7L",7,848,986,30158.5,28702.6,31744.15,27
"988","4A","7L",8,849,987,30203,28730.6,31798.5,44.5
"989","4A","7L",9,850,988,30253,28769.45,31828.1,50
"990","4A","7L",10,851,989,30311.5,28804.8,31856.85,58.5
"991","4A","7L",11,852,990,30365.5,28845.9,31890.15,54
"992","4A","7L",12,853,991,30418,28899.7,31932.1,52.5
"993","4A","7L",13,854,992,30478.5,28908.9,31953.85,60.5
"994","4A","7L",14,855,993,30519.5,28954.9,32038.05,41
"995","4A","7L",15,856,994,30563.5,29017.25,32073.9,44
"996","4A","7L",16,857,995,30619,29068.7,32122.15,55.5
"997","4A","7L",17,858,996,30669.5,29121.8,32150.1,50.5
"998","4A","7L",18,859,997,30703,29148.9,32196.1,33.5
"999","4A","7L",19,860,998,30764,29211.3,32225,61
"1000","4A","7L",20,861,999,30810,29292.5,32242.15,46
"1001","4A","7L",21,862,1000,30868,29338.55,32257.15,58
"1002","4A","7L",22,863,1001,30907.5,29382.25,32280.2,39.5
"1003","4A","7L",23,864,1002,30972,29430.85,32309.4,64.5
"1004","4A","7L",24,865,1003,31026,29492.75,32343.25,54
"1005","4A","7L",25,866,1004,31078.5,29539.7,32387.1,52.5
"1006","4A","7L",26,867,1005,31139.5,29601.65,32410.45,61
"1007","4A","7L",27,868,1006,31194.5,29637.5,32441.5,55
"1008","4A","7L",28,869,1007,31258,29673.8,32470.1,63.5
"1009","4A","7L",29,870,1008,31305.5,29717,32502,47.5
"1010","4A","7L",30,871,1009,31352.5,29759.8,32553.15,47
"1011","4A","7L",31,872,1010,31417.5,29845.15,32608.3,65
"1012","4A","7L",32,873,1011,31465.5,29874.1,32661.15,48
"1013","4A","7L",33,874,1012,31519,29908.95,32688,53.5
"1014","4A","7L",34,875,1013,31589,29996.5,32727,70
"1015","4A","7L",35,876,1014,31627,30104,32782.2,38
"1016","4A","7L",36,877,1015,31672.5,30134.8,32820.05,45.5
"1017","4A","7L",37,878,1016,31720,30220.1,32844.15,47.5
"1018","4A","7L",38,879,1017,31768.5,30263.75,32885.05,48.5
"1019","4A","7L",39,880,1018,31833.5,30295.7,32919.05,65
"1020","4A","7L",40,881,1019,31878,30342.6,32938.15,44.5
"1021","4A","7L",41,882,1020,31932.5,30403.35,32964.05,54.5
"1022","4A","7L",42,883,1021,31973,30468.4,32983.45,40.5
"1023","4A","7L",43,884,1022,32017,30554.65,33018.05,44.0000000000036
"1024","4A","7L",44,885,1023,32067.5,30635.65,33042.4,50.5
"1025","4A","7L",45,886,1024,32108,30730.85,33060.5,40.4999999999927
"1026","4A","7L",46,887,1025,32161.5,30779.75,33087.15,53.5000000000036
"1027","4A","7L",47,888,1026,32204.5,30845.9,33106.05,43
"1028","4A","7L",48,889,1027,32253.5,30912.3,33130.1,49.0000000000036
"1029","4A","7L",49,890,1028,32300,30982.95,33153.1,46.4999999999964
"1030","4A","7L",50,891,1029,32358.5,31050.7,33181.2,58.5
"1031","4A","7L",51,892,1030,32412.5,31124.95,33212,54
"1032","4A","7L",52,893,1031,32468,31213.25,33235.2,55.5
"1033","4A","7L",53,894,1032,32522.5,31286.55,33264,54.5
"1034","4A","7L",54,895,1033,32586.5,31376.45,33297.3,64
"1035","4A","7L",55,896,1034,32631,31483.15,33328.35,44.5
"1036","4A","7L",56,897,1035,32680.5,31574.6,33358.1,49.5
"1037","4A","7L",57,898,1036,32738,31649.55,33389.1,57.5
"1038","4A","7L",58,899,1037,32790.5,31752.7,33423.1,52.5
"1039","4A","7L",59,900,1038,32857,31836.85,33455.3,66.5
"1040","4A","7L",60,901,1039,32920.5,31941,33492.15,63.5
"1041","4A","7L",61,902,1040,32994,32083.55,33536.15,73.5
"1042","4A","7L",62,903,1041,33073,32234.65,33589.05,79
"1043","4A","7L",63,904,1042,33189,32393.85,33677.1,116
"1044","4A","7L",64,905,1043,33288.5,32483.7,33873.1,99.5
"1045","4A","7L",65,906,1044,33364.5,32537.95,34054,76
"1046","4A","7L",66,907,1045,33425,32582.9,34171.2,60.5
"1047","4A","7L",67,908,1046,33482.5,32636.3,34283.65,57.5
"1048","4A","7L",68,909,1047,33530.5,32693.95,34385.05,48
"1049","4A","7L",69,910,1048,33578,32762.85,34491.25,47.5
"1050","4A","7L",70,911,1049,33631,32829.6,34574.15,53
"1051","4A","7L",71,912,1050,33676,32850.9,34675.35,45
"1052","4A","7L",72,913,1051,33723,32880.65,34737.6,47
"1053","4A","7L",73,914,1052,33780,32935.9,34826.25,57
"1054","4A","7L",74,915,1053,33827,32984.6,34888.7,47
"1055","4A","7L",75,916,1054,33873.5,33004,34939.05,46.5
"1056","4A","7L",76,917,1055,33913.5,33032.95,34990.25,40
"1057","4A","7L",77,918,1056,33962,33071.55,35040.2,48.5
"1058","4A","7L",78,919,1057,34003.5,33099.55,35109.2,41.5
"1059","4A","7L",79,920,1058,34050.5,33131.95,35177.1,47
"1060","4A","7L",80,921,1059,34093.5,33173.95,35239.2,43
"1061","4A","7L",81,922,1060,34147,33193.5,35383.15,53.5
"1062","4A","7L",82,923,1061,34189,33222.75,35417.1,42
"1063","4A","7L",83,924,1062,34239.5,33239.7,35491.05,50.5
"1064","4A","7L",84,925,1063,34288.5,33269.5,35538.65,49
"1065","4A","7L",85,926,1064,34332,33287.5,35593.7,43.5
"1066","4A","7L",86,927,1065,34375,33308.85,35685.2,43
"1067","4A","7L",87,928,1066,34427.5,33332.85,35734.75,52.5
"1068","4A","7L",88,929,1067,34471.5,33364.1,35775.25,44
"1069","4A","7L",89,930,1068,34517,33397.7,35819.45,45.5
"1070","4A","7L",90,931,1069,34549.5,33419.7,35873.7,32.5
"1071","4A","7L",91,932,1070,34605,33445.95,35952.85,55.5
"1072","4A","7L",92,933,1071,34646,33499.7,36026.05,41
"1073","4A","7L",93,934,1072,34689.5,33517.7,36080.85,43.5
"1074","4A","7L",94,935,1073,34724,33541.35,36122.45,34.5
"1075","4A","7L",95,936,1074,34775.5,33565.8,36230.55,51.5
"1076","4A","7L",96,937,1075,34832,33590.85,36292.35,56.5
"1077","4A","7L",97,938,1076,34873.5,33629.7,36320,41.5
"1078","4A","7L",98,939,1077,34913.5,33672.95,36392.1,40
"1079","4A","7L",99,940,1078,34958,33706.45,36449.1,44.5
"1080","4A","8L",0,941,1079,35006,33736.05,36512.1,48
"1081","4A","8L",1,942,1080,35043,33765.5,36575.5,37
"1082","4A","8L",2,943,1081,35092.5,33834.05,36610.55,49.5
"1083","4A","8L",3,944,1082,35134,33875.25,36639.25,41.5
"1084","4A","8L",4,945,1083,35184,33895.75,36678.5,50
"1085","4A","8L",5,946,1084,35230.5,33926.9,36716.15,46.5
"1086","4A","8L",6,947,1085,35278,33941.75,36774.6,47.5
"1087","4A","8L",7,948,1086,35326,33967.5,36843.2,48
"1088","4A","8L",8,949,1087,35374,34011.45,36886.1,48
"1089","4A","8L",9,950,1088,35421.5,34070.7,36924.4,47.5
"1090","4A","8L",10,951,1089,35468.5,34108.25,37018.05,47
"1091","4A","8L",11,952,1090,35508.5,34128.4,37061.2,40
"1092","4A","8L",12,953,1091,35547.5,34169.8,37101.05,39
"1093","4A","8L",13,954,1092,35599,34182.75,37131.35,51.5
"1094","4A","8L",14,955,1093,35646,34198,37169.55,47
"1095","4A","8L",15,956,1094,35687,34242.7,37223.25,41
"1096","4A","8L",16,957,1095,35731,34267.4,37264.05,44
"1097","4A","8L",17,958,1096,35769.5,34323.45,37314.25,38.5
"1098","4A","8L",18,959,1097,35820,34369,37350.55,50.5
"1099","4A","8L",19,960,1098,35871,34407.8,37386.6,51
"1100","4A","8L",20,961,1099,35917.5,34438.55,37428.35,46.5
"1101","4A","8L",21,962,1100,35957.5,34460.8,37480,40
"1102","4A","8L",22,963,1101,36008,34513.45,37519.6,50.5
"1103","4A","8L",23,964,1102,36060.5,34628,37565.85,52.5
"1104","4A","8L",24,965,1103,36113,34645.8,37616.1,52.5
"1105","4A","8L",25,966,1104,36164.5,34694.95,37634.8,51.5
"1106","4A","8L",26,967,1105,36217,34731.15,37665.2,52.5
"1107","4A","8L",27,968,1106,36264.5,34778.4,37719.1,47.5
"1108","4A","8L",28,969,1107,36312,34816.8,37745.25,47.5
"1109","4A","8L",29,970,1108,36382.5,34849.35,37788.3,70.5
"1110","4A","8L",30,971,1109,36425,34894.55,37815.4,42.5
"1111","4A","8L",31,972,1110,36476,34960.5,37869.15,51
"1112","4A","8L",32,973,1111,36514,34992.25,37899.4,38
"1113","4A","8L",33,974,1112,36558.5,35063.05,37941,44.5
"1114","4A","8L",34,975,1113,36603,35163.65,37987.1,44.5
"1115","4A","8L",35,976,1114,36638.5,35198.7,38022.1,35.5
"1116","4A","8L",36,977,1115,36666.5,35244.9,38049.1,28
"1117","4A","8L",37,978,1116,36705,35296.75,38089.1,38.5
"1118","4A","8L",38,979,1117,36751.5,35321.6,38134.55,46.5
"1119","4A","8L",39,980,1118,36799.5,35380.65,38192.1,48
"1120","4A","8L",40,981,1119,36848,35408.85,38220.2,48.5
"1121","4A","8L",41,982,1120,36895,35442.9,38246.2,47
"1122","4A","8L",42,983,1121,36967.5,35507,38302.5,72.5
"1123","4A","8L",43,984,1122,37018.5,35544.4,38338.05,51
"1124","4A","8L",44,985,1123,37067,35591.6,38359.35,48.5
"1125","4A","8L",45,986,1124,37110.5,35637.8,38399.05,43.5
"1126","4A","8L",46,987,1125,37177.5,35687.25,38419.15,67
"1127","4A","8L",47,988,1126,37225.5,35742.55,38452.3,48
"1128","4A","8L",48,989,1127,37251,35802.65,38486.5,25.5
"1129","4A","8L",49,990,1128,37294.5,35843.6,38516.05,43.5
"1130","4A","8L",50,991,1129,37338.5,35906.5,38551.2,44
"1131","4A","8L",51,992,1130,37394.5,35932.9,38579.1,56
"1132","4A","8L",52,993,1131,37444,35984.45,38599,49.5
"1133","4A","8L",53,994,1132,37482,36045.6,38624,38
"1134","4A","8L",54,995,1133,37532,36097.6,38658.1,50
"1135","4A","8L",55,996,1134,37583,36135,38681.25,51
"1136","4A","8L",56,997,1135,37628.5,36189.4,38706.2,45.5
"1137","4A","8L",57,998,1136,37663,36236.9,38726.2,34.5
"1138","4A","8L",58,999,1137,37701,36294.9,38751.1,38
"1139","4A","8L",59,1000,1138,37738.5,36351.85,38775,37.5
"1140","4A","8L",60,1001,1139,37796.5,36393.9,38791,58
"1141","4A","8L",61,1002,1140,37843,36473,38807,46.5
"1142","4A","8L",62,1003,1141,37878.5,36566.95,38843,35.5
"1143","4A","8L",63,1004,1142,37936.5,36634.65,38865.05,58
"1144","4A","8L",64,1005,1143,37977,36722.05,38877.15,40.5
"1145","4A","8L",65,1006,1144,38029.5,36773.85,38906.25,52.5
"1146","4A","8L",66,1007,1145,38075.5,36825.45,38926.55,46
"1147","4A","8L",67,1008,1146,38105,36848.8,38955,29.5
"1148","4A","8L",68,1009,1147,38142,36905.6,38972.15,37
"1149","4A","8L",69,1010,1148,38194,36969.5,38987.1,52
"1150","4A","8L",70,1011,1149,38232,37004,39002.1,38
"1151","4A","8L",71,1012,1150,38293,37075.9,39017.05,61
"1152","4A","8L",72,1013,1151,38331.5,37172.35,39032.05,38.5
"1153","4A","8L",73,1014,1152,38372,37221.8,39048.1,40.5
"1154","4A","8L",74,1015,1153,38421,37274.6,39062,49
"1155","4A","8L",75,1016,1154,38472.5,37354.6,39076.05,51.5
"1156","4A","8L",76,1017,1155,38521,37412.9,39090.1,48.5
"1157","4A","8L",77,1018,1156,38560.5,37482.6,39107.1,39.5
"1158","4A","8L",78,1019,1157,38604.5,37547.9,39122,44
"1159","4A","8L",79,1020,1158,38663,37598.85,39131.05,58.5
"1160","4A","8L",80,1021,1159,38713,37673.95,39144.1,50
"1161","4A","8L",81,1022,1160,38760,37752.95,39156,47
"1162","4A","8L",82,1023,1161,38804.5,37823.95,39169,44.5
"1163","4A","8L",83,1024,1162,38861,37902.55,39184,56.5
"1164","4A","8L",84,1025,1163,38914,38018.5,39195.05,53
"1165","4A","8L",85,1026,1164,38967.5,38116,39211.05,53.5
"1166","4A","8L",86,1027,1165,39023.5,38242,39228,56
"1167","4A","8L",87,1028,1166,39071,38363.6,39245,47.5
"1168","4A","8L",88,1029,1167,39122,38519.95,39264.15,51
"1169","4A","8L",89,1030,1168,39177,38664.6,39286.05,55
"1170","4A","8L",90,1031,1169,39250,39169,39326.1,73
"1171","4A","8L",91,1032,1170,39313.5,39208.95,39714.15,63.5
"1172","4A","8L",92,1033,1171,39363,39231.95,39899.1,49.5
"1173","4A","8L",93,1034,1172,39410,39244.95,40002.1,47
"1174","4A","8L",94,1035,1173,39454,39257.85,40156.35,44
"1175","4A","8L",95,1036,1174,39499.5,39269.95,40274.3,45.5
"1176","4A","8L",96,1037,1175,39541,39282,40368.55,41.5
"1177","4A","8L",97,1038,1176,39584.5,39292,40438.9,43.5
"1178","4A","8L",98,1039,1177,39617.5,39301,40495.15,33
"1179","4A","8L",99,1040,1178,39662.5,39312.85,40568.3,45
"1180","4A","9L",0,1041,1179,39701,39322,40660.6,38.5
"1181","4A","9L",1,1042,1180,39738.5,39337.85,40725.15,37.5
"1182","4A","9L",2,1043,1181,39780,39349,40795.6,41.5
"1183","4A","9L",3,1044,1182,39824,39360.85,40879.3,44
"1184","4A","9L",4,1045,1183,39875.5,39373,40940.05,51.5
"1185","4A","9L",5,1046,1184,39916.5,39382.95,40985.5,41
"1186","4A","9L",6,1047,1185,39953,39401.95,41045.2,36.5
"1187","4A","9L",7,1048,1186,39993.5,39413,41113.25,40.5
"1188","4A","9L",8,1049,1187,40031,39423.85,41178,37.5
"1189","4A","9L",9,1050,1188,40070.5,39448.75,41252.4,39.5
"1190","4A","9L",10,1051,1189,40116,39465.7,41359.25,45.5
"1191","4A","9L",11,1052,1190,40151,39478.9,41417.4,35
"1192","4A","9L",12,1053,1191,40184,39488.75,41473.1,33
"1193","4A","9L",13,1054,1192,40227.5,39500.9,41526.1,43.5
"1194","4A","9L",14,1055,1193,40262,39513.95,41592.05,34.5
"1195","4A","9L",15,1056,1194,40314,39524.95,41633.15,52
"1196","4A","9L",16,1057,1195,40353.5,39539.8,41658.4,39.5
"1197","4A","9L",17,1058,1196,40391.5,39557.6,41705.4,38
"1198","4A","9L",18,1059,1197,40428.5,39579.95,41761,37
"1199","4A","9L",19,1060,1198,40457.5,39588.95,41810,29
"1200","4A","9L",20,1061,1199,40506,39605.8,41871.1,48.5
"1201","4A","9L",21,1062,1200,40546.5,39619,41910.05,40.5
"1202","4A","9L",22,1063,1201,40588.5,39632.85,41945.3,42
"1203","4A","9L",23,1064,1202,40626.5,39646,41994.25,38
"1204","4A","9L",24,1065,1203,40678.5,39656.65,42032.75,52
"1205","4A","9L",25,1066,1204,40708,39672.75,42077.6,29.5
"1206","4A","9L",26,1067,1205,40744,39701.85,42104,36
"1207","4A","9L",27,1068,1206,40789.5,39737.7,42151.1,45.5
"1208","4A","9L",28,1069,1207,40834.5,39757.9,42224.15,45
"1209","4A","9L",29,1070,1208,40866,39768.75,42259,31.5
"1210","4A","9L",30,1071,1209,40918.5,39777.9,42294.35,52.5
"1211","4A","9L",31,1072,1210,40959.5,39801.95,42352.45,41
"1212","4A","9L",32,1073,1211,41008,39829.6,42437.2,48.5
"1213","4A","9L",33,1074,1212,41068,39849.85,42529.25,60
"1214","4A","9L",34,1075,1213,41113.5,39865.7,42625.05,45.5
"1215","4A","9L",35,1076,1214,41181,39881.7,42692.15,67.5
"1216","4A","9L",36,1077,1215,41231,39908.65,42752.1,50
"1217","4A","9L",37,1078,1216,41301,39946,42876.2,70
"1218","4A","9L",38,1079,1217,41362.5,39992.65,42973,61.5
"1219","4A","9L",39,1080,1218,41504.5,40094.95,43180.7,142
"1220","4A","9L",40,1081,1219,41613.5,40202.8,43349.05,109
"1221","4A","9L",41,1082,1220,41705,40249,43433.25,91.5
"1222","4A","9L",42,1083,1221,41768.5,40306.75,43515.35,63.5
"1223","4A","9L",43,1084,1222,41812,40335.8,43537.1,43.5
"1224","4A","9L",44,1085,1223,41882.5,40396.8,43597.3,70.5
"1225","4A","9L",45,1086,1224,41955,40440.25,43653.05,72.5
"1226","4A","9L",46,1087,1225,41996,40459.8,43728,41
"1227","4A","9L",47,1088,1226,42042.5,40476.65,43773.4,46.5
"1228","4A","9L",48,1089,1227,42081.5,40538.05,43817,39
"1229","4A","9L",49,1090,1228,42128.5,40547.7,43901,47
"1230","4A","9L",50,1091,1229,42186.5,40585.45,43941.25,58
"1231","4A","9L",51,1092,1230,42227.5,40620.85,44017.5,41
"1232","4A","9L",52,1093,1231,42287,40637.95,44125.05,59.5
"1233","4A","9L",53,1094,1232,42312,40664.7,44151.55,25
"1234","4A","9L",54,1095,1233,42345,40711,44216.35,33
"1235","4A","9L",55,1096,1234,42398.5,40733.9,44270.15,53.5
"1236","4A","9L",56,1097,1235,42432.5,40784.35,44324.2,34
"1237","4A","9L",57,1098,1236,42473,40811.2,44357,40.5
"1238","4A","9L",58,1099,1237,42513,40835.5,44400.9,40
"1239","4A","9L",59,1100,1238,42551.5,40855.75,44439.5,38.5
"1240","4A","9L",60,1101,1239,42586,40895.9,44529.5,34.5
"1241","4A","9L",61,1102,1240,42620,40934.5,44589.05,34
"1242","4A","9L",62,1103,1241,42669,40959.65,44624.05,49
"1243","4A","9L",63,1104,1242,42714.5,40991.85,44676.55,45.5
"1244","4A","9L",64,1105,1243,42759,41014.35,44722.9,44.5
"1245","4A","9L",65,1106,1244,42805,41053.7,44784.2,46
"1246","4A","9L",66,1107,1245,42863,41077,44850.4,58
"1247","4A","9L",67,1108,1246,42897.5,41100.9,44888,34.5
"1248","4A","9L",68,1109,1247,42925,41118.9,44967.15,27.5
"1249","4A","9L",69,1110,1248,42979.5,41144.7,45002.45,54.5
"1250","4A","9L",70,1111,1249,43014,41177.5,45123.35,34.5
"1251","4A","9L",71,1112,1250,43052.5,41204.25,45184.05,38.5
"1252","4A","9L",72,1113,1251,43111,41226.3,45214.05,58.5
"1253","4A","9L",73,1114,1252,43156.5,41255.65,45259.7,45.5
"1254","4A","9L",74,1115,1253,43205,41271.6,45334.25,48.5
"1255","4A","9L",75,1116,1254,43235,41308.95,45380.85,30
"1256","4A","9L",76,1117,1255,43278.5,41328.85,45455.45,43.5
"1257","4A","9L",77,1118,1256,43314,41360.5,45534.7,35.5
"1258","4A","9L",78,1119,1257,43362.5,41401.5,45577.3,48.5
"1259","4A","9L",79,1120,1258,43417.5,41427.7,45628.15,55
"1260","4A","9L",80,1121,1259,43452.5,41484.8,45726.1,35
"1261","4A","9L",81,1122,1260,43486,41521.25,45790.35,33.5
"1262","4A","9L",82,1123,1261,43520.5,41561.25,45837.1,34.5
"1263","4A","9L",83,1124,1262,43554,41602.85,45870.55,33.5
"1264","4A","9L",84,1125,1263,43604,41665.8,45932.9,50
"1265","4A","9L",85,1126,1264,43658,41683.6,46006.5,54
"1266","4A","9L",86,1127,1265,43696.5,41708.95,46046.1,38.5
"1267","4A","9L",87,1128,1266,43740,41739.45,46090.55,43.5
"1268","4A","9L",88,1129,1267,43789.5,41773.85,46133.75,49.5
"1269","4A","9L",89,1130,1268,43831,41819.65,46185.2,41.5
"1270","4A","9L",90,1131,1269,43879.5,41835.85,46194.85,48.5
"1271","4A","9L",91,1132,1270,43926,41856.95,46210.2,46.5
"1272","4A","9L",92,1133,1271,43960,41889.5,46256.3,34
"1273","4A","9L",93,1134,1272,44022,41929.8,46305.8,62
"1274","4A","9L",94,1135,1273,44059.5,41970.9,46333.15,37.5
"1275","4A","9L",95,1136,1274,44110,42004.65,46424.55,50.5
"1276","4A","9L",96,1137,1275,44145,42018.95,46448.55,35
"1277","4A","9L",97,1138,1276,44187,42054.65,46515.35,42
"1278","4A","9L",98,1139,1277,44245.5,42082.2,46540.65,58.5
"1279","4A","9L",99,1140,1278,44277,42091.6,46568.2,31.5
"1280","4A","10L",0,1141,1279,44330,42128.65,46632.15,53
"1281","4A","10L",1,1142,1280,44365.5,42182.6,46664.75,35.5
"1282","4A","10L",2,1143,1281,44402.5,42212.6,46692.15,37
"1283","4A","10L",3,1144,1282,44443.5,42268,46738.75,41
"1284","4A","10L",4,1145,1283,44483.5,42325.75,46810.1,40
"1285","4A","10L",5,1146,1284,44513,42364.8,46880.3,29.5
"1286","4A","10L",6,1147,1285,44541.5,42438.3,46919.45,28.5
"1287","4A","10L",7,1148,1286,44597.5,42469.45,47006.1,56
"1288","4A","10L",8,1149,1287,44627,42497.25,47080.05,29.5
"1289","4A","10L",9,1150,1288,44658,42543,47136.25,31
"1290","4A","10L",10,1151,1289,44712.5,42575.85,47222,54.5
"1291","4A","10L",11,1152,1290,44751,42620.65,47258.4,38.5
"1292","4A","10L",12,1153,1291,44801,42645.9,47292.1,50
"1293","4A","10L",13,1154,1292,44860,42673.95,47330.05,59
"1294","4A","10L",14,1155,1293,44920.5,42710.9,47378.15,60.5
"1295","4A","10L",15,1156,1294,44966,42754.75,47428.5,45.5
"1296","4A","10L",16,1157,1295,45004,42785.4,47463.6,38
"1297","4A","10L",17,1158,1296,45042.5,42808.55,47491.65,38.5
"1298","4A","10L",18,1159,1297,45093.5,42868.85,47575.4,51
"1299","4A","10L",19,1160,1298,45141,42899.75,47596.35,47.5
"1300","4A","10L",20,1161,1299,45202,42943,47651.2,61
"1301","4A","10L",21,1162,1300,45233.5,42975.65,47710.5,31.5
"1302","4A","10L",22,1163,1301,45271,43014.5,47784.15,37.5
"1303","4A","10L",23,1164,1302,45307,43056.75,47825.2,36
"1304","4A","10L",24,1165,1303,45371.5,43085.7,47857.1,64.5
"1305","4A","10L",25,1166,1304,45415.5,43103.9,47922.25,44
"1306","4A","10L",26,1167,1305,45464,43118.85,47948.65,48.5
"1307","4A","10L",27,1168,1306,45500.5,43143.45,47982.05,36.5
"1308","4A","10L",28,1169,1307,45551,43223.6,48015.4,50.5
"1309","4A","10L",29,1170,1308,45607.5,43248.65,48097.25,56.5
"1310","4A","10L",30,1171,1309,45663.5,43268.95,48210.85,56
"1311","4A","10L",31,1172,1310,45701,43312.25,48268.75,37.5
"1312","4A","10L",32,1173,1311,45744.5,43332.9,48329.15,43.5
"1313","4A","10L",33,1174,1312,45783,43386.75,48356.75,38.5
"1314","4A","10L",34,1175,1313,45836,43438.05,48396.2,53
"1315","4A","10L",35,1176,1314,45893,43481.95,48443.65,57
"1316","4A","10L",36,1177,1315,45925.5,43562.4,48478.1,32.5
"1317","4A","10L",37,1178,1316,45962.5,43604.25,48551.35,37
"1318","4A","10L",38,1179,1317,46030,43637.4,48601.35,67.5
"1319","4A","10L",39,1180,1318,46078.5,43655.95,48614.65,48.5
"1320","4A","10L",40,1181,1319,46138.5,43680.6,48684.5,60
"1321","4A","10L",41,1182,1320,46169,43727.85,48709.05,30.5
"1322","4A","10L",42,1183,1321,46216,43754.95,48742.65,47
"1323","4A","10L",43,1184,1322,46271,43790.5,48811.5,55
"1324","4A","10L",44,1185,1323,46330,43829,48848.05,59
"1325","4A","10L",45,1186,1324,46363.5,43855.85,48869.3,33.5
"1326","4A","10L",46,1187,1325,46406.5,43911.8,48893.65,43
"1327","4A","10L",47,1188,1326,46448,43953.55,48934.9,41.5
"1328","4A","10L",48,1189,1327,46472.5,43990.55,48970.25,24.5
"1329","4A","10L",49,1190,1328,46508,44041.85,49021.75,35.5
"1330","4A","10L",50,1191,1329,46555.5,44087.7,49044.8,47.5
"1331","4A","10L",51,1192,1330,46603,44169.7,49095.15,47.5
"1332","4A","10L",52,1193,1331,46634.5,44184.65,49109.2,31.5
"1333","4A","10L",53,1194,1332,46699.5,44268.6,49128,65
"1334","4A","10L",54,1195,1333,46728.5,44329.5,49154.5,29
"1335","4A","10L",55,1196,1334,46758.5,44384.2,49225.1,30
"1336","4A","10L",56,1197,1335,46788.5,44418.1,49248.4,30
"1337","4A","10L",57,1198,1336,46830.5,44466.8,49329.6,42
"1338","4A","10L",58,1199,1337,46893.5,44533.75,49345.3,63
"1339","4A","10L",59,1200,1338,46952,44551.9,49362.5,58.5
"1340","4A","10L",60,1201,1339,47011,44571,49412.05,59
"1341","4A","10L",61,1202,1340,47063.5,44626.1,49479.85,52.5
"1342","4A","10L",62,1203,1341,47122.5,44675.6,49532.95,59
"1343","4A","10L",63,1204,1342,47155,44708.95,49547.1,32.5
"1344","4A","10L",64,1205,1343,47204,44782.35,49602.45,49
"1345","4A","10L",65,1206,1344,47269,44817.25,49644.35,65
"1346","4A","10L",66,1207,1345,47312,44854.8,49678.55,43
"1347","4A","10L",67,1208,1346,47375,44871.35,49707.05,63
"1348","4A","10L",68,1209,1347,47408,44920,49737.15,33
"1349","4A","10L",69,1210,1348,47447.5,44959.2,49782.4,39.5
"1350","4A","10L",70,1211,1349,47479,44994.55,49811.3,31.5
"1351","4A","10L",71,1212,1350,47561,45071.7,49830.1,82
"1352","4A","10L",72,1213,1351,47584,45119.95,49846.35,23
"1353","4A","10L",73,1214,1352,47613.5,45144,49906.65,29.5
"1354","4A","10L",74,1215,1353,47647.5,45202.45,49982.5,34
"1355","4A","10L",75,1216,1354,47709,45260.6,49990.85,61.5
"1356","4A","10L",76,1217,1355,47757.5,45338,50062.8,48.5
"1357","4A","10L",77,1218,1356,47803,45351.6,50116.3,45.5
"1358","4A","10L",78,1219,1357,47858,45425.05,50171.15,55
"1359","4A","10L",79,1220,1358,47896.5,45469.45,50225.4,38.5
"1360","4A","10L",80,1221,1359,47938.5,45499.85,50255,42
"1361","4A","10L",81,1222,1360,47982.5,45562.6,50286,44
"1362","4A","10L",82,1223,1361,48014,45577.7,50333.05,31.5
"1363","4A","10L",83,1224,1362,48044,45640.15,50405.75,30
"1364","4A","10L",84,1225,1363,48083,45667.95,50444.25,39
"1365","4A","10L",85,1226,1364,48107,45729.6,50497.95,24
"1366","4A","10L",86,1227,1365,48141,45759.9,50550.05,34
"1367","4A","10L",87,1228,1366,48177,45784.45,50569.85,36
"1368","4A","10L",88,1229,1367,48217.5,45848.95,50629.05,40.5
"1369","4A","10L",89,1230,1368,48276,45869.7,50641.5,58.5
"1370","4A","10L",90,1231,1369,48318,45890.5,50657.4,42
"1371","4A","10L",91,1232,1370,48369,45956.8,50693.35,51
"1372","4A","10L",92,1233,1371,48436,45979.65,50743.05,67
"1373","4A","10L",93,1234,1372,48476.5,46070.15,50777.1,40.5
"1374","4A","10L",94,1235,1373,48525.5,46113.4,50793.35,49
"1375","4A","10L",95,1236,1374,48564.5,46164.45,50830.5,39
"1376","4A","10L",96,1237,1375,48614,46219.2,50868.95,49.5
"1377","4A","10L",97,1238,1376,48691.5,46265.4,50906.85,77.5
"1378","4A","10L",98,1239,1377,48727.5,46303.85,50944.75,36
"1379","4A","10L",99,1240,1378,48761.5,46363.45,50986.85,34
"1380","4A","11L",0,1241,1379,48832,46404.25,51022.3,70.5
"1381","4A","11L",1,1242,1380,48888.5,46435.7,51067.3,56.5
"1382","4A","11L",2,1243,1381,48953.5,46489.15,51088.4,65
"1383","4A","11L",3,1244,1382,48981,46521.35,51132,27.5
"1384","4A","11L",4,1245,1383,49019,46526.9,51163.75,38
"1385","4A","11L",5,1246,1384,49050.5,46608.4,51215.6,31.5
"1386","4A","11L",6,1247,1385,49086,46651.2,51242.5,35.5
"1387","4A","11L",7,1248,1386,49123.5,46689.35,51292.25,37.5
"1388","4A","11L",8,1249,1387,49163,46722.65,51372.55,39.5
"1389","4A","11L",9,1250,1388,49206,46779.95,51430.55,43
"1390","4A","11L",10,1251,1389,49258,46815.45,51497.15,52
"1391","4A","11L",11,1252,1390,49301.5,46862.5,51543,43.5
"1392","4A","11L",12,1253,1391,49331,46889.7,51556,29.5
"1393","4A","11L",13,1254,1392,49368.5,46925.45,51606.9,37.5
"1394","4A","11L",14,1255,1393,49422,46981.95,51668.8,53.5
"1395","4A","11L",15,1256,1394,49470.5,47045.1,51729.35,48.5
"1396","4A","11L",16,1257,1395,49505.5,47121.95,51778.4,35
"1397","4A","11L",17,1258,1396,49545,47183.25,51801.3,39.5
"1398","4A","11L",18,1259,1397,49593.5,47248.9,51862.1,48.5
"1399","4A","11L",19,1260,1398,49619.5,47311.75,51897,26
"1400","4A","11L",20,1261,1399,49665,47383.5,51931.2,45.5
"1401","4A","11L",21,1262,1400,49688.5,47448.4,51963.9,23.5
"1402","4A","11L",22,1263,1401,49745,47500,52061.05,56.5
"1403","4A","11L",23,1264,1402,49787.5,47563,52114.95,42.5
"1404","4A","11L",24,1265,1403,49834.5,47606.45,52215.1,47
"1405","4A","11L",25,1266,1404,49874.5,47628.25,52269.25,40
"1406","4A","11L",26,1267,1405,49909.5,47672.05,52295.2,35
"1407","4A","11L",27,1268,1406,49967.5,47707.25,52316.6,58
"1408","4A","11L",28,1269,1407,50006.5,47782.45,52363.5,39
"1409","4A","11L",29,1270,1408,50079,47842.6,52390.9,72.5
"1410","4A","11L",30,1271,1409,50164,47866.65,52420.9,85
"1411","4A","11L",31,1272,1410,50239.5,47928.6,52516.4,75.5
"1412","4A","11L",32,1273,1411,50267.5,47974.9,52554,28
"1413","4A","11L",33,1274,1412,50323.5,48003.8,52592,56
"1414","4A","11L",34,1275,1413,50369,48039.3,52631.2,45.5
"1415","4A","11L",35,1276,1414,50414.5,48072.95,52723.4,45.5
"1416","4A","11L",36,1277,1415,50466.5,48116.45,52763,52
"1417","4A","11L",37,1278,1416,50548,48221.1,52919.25,81.5
"1418","4A","11L",38,1279,1417,50615,48322.7,53076.1,67
"1419","4A","11L",39,1280,1418,50761,48457.1,53197.1,146
"1420","4A","11L",40,1281,1419,50947.5,48599.5,53277.9,186.5
"1421","4A","11L",41,1282,1420,51045,48733.7,53325.4,97.5
"1422","4A","11L",42,1283,1421,51147.5,48790.55,53450.3,102.5
"1423","4A","11L",43,1284,1422,51220.5,48891.15,53614.6,73
"1424","4A","11L",44,1285,1423,51328.5,48939.6,53744.1,108
"1425","4A","11L",45,1286,1424,51407,48992.85,53822.35,78.5
"1426","4A","11L",46,1287,1425,51462.5,49053.25,53842,55.5
"1427","4A","11L",47,1288,1426,51509,49083.35,53938.15,46.5
"1428","4A","11L",48,1289,1427,51568,49160.75,54019.65,59
"1429","4A","11L",49,1290,1428,51633,49239.8,54057.4,65
"1430","4A","11L",50,1291,1429,51689.5,49285.45,54139.4,56.5
"1431","4A","11L",51,1292,1430,51732,49351.65,54213.4,42.5
"1432","4A","11L",52,1293,1431,51779,49427.5,54298.15,47
"1433","4A","11L",53,1294,1432,51848,49481.45,54377.1,69
"1434","4A","11L",54,1295,1433,51903.5,49532.85,54442.25,55.5
"1435","4A","11L",55,1296,1434,51960.5,49629.85,54496.1,57
"1436","4A","11L",56,1297,1435,51999.5,49695.85,54560.05,39
"1437","4A","11L",57,1298,1436,52057.5,49738.65,54594.9,58
"1438","4A","11L",58,1299,1437,52103,49784.9,54643.25,45.5
"1439","4A","11L",59,1300,1438,52158,49836.2,54667.3,55
"1440","4A","11L",60,1301,1439,52215,49898.55,54741.15,57
"1441","4A","11L",61,1302,1440,52288,49973.75,54791.5,73
"1442","4A","11L",62,1303,1441,52331.5,50028.55,54840.65,43.5
"1443","4A","11L",63,1304,1442,52391,50065.65,54888.7,59.5
"1444","4A","11L",64,1305,1443,52445.5,50102.9,54938.65,54.5
"1445","4A","11L",65,1306,1444,52508,50140.75,54995.7,62.5
"1446","4A","11L",66,1307,1445,52555,50167,55079.7,47
"1447","4A","11L",67,1308,1446,52627.5,50208.45,55166.6,72.5
"1448","4A","11L",68,1309,1447,52681,50243.75,55223.55,53.5
"1449","4A","11L",69,1310,1448,52758.5,50287.9,55259.6,77.5
"1450","4A","11L",70,1311,1449,52822.5,50336.55,55305.05,64
"1451","4A","11L",71,1312,1450,52866,50395.65,55379,43.5
"1452","4A","11L",72,1313,1451,52899,50461.65,55450.05,33
"1453","4A","11L",73,1314,1452,52954.5,50524.85,55507.55,55.5
"1454","4A","11L",74,1315,1453,53033.5,50595.15,55554.05,79
"1455","4A","11L",75,1316,1454,53088.5,50660.8,55604.8,55
"1456","4A","11L",76,1317,1455,53120.5,50718.05,55653.6,32
"1457","4A","11L",77,1318,1456,53177.5,50751.3,55693,57
"1458","4A","11L",78,1319,1457,53233,50825.1,55738.45,55.5
"1459","4A","11L",79,1320,1458,53289.5,50910.9,55801.45,56.5
"1460","4A","11L",80,1321,1459,53338.5,50943.35,55879.3,49
"1461","4A","11L",81,1322,1460,53391.5,50978.2,55936.1,53
"1462","4A","11L",82,1323,1461,53455.5,51013.65,55986.75,64
"1463","4A","11L",83,1324,1462,53513,51048.35,56024.9,57.5
"1464","4A","11L",84,1325,1463,53570.5,51106.45,56089.45,57.5
"1465","4A","11L",85,1326,1464,53632.5,51138.55,56182.1,62
"1466","4A","11L",86,1327,1465,53685,51181.45,56223.25,52.5
"1467","4A","11L",87,1328,1466,53718,51266.2,56271.4,33
"1468","4A","11L",88,1329,1467,53777.5,51315.85,56350.8,59.5
"1469","4A","11L",89,1330,1468,53832,51354.9,56416.05,54.5
"1470","4A","11L",90,1331,1469,53890.5,51430.4,56457.35,58.5
"1471","4A","11L",91,1332,1470,53949.5,51479.15,56509.05,59
"1472","4A","11L",92,1333,1471,53997,51500.7,56602.3,47.5
"1473","4A","11L",93,1334,1472,54070,51573.3,56680.25,73
"1474","4A","11L",94,1335,1473,54118.5,51605.3,56692.4,48.5
"1475","4A","11L",95,1336,1474,54172.5,51659.9,56728.1,54
"1476","4A","11L",96,1337,1475,54237,51770.6,56737.1,64.5
"1477","4A","11L",97,1338,1476,54298.5,51839.95,56764.1,61.5
"1478","4A","11L",98,1339,1477,54364.5,51939.5,56858.65,66
"1479","4A","11L",99,1340,1478,54426,51979.75,56918.1,61.5
"1480","4A","12L",0,1341,1479,54489.5,52021.2,56994.15,63.5
"1481","4A","12L",1,1342,1480,54546.5,52090.25,57038.35,57
"1482","4A","12L",2,1343,1481,54610,52139.05,57068.2,63.5
"1483","4A","12L",3,1344,1482,54674.5,52151.85,57123.1,64.5
"1484","4A","12L",4,1345,1483,54733.5,52181.75,57142.25,59
"1485","4A","12L",5,1346,1484,54797,52271.85,57161.2,63.5
"1486","4A","12L",6,1347,1485,54848,52306,57183.55,51
"1487","4A","12L",7,1348,1486,54919.5,52341.65,57210.7,71.5
"1488","4A","12L",8,1349,1487,54973.5,52376.35,57255.2,54
"1489","4A","12L",9,1350,1488,55042,52412.45,57299.2,68.5
"1490","4A","12L",10,1351,1489,55096.5,52541.9,57342.35,54.5
"1491","4A","12L",11,1352,1490,55172.5,52583,57387.35,76
"1492","4A","12L",12,1353,1491,55248,52622.6,57427.55,75.5
"1493","4A","12L",13,1354,1492,55279.5,52662.85,57502.15,31.5
"1494","4A","12L",14,1355,1493,55322.5,52724.9,57529.3,43
"1495","4A","12L",15,1356,1494,55376,52777,57594.05,53.5
"1496","4A","12L",16,1357,1495,55418.5,52813.35,57607,42.5
"1497","4A","12L",17,1358,1496,55477,52916.8,57612.35,58.5
"1498","4A","12L",18,1359,1497,55553.5,52948.1,57640,76.5
"1499","4A","12L",19,1360,1498,55626,52993,57677.45,72.5
"1500","4A","12L",20,1361,1499,55683.5,53122.85,57701.1,57.5
"1501","4A","12L",21,1362,1500,55731,53165.65,57787.9,47.5
"1502","4A","12L",22,1363,1501,55790.5,53213.8,57793.15,59.5
"1503","4A","12L",23,1364,1502,55854.5,53322.95,57872.5,64
"1504","4A","12L",24,1365,1503,55914,53369.75,57886.8,59.5
"1505","4A","12L",25,1366,1504,55970,53433.7,57912.6,56
"1506","4A","12L",26,1367,1505,56040,53491.8,57975.35,70
"1507","4A","12L",27,1368,1506,56077.5,53530.85,58037.05,37.5
"1508","4A","12L",28,1369,1507,56138,53558.35,58070.85,60.5
"1509","4A","12L",29,1370,1508,56193.5,53614.95,58158.3,55.5
"1510","4A","12L",30,1371,1509,56270.5,53662.75,58232.25,77
"1511","4A","12L",31,1372,1510,56334,53795.6,58286.25,63.5
"1512","4A","12L",32,1373,1511,56400.5,53831.3,58318.65,66.5
"1513","4A","12L",33,1374,1512,56475.5,53906.2,58352.05,75
"1514","4A","12L",34,1375,1513,56535.5,53983.7,58374.05,60
"1515","4A","12L",35,1376,1514,56584.5,54039,58395.05,49
"1516","4A","12L",36,1377,1515,56625.5,54157.65,58427.15,41
"1517","4A","12L",37,1378,1516,56673,54219.9,58473.9,47.5
"1518","4A","12L",38,1379,1517,56749.5,54320.55,58529.3,76.5
"1519","4A","12L",39,1380,1518,56803,54401.4,58555.45,53.5
"1520","4A","12L",40,1381,1519,56864.5,54445.75,58579.05,61.5
"1521","4A","12L",41,1382,1520,56926,54554.9,58604.2,61.5
"1522","4A","12L",42,1383,1521,56996.5,54666.25,58652.7,70.5
"1523","4A","12L",43,1384,1522,57046,54721.05,58692.05,49.5
"1524","4A","12L",44,1385,1523,57092.5,54776,58715.3,46.5
"1525","4A","12L",45,1386,1524,57159.5,54876.55,58749.1,67
"1526","4A","12L",46,1387,1525,57219.5,54945.3,58777.5,60
"1527","4A","12L",47,1388,1526,57274,55026.65,58802.1,54.5
"1528","4A","12L",48,1389,1527,57323,55048.85,58832.2,49
"1529","4A","12L",49,1390,1528,57381,55090.75,58857.15,58
"1530","4A","12L",50,1391,1529,57436,55200.3,58884.2,55
"1531","4A","12L",51,1392,1530,57513.5,55349.85,58911.2,77.5
"1532","4A","12L",52,1393,1531,57571.5,55404.3,58919.7,58
"1533","4A","12L",53,1394,1532,57621,55501.2,58947.7,49.5
"1534","4A","12L",54,1395,1533,57684,55577.75,58975.1,63
"1535","4A","12L",55,1396,1534,57739.5,55597.5,59025.1,55.5
"1536","4A","12L",56,1397,1535,57803,55676.55,59082.55,63.5
"1537","4A","12L",57,1398,1536,57862.5,55754.95,59112.05,59.5
"1538","4A","12L",58,1399,1537,57940,55872.4,59126.2,77.5
"1539","4A","12L",59,1400,1538,57982.5,55976.85,59142.55,42.5
"1540","4A","12L",60,1401,1539,58025.5,56054.5,59172.25,43
"1541","4A","12L",61,1402,1540,58085,56134.3,59201.1,59.5
"1542","4A","12L",62,1403,1541,58142.5,56220.55,59222.15,57.5
"1543","4A","12L",63,1404,1542,58186.5,56290.45,59254.05,44
"1544","4A","12L",64,1405,1543,58265,56371.55,59274.1,78.5
"1545","4A","12L",65,1406,1544,58316,56445.4,59308.05,51
"1546","4A","12L",66,1407,1545,58390.5,56495.55,59343.15,74.5
"1547","4A","12L",67,1408,1546,58429.5,56628.6,59363,39
"1548","4A","12L",68,1409,1547,58491,56722.3,59380,61.5
"1549","4A","12L",69,1410,1548,58557.5,56788.3,59398.05,66.5
"1550","4A","12L",70,1411,1549,58625,56908.85,59417,67.5
"1551","4A","12L",71,1412,1550,58702.5,57031.6,59436.05,77.5
"1552","4A","12L",72,1413,1551,58766,57100.65,59457,63.5
"1553","4A","12L",73,1414,1552,58813.5,57280.9,59474.2,47.5
"1554","4A","12L",74,1415,1553,58876.5,57392,59496,63
"1555","4A","12L",75,1416,1554,58933,57513.2,59514,56.5
"1556","4A","12L",76,1417,1555,58998,57587.7,59537,65
"1557","4A","12L",77,1418,1556,59058,57729.9,59555.1,60
"1558","4A","12L",78,1419,1557,59130.5,57863.15,59572.1,72.5
"1559","4A","12L",79,1420,1558,59195,57943.95,59588.15,64.5
"1560","4A","12L",80,1421,1559,59265,58047,59606.1,70
"1561","4A","12L",81,1422,1560,59331.5,58224.15,59627.1,66.5
"1562","4A","12L",82,1423,1561,59393,58397.7,59647.05,61.5
"1563","4A","12L",83,1424,1562,59462,58561.9,59668.05,69
"1564","4A","12L",84,1425,1563,59534,58725.95,59692,72
"1565","4A","12L",85,1426,1564,59609.5,59024.85,59725,75.5
"1566","4A","12L",86,1427,1565,59700,59612.9,59784,90.5
"1567","4A","12L",87,1428,1566,59766,59656,60106.65,66
"1568","4A","12L",88,1429,1567,59809,59672,60280.4,43
"1569","4A","12L",89,1430,1568,59852,59694,60374,43
"1570","4A","12L",90,1431,1569,59898,59708,60477.35,46
"1571","4A","12L",91,1432,1570,59940,59720.9,60547.25,42
"1572","4A","12L",92,1433,1571,59981,59733.9,60631.3,41
"1573","4A","12L",93,1434,1572,60019,59745,60704,38
"1574","4A","12L",94,1435,1573,60066.5,59758.95,60811.35,47.5
"1575","4A","12L",95,1436,1574,60120,59770.95,60905.2,53.5
"1576","4A","12L",96,1437,1575,60156.5,59782.95,60989.15,36.5
"1577","4A","12L",97,1438,1576,60188.5,59791,61062.6,32
"1578","4A","12L",98,1439,1577,60233,59799.95,61138.8,44.5
"1579","4A","12L",99,1440,1578,60270.5,59807,61187.1,37.5
"1580","4A","13L",0,1441,1579,60312.5,59817.95,61239.55,42
"1581","4A","13L",1,1442,1580,60352,59828,61312.35,39.5
"1582","4A","13L",2,1443,1581,60389.5,59838.9,61389.05,37.5
"1583","4A","13L",3,1444,1582,60419.5,59850.9,61479.05,30
"1584","4A","13L",4,1445,1583,60452,59859.9,61547.75,32.5
"1585","4A","13L",5,1446,1584,60488.5,59869.95,61600.45,36.5
"1586","4A","13L",6,1447,1585,60523.5,59882.95,61685.25,35
"1587","4A","13L",7,1448,1586,60563,59894.95,61731.7,39.5
"1588","4A","13L",8,1449,1587,60594,59903,61792,31
"1589","4A","13L",9,1450,1588,60621,59917.95,61832.1,27
"1590","4A","13L",10,1451,1589,60653,59925.85,61931.05,32
"1591","4A","13L",11,1452,1590,60686,59935.9,61955.45,33
"1592","4A","13L",12,1453,1591,60716.5,59945.6,62003.1,30.5
"1593","4A","13L",13,1454,1592,60746,59951.95,62061.6,29.5
"1594","4A","13L",14,1455,1593,60780,59957.9,62105.85,34
"1595","4A","13L",15,1456,1594,60825,59975,62145.25,45
"1596","4A","13L",16,1457,1595,60865,59984.9,62181.45,40
"1597","4A","13L",17,1458,1596,60901.5,59995,62233.15,36.5
"1598","4A","13L",18,1459,1597,60937,60010.95,62286.7,35.5
"1599","4A","13L",19,1460,1598,60972.5,60026.65,62352.1,35.5
"1600","4A","13L",20,1461,1599,61004.5,60042.75,62402.5,32
"1601","4A","13L",21,1462,1600,61038.5,60074,62463.2,34
"1602","4A","13L",22,1463,1601,61062.5,60090.55,62528.15,24
"1603","4A","13L",23,1464,1602,61102.5,60108.65,62583.2,40
"1604","4A","13L",24,1465,1603,61153,60163.75,62632.05,50.5
"1605","4A","13L",25,1466,1604,61186,60170.9,62671.3,33
"1606","4A","13L",26,1467,1605,61214.5,60206.9,62747,28.5
"1607","4A","13L",27,1468,1606,61248,60223.8,62804.2,33.5
"1608","4A","13L",28,1469,1607,61288,60236,62920.25,40
"1609","4A","13L",29,1470,1608,61313,60244.95,62962.05,25
"1610","4A","13L",30,1471,1609,61352,60256.9,63011.7,39
"1611","4A","13L",31,1472,1610,61381,60269.65,63122.9,29
"1612","4A","13L",32,1473,1611,61424.5,60283.95,63192.35,43.5
"1613","4A","13L",33,1474,1612,61462.5,60313.85,63274.05,38
"1614","4A","13L",34,1475,1613,61506,60331,63295.1,43.5
"1615","4A","13L",35,1476,1614,61537.5,60360.5,63331.5,31.5
"1616","4A","13L",36,1477,1615,61577,60383,63382.3,39.5
"1617","4A","13L",37,1478,1616,61617,60392.85,63412.4,40
"1618","4A","13L",38,1479,1617,61652,60404.7,63444.25,35
"1619","4A","13L",39,1480,1618,61693,60410,63473.2,41
"1620","4A","13L",40,1481,1619,61739.5,60434.8,63506.75,46.5
"1621","4A","13L",41,1482,1620,61761.5,60453.95,63574,22
"1622","4A","13L",42,1483,1621,61796.5,60468.95,63628.2,35
"1623","4A","13L",43,1484,1622,61831.5,60494,63692.5,35
"1624","4A","13L",44,1485,1623,61880,60508.75,63709.95,48.5
"1625","4A","13L",45,1486,1624,61918.5,60536.5,63736.15,38.5
"1626","4A","13L",46,1487,1625,61958.5,60560.65,63772,40
"1627","4A","13L",47,1488,1626,62001.5,60581.9,63813.45,43
"1628","4A","13L",48,1489,1627,62035.5,60627.1,63842.65,34
"1629","4A","13L",49,1490,1628,62078,60651.45,63875.55,42.5
"1630","4A","13L",50,1491,1629,62106.5,60662.95,63927.2,28.5
"1631","4A","13L",51,1492,1630,62140.5,60702.7,63988.6,34
"1632","4A","13L",52,1493,1631,62182.5,60726.9,64026.5,42
"1633","4A","13L",53,1494,1632,62224.5,60771.85,64065.4,42
"1634","4A","13L",54,1495,1633,62260.5,60798.75,64120.2,36
"1635","4A","13L",55,1496,1634,62291,60827.95,64154.7,30.5
"1636","4A","13L",56,1497,1635,62321,60851.95,64207.4,30
"1637","4A","13L",57,1498,1636,62352.5,60860.95,64255.2,31.5
"1638","4A","13L",58,1499,1637,62403,60899.7,64310.9,50.5
"1639","4A","13L",59,1500,1638,62436.5,60904,64374.55,33.5
"1640","4A","13L",60,1501,1639,62457,60922.25,64428,20.5
"1641","4A","13L",61,1502,1640,62480.5,60930.8,64535.45,23.5
"1642","4A","13L",62,1503,1641,62525,60964.15,64595,44.5
"1643","4A","13L",63,1504,1642,62585,60994.75,64671.3,60
"1644","4A","13L",64,1505,1643,62617,61007.5,64754.65,32
"1645","4A","13L",65,1506,1644,62651.5,61027.55,64809.1,34.5
"1646","4A","13L",66,1507,1645,62686,61055.9,64852.85,34.5
"1647","4A","13L",67,1508,1646,62730,61081.55,64864.9,44
"1648","4A","13L",68,1509,1647,62789,61091.9,64930.2,59
"1649","4A","13L",69,1510,1648,62807.5,61125.95,64988.4,18.5
"1650","4A","13L",70,1511,1649,62831,61144.85,65043.35,23.5
"1651","4A","13L",71,1512,1650,62869,61199.7,65080.25,38
"1652","4A","13L",72,1513,1651,62915.5,61205.8,65132.55,46.5
"1653","4A","13L",73,1514,1652,62952.5,61231.35,65142.55,37
"1654","4A","13L",74,1515,1653,62991,61241.85,65253.45,38.5
"1655","4A","13L",75,1516,1654,63029,61252,65307,38
"1656","4A","13L",76,1517,1655,63083.5,61289.65,65320.2,54.5
"1657","4A","13L",77,1518,1656,63119.5,61327.3,65403.1,36
"1658","4A","13L",78,1519,1657,63156,61347.9,65467.65,36.5
"1659","4A","13L",79,1520,1658,63187,61381.7,65501.1,31
"1660","4A","13L",80,1521,1659,63207.5,61411.8,65527.4,20.5
"1661","4A","13L",81,1522,1660,63252,61437.15,65570.5,44.5
"1662","4A","13L",82,1523,1661,63266.5,61469.8,65622.9,14.5
"1663","4A","13L",83,1524,1662,63315,61499.85,65645.5,48.5
"1664","4A","13L",84,1525,1663,63349.5,61528.7,65685.25,34.5
"1665","4A","13L",85,1526,1664,63390.5,61568.9,65705.05,41
"1666","4A","13L",86,1527,1665,63423,61592.4,65754.45,32.5
"1667","4A",NA,87,1528,1666,63454,61618.5,65803,31
"1668","4A",NA,88,1529,1667,63495.5,61629.65,65839.5,41.5
"1669","4A",NA,89,1530,1668,63531,61674.1,65900.25,35.5
"1670","4A",NA,90,1531,1669,63569.5,61684.95,65938.55,38.5
"1671","4A",NA,91,1532,1670,63601.5,61725.75,65980.2,32
"1672","4A",NA,92,1533,1671,63621.5,61753.5,66037.85,20
"1673","4A",NA,93,1534,1672,63647,61808.45,66106.2,25.5
"1674","4A",NA,94,1535,1673,63676.5,61835.45,66119.45,29.5
"1675","4A",NA,95,1536,1674,63707,61860.45,66158.85,30.5
"1676","4A",NA,96,1537,1675,63745,61896,66224.7,38
"1677","4A",NA,97,1538,1676,63778,61916.9,66278.05,33
"1678","4A",NA,98,1539,1677,63818,61949.85,66369.4,40
"1679","4A",NA,99,1540,1678,63866,61989.25,66411.05,48
"1680","4A","14L",0,1541,1679,63910,62011.7,66447.05,44
"1681","4A","14L",1,1542,1680,63954,62036.95,66540.1,44
"1682","4A","14L",2,1543,1681,64010,62071.1,66673.05,56
"1683","4A","14L",3,1544,1682,64035,62110.3,66713.8,25
"1684","4A","14L",4,1545,1683,64076.5,62129.65,66738.15,41.5
"1685","4A","14L",5,1546,1684,64121,62148.95,66766.2,44.5
"1686","4A","14L",6,1547,1685,64165.5,62172.15,66805.8,44.5
"1687","4A","14L",7,1548,1686,64193,62184.15,66894.6,27.5
"1688","4A","14L",8,1549,1687,64223,62195.9,66933.15,30
"1689","4A","14L",9,1550,1688,64255.5,62249.8,66996.2,32.5
"1690","4A","14L",10,1551,1689,64304.5,62268.1,67033,49
"1691","4A","14L",11,1552,1690,64348,62278.8,67056.5,43.5
"1692","4A","14L",12,1553,1691,64375,62305.55,67098,27
"1693","4A","14L",13,1554,1692,64411,62339.7,67139.25,36
"1694","4A","14L",14,1555,1693,64447,62370.4,67169.55,36
"1695","4A","14L",15,1556,1694,64491,62380.55,67214.45,44
"1696","4A","14L",16,1557,1695,64512.5,62406.2,67240.15,21.4999999999927
"1697","4A","14L",17,1558,1696,64530.5,62432.8,67265.75,18.0000000000073
"1698","4A","14L",18,1559,1697,64561.5,62444.65,67300.05,31
"1699","4A","14L",19,1560,1698,64595.5,62474.95,67361.2,34
"1700","4A","14L",20,1561,1699,64636.5,62486.2,67391.8,41
"1701","4A","14L",21,1562,1700,64679,62522.65,67440.45,42.5
"1702","4A","14L",22,1563,1701,64719.5,62534.3,67489.1,40.5
"1703","4A","14L",23,1564,1702,64770.5,62545.95,67499.55,51
"1704","4A","14L",24,1565,1703,64793.5,62575.45,67517.3,23
"1705","4A","14L",25,1566,1704,64831.5,62598.85,67572.55,38
"1706","4A","14L",26,1567,1705,64900.5,62606.55,67622.3,69
"1707","4A","14L",27,1568,1706,64938.5,62637.6,67700.6,38
"1708","4A","14L",28,1569,1707,64964,62667.65,67779.35,25.5
"1709","4A","14L",29,1570,1708,65011,62714.95,67848.65,47
"1710","4A","14L",30,1571,1709,65047,62752.2,67920.3,36
"1711","4A","14L",31,1572,1710,65071,62794.2,67947.95,24
"1712","4A","14L",32,1573,1711,65104.5,62803.95,68028.5,33.5
"1713","4A","14L",33,1574,1712,65138,62816.8,68038.4,33.5
"1714","4A","14L",34,1575,1713,65187,62864.75,68079.65,49
"1715","4A","14L",35,1576,1714,65211.5,62888.65,68148.95,24.4999999999927
"1716","4A","14L",36,1577,1715,65248,62901.9,68186.25,36.5000000000073
"1717","4A","14L",37,1578,1716,65288,62930.6,68202.8,40
"1718","4A","14L",38,1579,1717,65326.5,62987.75,68227.7,38.5
"1719","4A","14L",39,1580,1718,65342.5,63036.7,68237.45,16
"1720","4A","14L",40,1581,1719,65377,63087.95,68255.1,34.5
"1721","4A","14L",41,1582,1720,65409,63145.5,68273.7,32
"1722","4A","14L",42,1583,1721,65427,63153.45,68357.35,18
"1723","4A","14L",43,1584,1722,65475,63169.6,68378.45,48
"1724","4A","14L",44,1585,1723,65503.5,63185.4,68394.7,28.5
"1725","4A","14L",45,1586,1724,65541.5,63195.15,68450.45,38
"1726","4A","14L",46,1587,1725,65560.5,63217.4,68525.25,19
"1727","4A","14L",47,1588,1726,65588,63270.6,68584.35,27.5
"1728","4A","14L",48,1589,1727,65634,63315.85,68599.65,46
"1729","4A","14L",49,1590,1728,65671,63346.7,68648.3,37
"1730","4A","14L",50,1591,1729,65711,63368,68665.55,40
"1731","4A","14L",51,1592,1730,65771,63380,68693.45,60
"1732","4A","14L",52,1593,1731,65832.5,63391.8,68766.05,61.5
"1733","4A","14L",53,1594,1732,65882.5,63404,68807.55,50
"1734","4A","14L",54,1595,1733,65920,63416.8,68835.3,37.5
"1735","4A","14L",55,1596,1734,65948,63428.6,68847.05,28
"1736","4A","14L",56,1597,1735,65988,63461.9,68868.6,40
