"","core","depth_core","pctOrg","drive","depth_core.y","depth_composite","median_age","quant_5perc","quant_95perc","accu_rate"
"1","7A",4,53.6,"1B",4,4,7.5,-49,194.1,15.5
"2","7A",8,43.02,"1B",8,8,64,-34.05,295.05,15
"3","7A",12,36.71,"1B",12,12,116.5,-20,375,12.5
"4","7A",16,32.52,"1B",16,16,171.5,-3.05,447.05,13
"5","7A",20,31.43,"1B",20,20,226,14.95,516.2,15
"6","7A",24,27.33,"1B",24,24,279,38,583.15,14.5
"7","7A",28,23.63,"1B",28,28,324,65,653.2,9.5
"8","7A",32,21.63,"1B",32,32,374.5,91,721.05,12.5
"9","7A",36,20.37,"1B",36,36,427.5,135,762.05,13.5
"10","7A",40,20.22,"1B",40,40,476.5,171.7,804,14.5
"11","7A",44,19.51,"1B",44,44,523,214.95,877.05,7
"12","7A",48,19.87,"1B",48,48,570.5,259.85,911.1,10.5
"13","7A",52,19.62,"1B",52,52,619,309.8,948.05,10.5
"14","7A",56,19.07,"1B",56,56,671,343.95,989.05,12.5
"15","7A",60,18.79,"1B",60,60,718,393,1020.1,11.5
"16","7A",64,19.28,"1B",64,64,769.5,439.95,1051.1,12.5
"17","7A",68,19.18,"1B",68,68,825.5,475.95,1088,12
"18","7A",72,20.21,"1B",72,72,874,517.9,1121.05,12
"19","7A",76,21.89,"1B",76,76,922,607.9,1146,11
"20","7A",80,20.32,"1B",80,80,971.5,662.95,1168.15,13.5
"21","7A",84,20.21,"1B",84,84,1024.5,734.95,1192,12.5
"22","7A",88,20.28,"1B",88,88,1073,817,1213,11.5
"23","7A",92,19.39,"1B",92,92,1124,885.8,1232,13
"24","7A",96,18.74,"1B",96,96,1174,1005.95,1250.05,12
"25","7A",100,18.4,"1B",100,100,1273,1200,1448.15,38
"26","7A",104,17.1,"1B",104,104,1362,1235,1724.2,22.5
"27","7A",108,14.81,"1B",108,108,1458,1263,1870.15,22
"28","7A",112,14.71,"1B",112,112,1543.5,1284.95,2033.3,22
"29","7A",116,14.63,"1B",116,116,1627.5,1316,2145,20
"30","7A",120,15.41,"1B",120,120,1713.5,1344.95,2246.1,21
"31","7A",124,15.45,"1B",124,124,1799,1393.5,2332.05,20
"32","7A",128,13.94,"1B",128,128,1889.5,1436.6,2438.1,22.5
"33","7A",132,15.55,"1B",132,132,1964,1500.95,2535.25,23.5
"34","7A",136,14.91,"1B",136,136,2063,1548.9,2604.05,26
"35","7A",140,14.68,"1B",140,140,2147,1617.9,2696.2,22
"36","7A",144,14.09,"1B",144,144,2233.5,1684.6,2753.55,22.5
"37","7A",148,14.5,"1B",148,148,2317,1757.95,2815.05,15
"38","7A",152,15.27,"2B",2,152,2397,1836.9,2889,21
"39","7A",156,14.49,"2B",6,156,2489,1916.8,2959.05,23
"40","7A",160,14.34,"2B",10,160,2583,1987.95,3025.1,28
"41","7A",164,13.36,"2B",14,164,2662.5,2059,3100.05,19
"42","7A",168,12.72,"2B",18,168,2738,2129.85,3150.05,18.5
"43","7A",172,12.42,"2B",22,172,2814.5,2218.95,3206.05,16
"44","7A",176,13.24,"2B",26,176,2906.5,2352,3256.1,29.5
"45","7A",180,13.05,"2B",30,180,2996,2453.95,3293.05,25
"46","7A",184,12.67,"2B",34,184,3082.5,2584.95,3330,21
"47","7A",188,12.28,"2B",38,188,3163,2691.65,3359,19
"48","7A",196,11.3,"2B",46,196,3345,3054.85,3415,23.5
"49","7A",200,11.26,"2B",50,200,3457.5,3414,3661,37.5
"50","7A",204,11.58,"2B",54,204,3575.5,3443,3963.5,29.5
"51","7A",208,11.79,"2B",58,208,3672,3469,4172.05,24
"52","7A",212,13.99,"2B",62,212,3766,3499,4337,25
"53","7A",216,12.2,"2B",66,216,3865,3527.95,4470,20
"54","7A",220,11.2,"2B",70,220,3960.5,3559,4574.4,19.5
"55","7A",224,11.95,"2B",74,224,4057,3605,4693.15,22.0000000000005
"56","7A",228,12.89,"2B",78,228,4154,3648.9,4796,25.5
"57","7A",232,14.91,"2B",82,232,4247.5,3705.95,4896.05,25
"58","7A",236,11.33,"2B",86,236,4356,3771.65,5008.2,23.5
"59","7A",240,11.2,"2B",90,240,4444,3831.75,5117.25,18
"60","7A",248,11.67,"2B",98,248,4631.5,3999.9,5280.1,30
"61","7A",252,11.59,"2B",102,252,4741,4111.25,5387.1,13
"62","7A",256,12.96,"2B",106,256,4838,4200.65,5459.05,20.5
"63","7A",260,11.64,"2B",110,260,4935.5,4270.95,5530.2,27.5
"64","7A",263,11.61,"2B",113,263,5000.5,4334.85,5577.15,24
"65","7A",268,9.33,"2B",118,268,5124,4461.95,5644,28.5
"66","7A",272,9.73,"2B",122,272,5216,4542.8,5694.1,24
"67","7A",276,10.33,"2B",126,276,5302,4654.95,5736,19.5
"68","7A",280,10.76,"2B",130,280,5411,4791.65,5779,25
"69","7A",284,10.63,"2B",134,284,5501.5,4920,5821.05,21
"70","7A",288,9.81,"2B",138,288,5606,5076.95,5855,26.5
"71","7A",292,9.63,"2B",142,292,5710,5243.85,5887,26
"72","7A",296,9.81,"2B",146,296,5825.5,5484.65,5912.05,32.5
"73","7A",300,10.34,"3B",0,300,5991,5931,6421.05,67
"74","7A",304,11.69,"3B",4,304,6218,5983.95,7056.25,55
"75","7A",308,11.35,"3B",8,308,6408,6035,7448.25,38
"76","7A",312,12.44,"3B",12,312,6604,6086,7737.3,50.5
"77","7A",316,12.73,"3B",16,316,6799,6135.95,7933.1,47
"78","7A",320,11.71,"3B",20,320,6959,6192,8109.6,44.5
"79","7A",324,11.8,"3B",24,324,7136,6302.8,8299.45,50.5
"80","7A",328,11.3,"3B",28,328,7325.5,6394.9,8497.1,49.5
"81","7A",332,12.26,"3B",32,332,7517,6494.95,8702.25,49
"82","7A",336,12.61,"3B",36,336,7695.5,6604.9,8877.15,48
"83","7A",340,12.83,"3B",40,340,7862,6700.4,9047.65,48.5
"84","7A",344,13.57,"3B",44,344,8054.5,6854.85,9225,50
"85","7A",348,14.1,"3B",48,348,8246,6957.9,9396.65,38
"86","7A",352,17.03,"3B",52,352,8416,7106.95,9562.05,41
"87","7A",356,18.79,"3B",56,356,8572.5,7260.85,9707,40.5
"88","7A",360,20.48,"3B",60,360,8750,7411.8,9829,54.5
"89","7A",364,21.23,"3B",64,364,8916,7608.5,9927.05,40.5
"90","7A",368,22.22,"3B",68,368,9088.5,7814.45,10004.05,43.5
"91","7A",372,24.67,"3B",72,372,9257,8032.85,10105.15,39.5
"92","7A",376,29.8,"3B",76,376,9431.5,8282.75,10221.05,48
"93","7A",380,36.86,"3B",80,380,9616,8542.75,10308.45,61
"94","7A",388,24.65,"3B",88,388,9975,9057.55,10437.1,41.5
"95","7A",392,20.61,"3B",92,392,10170,9382.9,10480.15,54.5
"96","7A",396,20.91,"3B",96,396,10370,9773,10529,52
"97","7A",400,20.65,"3B",100,400,10626.5,10534.95,11006.4,86.5
"98","7A",404,18.16,"3B",104,404,10908,10647.9,11472.05,70.5
"99","7A",408,18.4,"3B",108,408,11195,10769.85,11659.05,69
"100","7A",412,18.81,"3B",112,412,11471,10950.85,11791.1,67
"101","7A",416,19.09,"3B",116,416,11753.5,11268.85,11905.1,74.5
"102","7A",424,10.61,"3B",124,424,12059,11909,12353.25,18
"103","4A",288,10.49207673,"1B",97,425,12079.5,11919,12388.25,20.5
"104","4A",289,10.54294176,"1B",98,426,12097,11927,12418.05,17.5
"105","4A",290,11.56158736,"1B",99,427,12115,11935.9,12449,18
"106","4A",291,12.27883935,"1B",100,428,12131,11945,12465.15,16
"107","4A",292,12.79882908,"1B",101,429,12149.5,11952.95,12487,18.5
"108","4A",293,13.06608521,"1B",102,430,12169.5,11960,12519,20
"109","4A",294,13.05409467,"1B",103,431,12188,11967.95,12542.2,18.5
"110","4A",295,13.41394294,"1B",104,432,12204,11980.85,12567.05,16
"111","4A",296,13.60597719,"1B",105,433,12221,11990.85,12580.1,17
"112","4A",297,13.48595614,"1B",106,434,12236,12000.95,12596.1,15
"113","4A",298,13.4583256,"1B",107,435,12254.5,12007.9,12608.05,18.5
"114","4A",299,13.81381381,"1B",108,436,12270.5,12016.95,12629.25,16
"115","4A",300,13.70519456,"1B",109,437,12290,12025.95,12650.05,19.5
"116","4A",301,13.28980623,"1B",110,438,12303,12036.9,12673.35,13
"117","4A",302,13.60918441,"1B",111,439,12324,12042.85,12692,21
"118","4A",303,13.82318728,"1B",112,440,12341.5,12058.65,12709,17.5
"119","4A",304,14.00761744,"1B",113,441,12360,12075.95,12719.3,18.5
"120","4A",305,13.30515298,"1B",114,442,12378,12090.9,12736,18
"121","4A",306,13.49240781,"1B",115,443,12400,12099.95,12750.05,22
"122","4A",307,13.83622428,"1B",116,444,12419.5,12113.95,12759.1,19.5
"123","4A",308,13.88835969,"1B",117,445,12438,12123.95,12768,18.5
"124","4A",309,13.86563202,"1B",118,446,12457,12141.85,12784.05,19
"125","4A",310,13.72098954,"1B",119,447,12474.5,12153.95,12793.1,17.5
"126","4A",311,13.59815048,"1B",120,448,12493,12163.95,12804.15,18.5
"127","4A",312,14.46912574,"1B",121,449,12508,12176.75,12821.05,15
"128","4A",314,15.25974026,"1B",123,451,12540,12203,12842.05,14
"129","4A",315,16.12834225,"1B",124,452,12554,12215.95,12852.05,14
"130","4A",316,16.8161435,"1B",125,453,12574,12229,12868.05,20
"131","4A",317,15.87181428,"1B",126,454,12591,12246.75,12876.1,17
"132","4A",318,18.00364631,"1B",127,455,12610,12266,12885.1,19
"133","4A",319,18.26026119,"1B",128,456,12627.5,12292.9,12893.1,17.5
"134","4A",320,17.42482652,"1B",129,457,12651,12313.8,12908.05,23.5
"135","4A",321,18.50199577,"1B",130,458,12665.5,12333.95,12921,14.5
"136","4A",322,17.77832879,"1B",131,459,12685.5,12352.5,12931.05,20
"137","4A",323,18.28916295,"1B",132,460,12708.5,12383,12941.1,23
"138","4A",324,19.93218697,"1B",133,461,12727,12407,12953.05,18.5
"139","4A",325,23.25338895,"1B",134,462,12745,12425,12963,18
"140","4A",326,22.73635153,"1B",135,463,12763.5,12446.9,12975.05,18.5
"141","4A",327,23.72327044,"1B",136,464,12782,12472.9,12985.05,18.5
"142","4A",328,24.05518896,"1B",137,465,12800,12508.95,13002,18
"143","4A",330,36.61862096,"1B",139,467,12841,12583,13028,22
"144","4A",331,46.17314931,"1B",140,468,12866,12646,13051.05,25
"145","4A",332,40.74889868,"1B",141,469,12908,12718.95,13087,42
"146","4A",333,38.01576263,"1B",142,470,12960,12770.9,13196,52
"147","4A",344,28.66607774,"2B",3,481,13232.5,12941,13606.15,23
"148","4A",345,28.32778702,"2B",4,482,13254,12958.85,13635.05,21.5
"149","4A",346,29.79238754,"2B",5,483,13273,12972,13653,19
"150","4A",347,29.2503864,"2B",6,484,13298.5,12999.65,13668.05,25.5
"151","4A",349,29.24901186,"2B",8,486,13342,13030.9,13706.3,22
"152","4A",350,27.64730119,"2B",9,487,13365.5,13038.95,13727.25,23.5
"153","4A",351,28.74845105,"2B",10,488,13388,13049,13747.15,22.5
"154","4A",352,27.14730752,"2B",11,489,13416,13062.8,13763.15,28
"155","4A",353,23.52716144,"2B",12,490,13436.5,13082.8,13779.15,20.5
"156","4A",354,22.81770199,"2B",13,491,13461,13095.95,13797.05,24.5
"157","4A",355,21.98784412,"2B",14,492,13485,13110.8,13808.05,24
"158","4A",356,23.65376945,"2B",15,493,13505.5,13123.95,13820.05,20.5
"159","4A",357,24.76021314,"2B",16,494,13527,13149.9,13832,21.5
"160","4A",358,24.57446809,"2B",17,495,13548.5,13170,13847,21.5
"161","4A",359,27.30375427,"2B",18,496,13569,13195.9,13859.1,20.5
"162","4A",360,28.55822551,"2B",19,497,13591,13220.9,13875.2,22
"163","4A",361,28.07017544,"2B",20,498,13614.5,13242.9,13891.15,23.5
"164","4A",362,26.49239173,"2B",21,499,13637,13250.95,13902.05,22.5
"165","4A",363,29.4143167,"2B",22,500,13661,13280,13911.05,24
"166","4A",364,34.15398389,"2B",23,501,13680,13312.95,13929,19
"167","4A",365,34.72285845,"2B",24,502,13706,13351.7,13941,26
"168","4A",366,33.68674699,"2B",25,503,13730,13370.85,13953.05,24
"169","4A",367,28.02779616,"2B",26,504,13754,13396.95,13974,24
"170","4A",368,31.09525808,"2B",27,505,13778,13428.85,13993.05,24
"171","4A",369,28.01587302,"2B",28,506,13801,13477.85,14006,23
"172","4A",370,32.2467986,"2B",29,507,13827,13515.75,14025,26
"173","4A",371,35.50561798,"2B",30,508,13858.5,13571.55,14052,31.5
"174","4A",372,36.21713316,"2B",31,509,13892.5,13653.75,14076,34
"175","4A",373,33.06155728,"2B",32,510,13944,13770.95,14118,51.5
"176","4A",374,32.3542306,"2B",33,511,13987,13803.95,14187,43
"177","4A",375,32.23214286,"2B",34,512,14021.5,13830,14234.2,34.5
"178","4A",376,31.84713376,"2B",35,513,14052,13856.95,14283.05,30.5
"179","4A",377,30.94555874,"2B",36,514,14079,13872,14312.2,27
"180","4A",378,31.8975553,"2B",37,515,14106.5,13888.95,14346.15,27.5
"181","4A",379,31.36992414,"2B",38,516,14129,13906,14387.05,22.5
"182","4A",380,32.35527359,"2B",39,517,14155,13925.7,14406,26
"183","4A",381,30.29808085,"2B",40,518,14179,13939,14433.05,24
"184","4A",382,30.49978642,"2B",41,519,14200.5,13951.95,14472.3,21.5
"185","4A",383,27.56559283,"2B",42,520,14222.5,13970.9,14508.05,22
"186","4A",384,27.40458015,"2B",43,521,14245.5,13991.95,14544.1,23
"187","4A",385,31.98090692,"2B",44,522,14274,14019.85,14584.1,28.5
"188","4A",386,31.47810219,"2B",45,523,14306,14037.9,14624,32
"189","4A",387,40.40066778,"2B",46,524,14341,14060.8,14664.05,35
"190","4A",388,39.74181651,"2B",47,525,14401,14109.75,14722.3,60
"191","4A",389,36.46464646,"2B",48,526,14456,14162,14766.15,55
"192","4A",390,28.85208012,"2B",49,527,14496.5,14197.95,14804.35,40.5
"193","4A",391,27.18828153,"2B",50,528,14536,14227.7,14836,39.5
"194","4A",392,25.12019231,"2B",51,529,14574,14263.95,14866.15,38
"195","4A",393,23.51118761,"2B",52,530,14610,14300.8,14896.25,36
"196","4A",394,24.10885397,"2B",53,531,14646.5,14325,14929,36.5
"197","4A",395,20.10495244,"2B",54,532,14684.5,14365.7,14958.1,38
"198","4A",396,17.04256093,"2B",55,533,14724,14391,14985.45,39.5
"199","4A",397,12.15787147,"2B",56,534,14772,14433.95,15023.05,48
"200","4A",401,14.45384332,"2B",60,538,14902.5,14633.9,15145.1,20.5
"201","4A",405,20.24505709,"2B",64,542,14979.5,14718.85,15200,21
"202","4A",409,22.42961088,"2B",68,546,15043,14808.95,15252.15,13
"203","4A",413,23.78143434,"2B",72,550,15126,14913,15330,23
"204","4A",417,21.65354331,"2B",76,554,15293,15073.9,15521.2,40.5
"205","4A",421,31.42076503,"2B",80,558,15444,15186,15702.15,42.5
"206","4A",425,27.55702723,"2B",84,562,15626,15368,15907.05,35
"207","4A",429,36.31739573,"2B",88,566,15768,15467.95,16059.05,38.5
"208","4A",433,34.29097606,"2B",92,570,15905,15599.9,16241.3,19
"209","4A",437,33.98379971,"2B",96,574,15970.5,15669.9,16322.2,18
"210","4A",441,34.27230047,"2B",100,578,16030,15723,16395,15.0000000000018
"211","4A",441,34.27230047,"3L",0,579,16043,15737.95,16404,12.9999999999982
"212","4A",445,38.66153105,"3L",4,583,16113.5,15790,16470.1,16
"213","4A",449,37.37802291,"3L",8,587,16225,15860.8,16621,42.5000000000018
"214","4A",453,31.75416133,"3L",12,591,16369.5,15987.9,16779.15,21.5000000000018
"215","4A",457,23.90852391,"3L",16,595,16458,16065.85,16855.05,17
"216","4A",461,16.74800925,"3L",20,599,16531.5,16127.9,16935.2,17
"217","4A",465,12.40574506,"3L",24,603,16610,16197.65,17002.05,19
"218","4A",469,12.00676437,"3L",28,607,16691.5,16281.75,17063.2,22.5
"219","4A",473,13.24200913,"3L",32,611,16759,16330.9,17129.25,20
"220","4A",477,12.63925461,"3L",36,615,16834,16404.95,17195,20
"221","4A",481,14.93521255,"3L",40,619,16907,16474.7,17229.1,17.5
"222","4A",485,17.17818503,"3L",44,623,16986.5,16588.6,17266.05,21.5
"223","4A",489,18.00214823,"3L",48,627,17062,16672,17301.1,18.5
"224","4A",501,22.99075889,"3L",60,639,17351,17166.95,17425.05,38
"225","4A",505,25.61085973,"3L",64,643,17587.5,17367.95,17891.1,66.5
"226","4A",509,21.40416278,"3L",68,647,17688,17444.9,18023.05,16.5
"227","4A",513,24.09061902,"3L",72,651,17751.5,17482,18108.05,18
"228","4A",517,19.29569267,"3L",76,655,17804.5,17524,18173,11.5
"229","4A",521,14.13461538,"3L",80,659,17859,17557.95,18232.1,14
"230","4A",541,18.29954955,"4L",0,679,18216.5,17780.95,18622.05,46.5
"231","4A",545,18.03030303,"4L",4,683,18345.5,17917,18702.1,20.5
"232","4A",549,13.52746038,"4L",8,687,18414,18011.95,18761,17
"233","4A",553,13.46371882,"4L",12,691,18481.5,18095.95,18797,16.5
"234","4A",557,14.14350113,"4L",16,695,18545.5,18158,18835,16.5
"235","4A",561,15.1827957,"4L",20,699,18601,18238,18875,14
"236","4A",565,18.44149909,"4L",24,703,18661,18319.95,18906.15,16
"237","4A",569,20.08486563,"4L",28,707,18726,18400.6,18950,15.5
"238","4A",573,22.8708134,"4L",32,711,18793,18508.95,18992.1,15.5
"239","4A",577,27.07681613,"4L",36,715,18888.5,18708,19065,38
"240","4A",581,25.73643411,"4L",40,719,19119.5,18848.95,19765.25,46.5
"241","4A",585,24.0491165,"4L",44,723,19294.5,18933.9,20023.05,49.5
"242","4A",589,19.68523002,"4L",48,727,19454,19012,20299,37.5
"243","4A",593,18.91891892,"4L",52,731,19604,19086.85,20454.45,36.5
"244","4A",597,18.89929742,"4L",56,735,19779.5,19171.75,20617.05,35.5
"245","4A",601,19.90728116,"4L",60,739,19947.5,19261.8,20800.05,46
"246","4A",605,19.07028843,"4L",64,743,20107.5,19355,20929.9,28
"247","4A",609,19.24001924,"4L",68,747,20259.5,19482.9,21055.05,35
"248","4A",613,21.39415355,"4L",72,751,20411.5,19598.75,21194.2,41.5
"249","4A",617,23.18168647,"4L",76,755,20570.5,19742.95,21313.05,37.5
"250","4A",621,23.57648507,"4L",80,759,20730,19926.85,21419.15,48
"251","4A",625,22.26666667,"4L",84,763,20909,20119,21540.15,51
"252","4A",629,23.41666667,"4L",88,767,21078.5,20362.6,21688.1,51.5
"253","4A",633,25.17665533,"4L",92,771,21374,20768.8,21907.35,112.5
"254","4A",637,23.27848873,"4L",96,775,21544,20996,22100.3,33
"255","4A",641,20.9461385,"5L",0,779,21677.5,21127.95,22204.2,28.5
"256","4A",645,23.66109379,"5L",4,783,21788,21230,22290,28
"257","4A",649,20.17948718,"5L",8,787,21904,21362.4,22371.05,25
"258","4A",653,15.67701863,"5L",12,791,22014.5,21506,22456.05,28.5
"259","4A",657,18.10788832,"5L",16,795,22128,21644.95,22544.2,30.5
"260","4A",661,22.92072323,"5L",20,799,22313,21907.85,22731.05,74
"261","4A",665,22.76022035,"5L",24,803,22643,22178.35,23231,65
"262","4A",685,11.03688239,"5L",44,823,23888,23796,24175.05,56
"263","4A",689,11.75098672,"5L",48,827,24041,23849.9,24467.15,37.5
"264","4A",693,10.96984515,"5L",52,831,24179,23899.9,24707,30.5
"265","4A",697,9.266578832,"5L",56,835,24313,23937.95,24899.2,35.5
"266","4A",701,8.784194529,"5L",60,839,24450,24007,25101.35,33.5
"267","4A",705,8.125800484,"5L",64,843,24658.5,24099.95,25361.25,78.5
"268","4A",709,9.635907094,"5L",68,847,24880,24265.65,25635.05,36.5
"269","4A",713,10.62766154,"5L",72,851,25022,24348.45,25836.6,24.5
"270","4A",717,9.524819686,"5L",76,855,25131.5,24422.9,25988.05,25.5
"271","4A",721,9.721931842,"5L",80,859,25232.5,24534,26124,22
"272","4A",725,10.53496011,"5L",84,863,25342,24632.6,26228.25,28
"273","4A",729,11.28136798,"5L",88,867,25458.5,24704.95,26356.3,24
"274","4A",741,12.78061792,"6L",0,879,25807.5,24969.95,26628.4,29.5
"275","4A",745,16.51738672,"6L",4,883,25906,25109,26707.45,21
"276","4A",749,12.25651127,"6L",8,887,26014.5,25181.35,26801.25,30
"277","4A",753,10.50087024,"6L",12,891,26115,25273.7,26870.05,26.5
"278","4A",757,10.72164948,"6L",16,895,26227,25424.9,26937.3,23
"279","4A",761,14.53775582,"6L",20,899,26321.5,25521,27011,25
"280","4A",765,11.83407889,"6L",24,903,26450,25683.65,27076.25,33
"281","4A",769,13.42340379,"6L",28,907,26558,25792.5,27139.3,29.5
"282","4A",781,11.78027796,"6L",40,919,26871.5,26230.65,27356.05,24
"283","4A",785,11.13785558,"6L",44,923,26992.5,26413.7,27424.15,32
"284","4A",789,15.19939804,"6L",48,927,27117.5,26595.85,27481.1,37.5
"285","4A",793,22.09067283,"6L",52,931,27298,26913.9,27637,70.5
"286","4A",797,18.19277108,"6L",56,935,27497,27148.95,27833,41
"287","4A",801,25.04738695,"6L",60,939,27700.5,27343,28088.35,63
"288","4A",805,12.50705285,"6L",64,943,28001,27518.95,28762.3,57.5
"289","4A",809,10.815822,"6L",68,947,28186.5,27635.9,29183.05,44.5
"290","4A",813,8.606503853,"6L",72,951,28390.5,27722.9,29536.7,51
"291","4A",817,9.599027947,"6L",76,955,28593,27811,29836.15,51
"292","4A",821,10.93722831,"6L",80,959,28788.5,27891.8,30184.75,37.5
"293","4A",825,10.10774029,"6L",84,963,28989.5,27985.9,30424.05,45.5
"294","4A",829,14.425023,"6L",88,967,29208,28102.2,30674.35,52
"295","4A",841,10.61196106,"7L",0,979,29819,28490.55,31369.1,45.5
"296","4A",845,12.13506859,"7L",4,983,30004.5,28618.8,31574.35,48.5
"297","4A",849,14.64703662,"7L",8,987,30203,28730.6,31798.5,44.5
"298","4A",853,9.559748428,"7L",12,991,30418,28899.7,31932.1,52.5
"299","4A",857,9.092033647,"7L",16,995,30619,29068.7,32122.15,55.5
"300","4A",861,10.48632219,"7L",20,999,30810,29292.5,32242.15,46
"301","4A",865,10.47258357,"7L",24,1003,31026,29492.75,32343.25,54
"302","4A",869,8.612686952,"7L",28,1007,31258,29673.8,32470.1,63.5
"303","4A",873,8.099256833,"7L",32,1011,31465.5,29874.1,32661.15,48
"304","4A",877,7.366867544,"7L",36,1015,31672.5,30134.8,32820.05,45.5
"305","4A",881,7.289920996,"7L",40,1019,31878,30342.6,32938.15,44.5
"306","4A",885,8.157595656,"7L",44,1023,32067.5,30635.65,33042.4,50.5
"307","4A",889,7.57483201,"7L",48,1027,32253.5,30912.3,33130.1,49.0000000000036
"308","4A",893,3.860367275,"7L",52,1031,32468,31213.25,33235.2,55.5
"309","4A",897,11.02255639,"7L",56,1035,32680.5,31574.6,33358.1,49.5
"310","4A",901,8.221952207,"7L",60,1039,32920.5,31941,33492.15,63.5
"311","4A",905,9.531227871,"7L",64,1043,33288.5,32483.7,33873.1,99.5
"312","4A",909,8.736371261,"7L",68,1047,33530.5,32693.95,34385.05,48
"313","4A",913,9.961572569,"7L",72,1051,33723,32880.65,34737.6,47
"314","4A",917,12.29681979,"7L",76,1055,33913.5,33032.95,34990.25,40
"315","4A",921,13.16221766,"7L",80,1059,34093.5,33173.95,35239.2,43
"316","4A",925,14.67433952,"7L",84,1063,34288.5,33269.5,35538.65,49
"317","4A",929,11.6320638,"7L",88,1067,34471.5,33364.1,35775.25,44
"318","4A",933,9.74692697,"7L",92,1071,34646,33499.7,36026.05,41
"319","4A",941,13.6080704,"8L",0,1079,35006,33736.05,36512.1,48
"320","4A",945,11.96761704,"8L",4,1083,35184,33895.75,36678.5,50
"321","4A",949,10.34786438,"8L",8,1087,35374,34011.45,36886.1,48
"322","4A",953,11.07733874,"8L",12,1091,35547.5,34169.8,37101.05,39
"323","4A",957,11.35882832,"8L",16,1095,35731,34267.4,37264.05,44
"324","4A",961,11.88967574,"8L",20,1099,35917.5,34438.55,37428.35,46.5
"325","4A",965,12.06847361,"8L",24,1103,36113,34645.8,37616.1,52.5
"326","4A",969,12.53308423,"8L",28,1107,36312,34816.8,37745.25,47.5
"327","4A",973,14.5611458,"8L",32,1111,36514,34992.25,37899.4,38
"328","4A",977,13.89293223,"8L",36,1115,36666.5,35244.9,38049.1,28
"329","4A",981,16.64275466,"8L",40,1119,36848,35408.85,38220.2,48.5
"330","4A",985,7.993795243,"8L",44,1123,37067,35591.6,38359.35,48.5
"331","4A",989,7.657922597,"8L",48,1127,37251,35802.65,38486.5,25.5
"332","4A",993,9.102416571,"8L",52,1131,37444,35984.45,38599,49.5
"333","4A",997,11.13602392,"8L",56,1135,37628.5,36189.4,38706.2,45.5
"334","4A",1001,11.1406578,"8L",60,1139,37796.5,36393.9,38791,58
"335","4A",1005,12.62318841,"8L",64,1143,37977,36722.05,38877.15,40.5
"336","4A",1009,10.80528468,"8L",68,1147,38142,36905.6,38972.15,37
"337","4A",1013,11.64006604,"8L",72,1151,38331.5,37172.35,39032.05,38.5
"338","4A",1017,12.16857934,"8L",76,1155,38521,37412.9,39090.1,48.5
"339","4A",1021,13.89830508,"8L",80,1159,38713,37673.95,39144.1,50
"340","4A",1025,8.866412715,"8L",84,1163,38914,38018.5,39195.05,53
"341","4A",1029,10.49292983,"8L",88,1167,39122,38519.95,39264.15,51
"342","4A",1033,8.249177352,"8L",92,1171,39363,39231.95,39899.1,49.5
"343","4A",1037,9.948773254,"8L",96,1175,39541,39282,40368.55,41.5
"344","4A",1041,7.381974249,"9L",0,1179,39701,39322,40660.6,38.5
"345","4A",1045,9.936756351,"9L",4,1183,39875.5,39373,40940.05,51.5
"346","4A",1049,10.14224751,"9L",8,1187,40031,39423.85,41178,37.5
"347","4A",1053,10.00404476,"9L",12,1191,40184,39488.75,41473.1,33
"348","4A",1057,9.447300771,"9L",16,1195,40353.5,39539.8,41658.4,39.5
"349","4A",1061,9.506057782,"9L",20,1199,40506,39605.8,41871.1,48.5
"350","4A",1065,5.791807983,"9L",24,1203,40678.5,39656.65,42032.75,52
"351","4A",1069,8.726528647,"9L",28,1207,40834.5,39757.9,42224.15,45
"352","4A",1073,9.09330175,"9L",32,1211,41008,39829.6,42437.2,48.5
"353","4A",1077,7.594936709,"9L",36,1215,41231,39908.65,42752.1,50
"354","4A",1093,5.153445281,"9L",52,1231,42287,40637.95,44125.05,59.5
"355","4A",1097,2.87435581,"9L",56,1235,42432.5,40784.35,44324.2,34
"356","4A",1101,13.243762,"9L",60,1239,42586,40895.9,44529.5,34.5
"357","4A",1105,14.45936139,"9L",64,1243,42759,41014.35,44722.9,44.5
"358","4A",1109,16.75405743,"9L",68,1247,42925,41118.9,44967.15,27.5
"359","4A",1113,15.25867714,"9L",72,1251,43111,41226.3,45214.05,58.5
"360","4A",1117,11.55458922,"9L",76,1255,43278.5,41328.85,45455.45,43.5
"361","4A",1121,12.18811703,"9L",80,1259,43452.5,41484.8,45726.1,35
"362","4A",1125,9.792412312,"9L",84,1263,43604,41665.8,45932.9,50
"363","4A",1129,8.619079386,"9L",88,1267,43789.5,41773.85,46133.75,49.5
"364","4A",1133,10.80874484,"9L",92,1271,43960,41889.5,46256.3,34
"365","4A",1137,12.51633512,"9L",96,1275,44145,42018.95,46448.55,35
"366","4A",1141,9.155722326,"10L",0,1279,44330,42128.65,46632.15,53
"367","4A",1145,9.301736155,"10L",4,1283,44483.5,42325.75,46810.1,40
"368","4A",1149,6.495343628,"10L",8,1287,44627,42497.25,47080.05,29.5
"369","4A",1153,4.718195076,"10L",12,1291,44801,42645.9,47292.1,50
"370","4A",1157,0.454407755,"10L",16,1295,45004,42785.4,47463.6,38
"371","4A",1161,5.263157895,"10L",20,1299,45202,42943,47651.2,61
"372","4A",1165,15.35541025,"10L",24,1303,45371.5,43085.7,47857.1,64.5
"373","4A",1169,13.54479211,"10L",28,1307,45551,43223.6,48015.4,50.5
"374","4A",1173,20.17760237,"10L",32,1311,45744.5,43332.9,48329.15,43.5
"375","4A",1177,14.41981226,"10L",36,1315,45925.5,43562.4,48478.1,32.5
"376","4A",1181,14.0129683,"10L",40,1319,46138.5,43680.6,48684.5,60
"377","4A",1185,10.15307716,"10L",44,1323,46330,43829,48848.05,59
"378","4A",1189,10.77559779,"10L",48,1327,46472.5,43990.55,48970.25,24.5
"379","4A",1193,9.420861606,"10L",52,1331,46634.5,44184.65,49109.2,31.5
"380","4A",1197,7.390608324,"10L",56,1335,46788.5,44418.1,49248.4,30
"381","4A",1201,0.888099467,"10L",60,1339,47011,44571,49412.05,59
"382","4A",1205,8.422477996,"10L",64,1343,47204,44782.35,49602.45,49
"383","4A",1209,8.271125709,"10L",68,1347,47408,44920,49737.15,33
"384","4A",1213,6.784721507,"10L",72,1351,47584,45119.95,49846.35,23
"385","4A",1221,8.440813987,"10L",80,1359,47938.5,45499.85,50255,42
"386","4A",1225,14.2920649,"10L",84,1363,48083,45667.95,50444.25,39
"387","4A",1229,14.74425347,"10L",88,1367,48217.5,45848.95,50629.05,40.5
"388","4A",1232,12.82531043,"10L",91,1370,48369,45956.8,50693.35,51
"389","4A",1241,15.69237148,"11L",0,1379,48832,46404.25,51022.3,70.5
"390","4A",1245,15.74539363,"11L",4,1383,49019,46526.9,51163.75,38
"391","4A",1249,13.35444217,"11L",8,1387,49163,46722.65,51372.55,39.5
"392","4A",1253,12.6394052,"11L",12,1391,49331,46889.7,51556,29.5
"393","4A",1257,14.72835314,"11L",16,1395,49505.5,47121.95,51778.4,35
"394","4A",1261,12.64559068,"11L",20,1399,49665,47383.5,51931.2,45.5
"395","4A",1265,12.49770263,"11L",24,1403,49834.5,47606.45,52215.1,47
"396","4A",1269,17.53004559,"11L",28,1407,50006.5,47782.45,52363.5,39
"397","4A",1273,13.97722811,"11L",32,1411,50267.5,47974.9,52554,28
"398","4A",1277,16.33881975,"11L",36,1415,50466.5,48116.45,52763,52
"399","4A",1281,17.78975741,"11L",40,1419,50947.5,48599.5,53277.9,186.5
"400","4A",1285,19.02227479,"11L",44,1423,51328.5,48939.6,53744.1,108
"401","4A",1289,17.79123414,"11L",48,1427,51568,49160.75,54019.65,59
"402","4A",1293,13.62135783,"11L",52,1431,51779,49427.5,54298.15,47
"403","4A",1297,12.58547941,"11L",56,1435,51999.5,49695.85,54560.05,39
"404","4A",1301,15.88044653,"11L",60,1439,52215,49898.55,54741.15,57
"405","4A",1305,12.97551789,"11L",64,1443,52445.5,50102.9,54938.65,54.5
"406","4A",1309,9.854069505,"11L",68,1447,52681,50243.75,55223.55,53.5
"407","4A",1313,8.335741115,"11L",72,1451,52899,50461.65,55450.05,33
"408","4A",1317,2.816372512,"11L",76,1455,53120.5,50718.05,55653.6,32
"409","4A",1321,3.40826686,"11L",80,1459,53338.5,50943.35,55879.3,49
"410","4A",1325,6.776464672,"11L",84,1463,53570.5,51106.45,56089.45,57.5
"411","4A",1329,3.768821567,"11L",88,1467,53777.5,51315.85,56350.8,59.5
"412","4A",1342,3.248576241,"12L",1,1480,54546.5,52090.25,57038.35,57
"413","4A",1346,1.827553889,"12L",5,1484,54797,52271.85,57161.2,63.5
"414","4A",1350,6.442819973,"12L",9,1488,55042,52412.45,57299.2,68.5
"415","4A",1354,2.268927633,"12L",13,1492,55279.5,52662.85,57502.15,31.5
"416","4A",1358,4.881712354,"12L",17,1496,55477,52916.8,57612.35,58.5
"417","4A",1362,7.028216412,"12L",21,1500,55731,53165.65,57787.9,47.5
"418","4A",1366,6.19663051,"12L",25,1504,55970,53433.7,57912.6,56
"419","4A",1370,7.150027886,"12L",29,1508,56193.5,53614.95,58158.3,55.5
"420","4A",1374,6.664295031,"12L",33,1512,56475.5,53906.2,58352.05,75
"421","4A",1378,9.152119701,"12L",37,1516,56673,54219.9,58473.9,47.5
"422","4A",1382,8.532857871,"12L",41,1520,56926,54554.9,58604.2,61.5
"423","4A",1386,13.61436378,"12L",45,1524,57159.5,54876.55,58749.1,67
"424","4A",1394,15.58740269,"12L",53,1532,57621,55501.2,58947.7,49.5
"425","4A",1398,14.71087124,"12L",57,1536,57862.5,55754.95,59112.05,59.5
"426","4A",1402,18.33165153,"12L",61,1540,58085,56134.3,59201.1,59.5
"427","4A",1406,16.57859974,"12L",65,1544,58316,56445.4,59308.05,51
"428","4A",1410,15.0298141,"12L",69,1548,58557.5,56788.3,59398.05,66.5
"429","4A",1414,13.62987939,"12L",73,1552,58813.5,57280.9,59474.2,47.5
"430","4A",1418,16.65569454,"12L",77,1556,59058,57729.9,59555.1,60
"431","4A",1422,14.02348272,"12L",81,1560,59331.5,58224.15,59627.1,66.5
"432","4A",1426,10.87462587,"12L",85,1564,59609.5,59024.85,59725,75.5
"433","4A",1430,7.487575925,"12L",89,1568,59852,59694,60374,43
"434","4A",1442,9.567943301,"13L",1,1580,60352,59828,61312.35,39.5
"435","4A",1446,8.734903013,"13L",5,1584,60488.5,59869.95,61600.45,36.5
"436","4A",1450,7.780938834,"13L",9,1588,60621,59917.95,61832.1,27
"437","4A",1454,7.380830343,"13L",13,1592,60746,59951.95,62061.6,29.5
"438","4A",1458,7.791085319,"13L",17,1596,60901.5,59995,62233.15,36.5
"439","4A",1462,8.228117463,"13L",21,1600,61038.5,60074,62463.2,34
"440","4A",1466,9.068413392,"13L",25,1604,61186,60170.9,62671.3,33
"441","4A",1470,8.290899595,"13L",29,1608,61313,60244.95,62962.05,25
"442","4A",1474,9.314259058,"13L",33,1612,61462.5,60313.85,63274.05,38
"443","4A",1478,10.24774775,"13L",37,1616,61617,60392.85,63412.4,40
"444","4A",1482,10.68444966,"13L",41,1620,61761.5,60453.95,63574,22
"445","4A",1486,9.550072569,"13L",45,1624,61918.5,60536.5,63736.15,38.5
"446","4A",1490,10.07602113,"13L",49,1628,62078,60651.45,63875.55,42.5
"447","4A",1494,9.733939001,"13L",53,1632,62224.5,60771.85,64065.4,42
"448","4A",1498,9.27963982,"13L",57,1636,62352.5,60860.95,64255.2,31.5
"449","4A",1502,10.28287974,"13L",61,1640,62480.5,60930.8,64535.45,23.5
"450","4A",1506,13.00394579,"13L",65,1644,62651.5,61027.55,64809.1,34.5
"451","4A",1510,8.777512596,"13L",69,1648,62807.5,61125.95,64988.4,18.5
"452","4A",1514,9.542168675,"13L",73,1652,62952.5,61231.35,65142.55,37
"453","4A",1518,9.316427784,"13L",77,1656,63119.5,61327.3,65403.1,36
"454","4A",1522,9.797039524,"13L",81,1660,63252,61437.15,65570.5,44.5
"455","4A",1526,8.792955852,"13L",85,1664,63390.5,61568.9,65705.05,41
"456","4A",1542,9.273913647,"14L",1,1680,63954,62036.95,66540.1,44
"457","4A",1546,9.735744089,"14L",5,1684,64121,62148.95,66766.2,44.5
"458","4A",1550,8.215497738,"14L",9,1688,64255.5,62249.8,66996.2,32.5
"459","4A",1554,10.56801196,"14L",13,1692,64411,62339.7,67139.25,36
"460","4A",1558,10.25366748,"14L",17,1696,64530.5,62432.8,67265.75,18.0000000000073
"461","4A",1562,9.635854342,"14L",21,1700,64679,62522.65,67440.45,42.5
"462","4A",1566,9.530274233,"14L",25,1704,64831.5,62598.85,67572.55,38
"463","4A",1570,9.776864357,"14L",29,1708,65011,62714.95,67848.65,47
"464","4A",1574,3.860202557,"14L",33,1712,65138,62816.8,68038.4,33.5
"465","4A",1578,4.347425624,"14L",37,1716,65288,62930.6,68202.8,40
"466","4A",1582,6.62264906,"14L",41,1720,65409,63145.5,68273.7,32
"467","4A",1586,10.03764115,"14L",45,1724,65541.5,63195.15,68450.45,38
"468","4A",1590,6.428912214,"14L",49,1728,65671,63346.7,68648.3,37
"469","4A",1594,3.174603175,"14L",53,1732,65882.5,63404,68807.55,50
