bins,age,other,Grass,Herbs,Pinus,Quercus,cov_age,char_acc,heinrich,ocfs,mean_age_co2,mean_co2,mean_age_oxy,d18O,PrDens
309,62692.5,145,78,33,53,70,62805.3,36.6,0,NA,NA,NA,62775,-44.24625,0
308,62463,95.5,57,45,29.5,106,62612.9,41.1,0,NA,62672.72,210.56,62575,-43.94125,0
307,NA,NA,NA,NA,NA,NA,62391.642857142855,31.428571428571427,1,NA,62382.32,213.78,62375,-43.8775,0
306,62195,54,32,13,379,22,62182.9,37.125,1,NA,62239.53,215.89,62175,-43.535000000000004,0
305,61945,33,28,20,314,27,61998.4,39.6,1,NA,62026.68,217.06,61975,-43.61875,0
304,61741,41,33,21,328,49,61783.666666666664,38,1,NA,61790.6,217.24,61775,-43.78,0
303,61512.5,27.5,15,15,342.5,24,61577.9,37.9,1,NA,61572.92,221.71,61575,-43.635000000000005,0
302,61254.5,49,43,51,251,68,61386.6,34.9,1,NA,61350.48,218.87,61375,-43.1275,0
301,61058.5,30,29,33,182,52,61198.666666666664,37.583333333333336,1,NA,61148.025,219.75,61175,-43.175,0
300,NA,NA,NA,NA,NA,NA,60986.083333333336,32.916666666666664,1,NA,60941.06,226.88,60975,-43.06125,0
299,60799.5,69,27,33,186,172,60786.5,35.8,1,NA,60752.3,223.57,60775,-43.28125,0
298,NA,NA,NA,NA,NA,NA,60606.75,32.916666666666664,1,NA,60554.68,222.5,60575,-43.114999999999995,0
297,NA,NA,NA,NA,NA,NA,60402.333333333336,35.2,1,NA,NA,NA,60375,-43.0325,0
296,NA,NA,NA,NA,NA,NA,60193.7,NA,1,NA,60246.895000000004,224.94,60175,-40.480000000000004,0
295,59995,57,51,97,76,146,59980.9,42.9,1,NA,60019.524999999994,226.34,59975,-42.12125,0
294,59702.5,75,73,121,69,186,59781.75,60.625,1,NA,59708.1,230.81,59775,-39.08875,0
293,59426,58,47,93,49,103,59571.75,73.75,0,420.147058823529,59494.32,227.88,59575,-39.97,0
292,NA,NA,NA,NA,NA,NA,59395.5,65.66666666666667,0,NA,NA,NA,59375,-40.78375,0
291,NA,NA,NA,NA,NA,NA,59196.833333333336,69,0,NA,59282.3,233,59175,-42.40625,0
290,58935,32,39,155,6,109,58996.333333333336,60.5,0,NA,59075.23,229.91,58975,-40.2225,0
289,NA,NA,NA,NA,NA,NA,58789.625,62.875,0,NA,58850.66,225.19,58775,-40.04375,0
288,58514,76,69,73,49,141,58557.833333333336,65.16666666666667,0,649.318181818182,58623.78,222.29,58575,-39.0475,0
287,NA,NA,NA,NA,NA,NA,58378.666666666664,54.833333333333336,0,NA,58415.71,224.18,58375,-39.44625,0
286,58114,87,48,57,26,121,58198,60,0,NA,58183.96,222.87,58175,-39.92125,0
285,NA,NA,NA,NA,NA,NA,58008.25,54.333333333333336,0,NA,57939.95,227.81,57975,-40.5675,0
284,NA,NA,NA,NA,NA,NA,57801.666666666664,61.5,0,NA,57699.11,220.83,57775,-40.8275,0
283,NA,NA,NA,NA,NA,NA,57597.5,62,0,NA,NA,NA,57575,-40.38375,0
282,NA,NA,NA,NA,NA,NA,57380,54,0,NA,57456.47,220.94,57375,-40.9275,0
281,NA,NA,NA,NA,NA,NA,57186.375,57,0,NA,57234.25,217.54,57175,-42.16625,0
280,NA,NA,NA,NA,NA,NA,56989.5,60.5,0,NA,57026.14,215.25,56975,-42.348749999999995,0
279,NA,NA,NA,NA,NA,NA,56805.666666666664,63.833333333333336,0,NA,56822.49,210.81,56775,-42.95375,0
278,NA,NA,NA,NA,NA,NA,56604.625,49.375,0,238.083333333333,56625.92,210.4,56575,-40.52375,0
277,NA,NA,NA,NA,NA,NA,56403.333333333336,68.33333333333333,0,NA,56359.755000000005,211.225,56375,-39.45875,0
276,NA,NA,NA,NA,NA,NA,56200.666666666664,64.33333333333333,0,NA,56143.05,211.95,56175,-41.870000000000005,0
275,55987.5,50,42,99,34.5,72,56000.375,55.75,0,NA,55973.79,215.42,55975,-42.66,0
274,NA,NA,NA,NA,NA,NA,55792,57,0,NA,55790.68,216.055,55775,-40.463750000000005,0
273,NA,NA,NA,NA,NA,NA,55621,68.83333333333333,0,441.80412371134,55587.325,214.525,55575,-42.31875,0
272,55230,72,64,24,70,177,55398.5,49.375,0,NA,55373.905,213.12,55375,-42.935,0
271,NA,NA,NA,NA,NA,NA,55199.125,59.375,0,NA,55190.8,214.65,55175,-42.40875,0
270,54842.5,126,70,46,45,112,54978.333333333336,70,0,NA,54997.60666666667,217.50666666666666,54975,-39.125,0
269,NA,NA,NA,NA,NA,NA,54792.833333333336,57.833333333333336,0,176.358024691358,54799.23333333334,217.48666666666665,54775,-39.285,0
268,54516,115,108,123,39,88,54580.125,61.666666666666664,0,NA,54607.14,216.22,54575,-38.91375,0
267,NA,NA,NA,NA,NA,NA,54363,NA,0,NA,54400.84,219.08499999999998,54375,-38.815000000000005,0
266,NA,NA,NA,NA,NA,NA,54176,NA,0,NA,54206.76,220.01,54175,-38.980000000000004,0
265,NA,NA,NA,NA,NA,NA,53976.75,55,0,NA,54004.67,221.64499999999998,53975,-39.10625,0
264,53718,62,41,78,28.5,109,53775.833333333336,49,0,1123.5393258427,53789.94,220.5,53775,-39.260000000000005,0
263,NA,NA,NA,NA,NA,NA,53600.25,57.375,0,NA,53566.53,225.245,53575,-39.36750000000001,0
262,NA,NA,NA,NA,NA,NA,53368.75,55.625,0,NA,53344.88,223.71,53375,-39.58875,0
261,NA,NA,NA,NA,NA,NA,53177,48.166666666666664,0,NA,53196.88,225.37,53175,-39.286249999999995,0
260,NA,NA,NA,NA,NA,NA,52993.875,55.625,0,2520.88235294118,52978.61,225.16000000000003,52975,-39.30625,0
259,52796.5,73,67,72,37.5,146,52815.666666666664,61.666666666666664,0,NA,52697.06,223.34,52775,-39.4475,0
258,NA,NA,NA,NA,NA,NA,52592.875,57.666666666666664,0,NA,52615.67,226.78,52575,-39.61875,0
257,52377.5,63,46,35,41,111,52389.333333333336,52.5,0,NA,52399.615,221.82,52375,-39.807500000000005,0
256,NA,NA,NA,NA,NA,NA,52191,57.625,0,NA,52187.2,220.8,52175,-40.82875,0
255,51999.5,59.5,58,35,58.5,102,51980.25,52.375,0,556.558441558442,51965.46000000001,217.14499999999998,51975,-40.411249999999995,0
254,NA,NA,NA,NA,NA,NA,51762.125,53.75,0,NA,51756.25,219.67,51775,-40.573750000000004,0
253,51586.5,112,80,32,85,87,51570,56.833333333333336,0,NA,51614.55,218.94,51575,-40.42375,0
252,51242.5,88.5,67.5,39,74.5,57,51399.333333333336,80.66666666666667,0,NA,51415.13,216.1,51375,-40.448750000000004,0
251,51049.5,131,66,60,82,102,51184,87.75,0,NA,51208.11,214.97,51175,-40.37375,0
250,50838,93,66,26,82.5,76,50996.25,142,0,NA,51012.71000000001,214.6,50975,-40.56875,0
249,NA,NA,NA,NA,NA,NA,50761,146,0,NA,50830.82,211.5,50775,-40.71,0
248,NA,NA,NA,NA,NA,NA,50581.5,74.25,0,NA,50618.445,210.19,50575,-40.545,0
247,50398.5,98,104,19,97.5,80,50393.375,49.75,0,NA,50369.29,206,50375,-40.61625,0
246,NA,NA,NA,NA,NA,NA,50223.666666666664,62.833333333333336,0,414.057971014493,50154.315,208.59,50175,-40.7875,0
245,49976.5,104,84,45,64.5,92,49990.625,51.125,0,NA,50007.015,207.54000000000002,49975,-41.88,0
244,NA,NA,NA,NA,NA,NA,49810.375,46.5,0,NA,49783.845,206.73000000000002,49775,-40.3075,0
243,NA,NA,NA,NA,NA,NA,49602.833333333336,36.333333333333336,0,NA,49577.325,205.515,49575,-40.599999999999994,0
242,NA,NA,NA,NA,NA,NA,49378.7,42.5,0,NA,49442.8,204.47,49375,-40.388749999999995,0
241,49142.5,39,19,15,295,28,49187.625,43,1,NA,49197.76,202.21,49175,-41.15625,0
240,NA,NA,NA,NA,NA,NA,49018,39.5,1,NA,48967.935,202.12,48975,-42.00875,0
239,48716,65.5,21,16,279.5,26,48780.2,63.5,1,375.921052631579,48773.09,204.49,48775,-43.575,0
238,NA,NA,NA,NA,NA,NA,48568,NA,1,NA,48590.51666666667,204.16666666666666,48575,-43.1625,0
237,48303.5,73,53,43,226,83.5,48399.875,46.5,1,NA,48382.89,206.15333333333334,48375,-43.051249999999996,0
236,NA,NA,NA,NA,NA,NA,48183.7,39.75,1,NA,48193.1625,208.6775,48175,-42.61875,0
235,47849.5,41.5,43.5,31,139.5,54,47993.083333333336,37.5,1,0,47990.8075,209.83249999999998,47975,-43.1275,0
234,NA,NA,NA,NA,NA,NA,47781.875,52.625,1,NA,47819.27,210.01,47775,-42.71875,0
233,47599,74,90,79,130,144,47601.5,42.125,1,NA,47588.1,210.20999999999998,47575,-42.631249999999994,0
232,NA,NA,NA,NA,NA,NA,47404.3,42,0,NA,47359.60333333333,212.75666666666666,47375,-40.10375,0
231,47216,53.5,53,58,42.5,91,47187.625,51.375,0,NA,47149.96,216.08,47175,-38.127500000000005,0
230,NA,NA,NA,NA,NA,NA,46980,58.25,0,NA,46982.445,218.1,46975,-38.66,0
229,NA,NA,NA,NA,NA,NA,46761.1,41.75,0,NA,46811.79,219.6,46775,-38.93875,0
228,46514.5,79.5,96,69,46.5,105.5,46575.25,40.5,0,1693.5824742268,46600.28,220.10000000000002,46575,-38.911249999999995,0
227,NA,NA,NA,NA,NA,NA,46404.1,40.3,0,3105.4347826087,46378.2,223.02999999999997,46375,-39.5,0
226,NA,NA,NA,NA,NA,NA,46198.625,48.125,0,NA,46187.51,219.77499999999998,46175,-39.4875,0
225,45833.5,108.5,98,48,45.5,91.5,45977.9,43.75,0,NA,45912.13,221.68,45975,-39.92125,0
224,NA,NA,NA,NA,NA,NA,45766.125,43.125,0,NA,45738.5,218.83,45775,-40.771249999999995,0
223,NA,NA,NA,NA,NA,NA,45580.625,49.875,0,726.35593220339,45621.6,218.72,45575,-40.7025,0
222,NA,NA,NA,NA,NA,NA,45389.5,48.25,0,NA,45396.37,216.89,45375,-41.2025,0
221,45123.5,142,81,32,46,107,45188.2,45.7,0,NA,45164.25,213.41,45175,-41.08625,0
220,NA,NA,NA,NA,NA,NA,44983.25,45.625,0,NA,45045.64,213.06,44975,-40.96125,0
219,NA,NA,NA,NA,NA,NA,44781.125,50.5,0,1058.14814814815,44767.72,209.565,44775,-41.59125,0
218,NA,NA,NA,NA,NA,NA,44587.4,34.9,0,NA,44492.93,211.07,44575,-42.96375,0
217,NA,NA,NA,NA,NA,NA,44405,41.3,0,NA,44383.93,206.04,44375,-42.7125,0
216,NA,NA,NA,NA,NA,NA,44192.9,42.75,0,2040.71428571429,NA,NA,44175,-42.2925,0
215,NA,NA,NA,NA,NA,NA,43991.875,45,0,NA,44053.64,204.12,43975,-43.38875,0
214,43825.5,68.5,69,57,148,51,43787.3,44.3,0,NA,43804.265,207.31,43775,-42.276250000000005,0
213,NA,NA,NA,NA,NA,NA,43584.125,43,0,NA,43603.89,204.76,43575,-39.64875,0
212,NA,NA,NA,NA,NA,NA,43406.5,41.5,0,1536.02150537634,43404.82,207.83,43375,-38.92,0
211,43137.5,63.5,50,57,57.5,82,43197.2,45.2,0,NA,43201.270000000004,207.935,43175,-39.61875,0
210,NA,NA,NA,NA,NA,NA,42973.7,37.9,0,NA,42979.005,211.65,42975,-40.5875,0
209,NA,NA,NA,NA,NA,NA,42785.375,48.5,0,1098.84615384615,42756.455,208.91,42775,-41.18,0
208,NA,NA,NA,NA,NA,NA,42587.9,39,0,NA,NA,NA,42575,-41.72,0
207,NA,NA,NA,NA,NA,NA,42392.2,37.2,0,NA,42472.44,207.48,42375,-42.68,0
206,NA,NA,NA,NA,NA,NA,42207.375,52.833333333333336,0,344.21686746988,42199.505000000005,203.53500000000003,42175,-42.9175,0
205,NA,NA,NA,NA,NA,NA,42018.75,NA,0,NA,41991.08,202.535,41975,-42.595,0
204,41810,37,40,24,306.5,35,41792,NA,0,NA,41847.05,203.33,41775,-41.113749999999996,0
203,NA,NA,NA,NA,NA,NA,41559,142,0,NA,41618.475000000006,203.875,41575,-39.53625,0
202,NA,NA,NA,NA,NA,NA,41331.75,65.75,0,NA,41383.39,207.21499999999997,41375,-40.07875,0
201,NA,NA,NA,NA,NA,NA,41175.166666666664,54.333333333333336,0,3911.36904761905,41193.28,207.87,41175,-41.792500000000004,0
200,41001.5,40.5,66,22,270.5,29,40988.5,50.5,0,NA,41036.425,204.78,40975,-43.315,0
199,NA,NA,NA,NA,NA,NA,40788.4,37.875,0,NA,40803.56333333333,201.87,40775,-42.78125,0
198,40465,34,40,31,250,44,40589.2,44.2,0,NA,40584.85,201.655,40575,-42.29875,0
197,NA,NA,NA,NA,NA,NA,40389,39.1,0,975.993788819876,40397.895000000004,200.935,40375,-41.635000000000005,0
196,40187,38,70,25,255,71,40188.1,38.3,1,NA,40186.42,201.63,40175,-41.47625,0
195,39955,45,52.5,28,227,44.5,39992.9,39,1,NA,39986.880000000005,202,39975,-43.10875,0
194,NA,NA,NA,NA,NA,NA,39783.8,42.875,1,NA,39786.67,205.735,39775,-43.16125,0
193,NA,NA,NA,NA,NA,NA,39581,41.7,1,NA,39600.64,203.5,39575,-43.17,0
192,39357,29,29,18,270,20,39385.125,51,1,NA,39386.37333333334,215.68333333333334,39375,-43.42375,0
191,NA,NA,NA,NA,NA,NA,39183,59.666666666666664,1,NA,39191.759999999995,214.41,39175,-43.2225,0
190,38876,55.5,44,20,254,23,38994,52.5,1,2813.71212121212,38996.83,212.71333333333334,38975,-42.94125,0
189,NA,NA,NA,NA,NA,NA,38784.625,49.5,1,NA,38797.535,215.375,38775,-43.050000000000004,0
188,NA,NA,NA,NA,NA,NA,38587.25,47.625,1,NA,38602.909999999996,213.87666666666667,38575,-42.491249999999994,0
187,38355,30,25,37,279.5,31,38378,48.1,1,NA,38398.455,216.54000000000002,38375,-40.87625,0
186,NA,NA,NA,NA,NA,NA,38168.25,39.125,0,3198.13432835821,38190.513333333336,219.09666666666666,38175,-38.51375,0
185,NA,NA,NA,NA,NA,NA,38004.625,49.25,0,NA,37967.729999999996,219.95,37975,-39.0925,0
184,NA,NA,NA,NA,NA,NA,37791.5,39.375,0,NA,37818.9,221,37775,-38.94625,0
183,37603,44.5,28,26,269,35,37601.625,43.666666666666664,0,NA,37581.56,219.01,37575,-39.11750000000001,0
182,NA,NA,NA,NA,NA,NA,37390.7,46.2,0,1544.32432432432,37392.51,216.96499999999997,37375,-39.85,0
181,NA,NA,NA,NA,NA,NA,37191.125,46,0,NA,37199.265,212.455,37175,-40.4125,0
180,NA,NA,NA,NA,NA,NA,36987,54.75,0,NA,36999.82,210.6,36975,-41.31875,0
179,NA,NA,NA,NA,NA,NA,36776,45.375,0,3571.25,36823.774999999994,208.565,36775,-41.01125,0
178,36602,35,35,23,302.5,38,36596.1,38.1,0,NA,36492.63,208.87,36575,-41.915,0
177,36228,48,28,51,176,97,36398.875,52.875,0,NA,NA,NA,36375,-42.37375,0
176,NA,NA,NA,NA,NA,NA,36189.75,51,0,NA,36175.78,209.77499999999998,36175,-42.83625,0
175,NA,NA,NA,NA,NA,NA,35985.875,47.375,0,NA,NA,NA,35975,-43.02,0
174,35667.5,47,32,120,6.5,94,35797.875,46,0,NA,35719.69,207.32,35775,-43.76375,0
173,NA,NA,NA,NA,NA,NA,35597.6,43.7,0,NA,NA,NA,35575,-42.510000000000005,0
172,35294,53,87,130,110,142,35397.5,47.625,0,NA,35382.14,212.445,35375,-40.4675,0
171,NA,NA,NA,NA,NA,NA,35183.8,47,0,1058.14814814815,35186.12,210.77666666666667,35175,-39.35,0
170,34956,67,46,112.5,11.5,64,34980.125,42.5,0,NA,34965.86,210.69333333333333,34975,-39.81,0
169,NA,NA,NA,NA,NA,NA,34778.9,NA,0,NA,34778.61,209.82999999999998,34775,-40.82,0
168,34587,54,143,53,120,94,34579.375,47.333333333333336,0,NA,34583.899999999994,209.155,34575,-40.97875,0
167,NA,NA,NA,NA,NA,NA,34401.5,45.75,0,740.155440414508,34366.04,203.5,34375,-42.9,0
166,34154.5,60,81,46,44,73.5,34191.5,49,0,NA,34202.21,206.37,34175,-42.97,0
165,NA,NA,NA,NA,NA,NA,33982.375,44.25,0,NA,NA,NA,33975,-42.7575,0
164,NA,NA,NA,NA,NA,NA,33800.875,49.375,0,2295.80357142857,33747.32,206.37,33775,-42.97625,0
163,NA,NA,NA,NA,NA,NA,33603.875,48.666666666666664,0,NA,NA,NA,33575,-40.805,0
162,NA,NA,NA,NA,NA,NA,33424,66.75,0,NA,33462.12,205.72,33375,-39.87,0
161,NA,NA,NA,NA,NA,NA,33238.75,107.75,0,NA,33267.11,204.2,33175,-42.6,0
160,NA,NA,NA,NA,NA,NA,32995.833333333336,72,0,NA,32992.98,202.47,32975,-43.475,0
159,NA,NA,NA,NA,NA,NA,32795.166666666664,58.833333333333336,0,NA,32829.01,201.68,32775,-43.675,0
158,NA,NA,NA,NA,NA,NA,32605.125,53.125,0,1029.54954954955,32582.06,203.04,32575,-44.332499999999996,0
157,NA,NA,NA,NA,NA,NA,32384.75,53.6249999999991,0,NA,32388.88,204.91,32375,-43.792500000000004,0
156,NA,NA,NA,NA,NA,NA,32181.875,46.49999999999998,0,2316.44444444444,NA,NA,32175,-40.02,0
155,31893.5,39,84,40,251,42,31997.5,47.3750000000009,0,NA,32082.24,201.66,31975,-40.5975,0
154,NA,NA,NA,NA,NA,NA,31800,51.375,0,NA,31848.06,198.96,31775,-42.8375,0
153,31546.5,69.5,97,83.5,28.5,24,31601.875,45.666666666666664,0,NA,31504.78,194.89,31575,-43.7325,0
152,31228,86,83,62,198,43,31385.25,51.875,0,2405.53846153846,NA,NA,31375,-43.68625,0
151,NA,NA,NA,NA,NA,NA,31197.333333333332,59.833333333333336,1,NA,31281.33,195.07,31175,-43.7225,0
150,NA,NA,NA,NA,NA,NA,30996,52.625,1,NA,30985.8,194.43,30975,-43.835,0
149,30627.5,49.5,77,38,113,71,30786.25,55,1,NA,30800.55,190.73,30775,-43.68125,0
148,NA,NA,NA,NA,NA,NA,30592.875,47.75,1,NA,30577,191.11,30575,-43.8725,0
147,30282,62.5,43,79,173,43,30393.375,56.375,1,NA,30429.43,191.28,30375,-42.973749999999995,0
146,NA,NA,NA,NA,NA,NA,30186.5,44.375,1,NA,30206.28,194.38,30175,-43.62375,0
145,29971,66,70,58,235,32,29988.125,53,1,NA,30067.41,194.95,29975,-44.37375,0
144,NA,NA,NA,NA,NA,NA,29795.375,45.5,0,17002.2524271845,29792.59,197.235,29775,-44.6,0
143,NA,NA,NA,NA,NA,NA,29601.125,NA,0,NA,29528.81,194.95,29575,-44.28,0
142,29282,69,49,68,170,40,29387.875,NA,0,NA,29400.98,195.71,29375,-44.55,0
141,29088,65.5,50,69,106,56,29179.25,61,0,NA,29210.8,198.95,29175,-44.89875,0
140,28888,81.5,52.5,94,127,52.5,28967.75,52.5,0,12354.3703703704,28991.434999999998,198.8,28975,-43.90375,0
139,NA,NA,NA,NA,NA,NA,28770.375,37.5,0,NA,28775.92,201.37,28775,-44.144999999999996,0
138,28607.5,75,46,91,46,54,28572.625,51,0,NA,28581.76,197.49,28575,-42.006249999999994,0
137,28343,77,64,88,26,58,28365.625,51,0,NA,28452.51,196.23,28375,-40.235,0
136,28053,130.5,60,112,34.5,63,28166.125,44.5,0,6254.4,28213.800000000003,197.13,28175,-43.222500000000004,0
135,NA,NA,NA,NA,NA,NA,27998.166666666668,57.5,0,NA,27995.5,198.23,27975,-44.042500000000004,0
134,27669,96.5,51,170,35,69,27796,63,0,NA,27800.095,195.815,27775,-44.28,0
133,27465,84.5,48,96,56,43,27566.625,44,0,NA,27632.355000000003,200.565,27575,-44.1175,0
132,27231,120,37,70,53.5,45,27381.75,57.125,0,3207.38461538462,27382.623333333333,201.18333333333334,27375,-40.66,0
131,NA,NA,NA,NA,NA,NA,27172.25,36.875,0,NA,27207.095,198.085,27175,-41.69625,0
130,26940,124,56.5,140,29.5,55,26990,29.785714285714285,0,6827.41520467836,27028.53,201.42666666666668,26975,-44.09625,0
129,26682,81,52,95,48.5,38,26792.64285714286,26.071428571428573,0,NA,26794.8,197.00666666666666,26775,-43.03750000000001,0
128,26427,117.5,45.5,141.5,30,62.5,26595.0625,25.8125,0,5685.81818181818,26547.59,197.64333333333335,26575,-43.348749999999995,0
127,NA,NA,NA,NA,NA,NA,26384.928571428572,29.416666666666668,0,NA,26365.02,196.485,26375,-43.756249999999994,0
126,26165,134,47,91,66.5,63.5,26195.785714285714,26.214285714285715,0,17485.4193548387,26181.293333333335,195.57,26175,-43.5875,0
125,NA,NA,NA,NA,NA,NA,25998.0625,25.857142857142858,0,NA,25993.09,197.34,25975,-43.942499999999995,0
124,25759.5,82.5,35,84,173,30,25792.6875,26.75,0,2316.44444444444,25800.703333333335,191.90666666666667,25775,-42.81,0
123,NA,NA,NA,NA,NA,NA,25590.75,26.5,0,NA,25608.364999999998,193.78,25575,-42.932500000000005,0
122,25374.5,62.5,37,46,249,29,25399.928571428572,28.666666666666668,0,3069.50413223141,25386.7625,189.46,25375,-44.0075,0
121,25033,61,29,71,233.5,31,25195.0625,25.6875,0,2153.31455399061,25177.92,190.73,25175,-44.332499999999996,0
120,NA,NA,NA,NA,NA,NA,25004.833333333332,33.5,0,NA,24988.475,193.825,24975,-43.475,0
119,24729,52,30,48,147.5,20,24813.75,55.375,0,NA,24843.315000000002,194.07,24775,-43.735,0
118,NA,NA,NA,NA,NA,NA,24564.625,64.75,1,4477.42281879195,24628.01,195.48,24575,-43.52625,0
117,24387,37,18,43,180.5,27,24381.2,35.25,1,NA,24380.63,195.77666666666667,24375,-43.39,0
116,NA,NA,NA,NA,NA,NA,24196.166666666668,33.416666666666664,1,NA,24189.303333333333,196.13,24175,-43.75,0
115,NA,NA,NA,NA,NA,NA,24003.4,38.25,1,5805.77215189873,24048.123333333333,201.94666666666666,23975,-43.34125,0
114,23728,41,30,50,163,32,23790.5,66.75,1,NA,23803.246666666666,197.67666666666668,23775,-43.30499999999999,0
113,23481.25,103,68,172.5,435,82.5,23588,66,1,NA,23645.485,196.605,23575,-43.865,0
112,23386.5,65.5,24,86,180,54,23391.375,63.375,1,NA,23414.453333333335,198.18666666666667,23375,-43.24875,0
111,23136,60,47.5,82,174,55,23170.333333333332,58,0,4963.80952380952,23197.196666666667,196.91666666666666,23175,-43.707499999999996,0
110,NA,NA,NA,NA,NA,NA,22994.833333333332,57.5,0,NA,22979.34,199.14999999999998,22975,-43.73125,0
109,NA,NA,NA,NA,NA,NA,22787.5,59.125,0,NA,22786.59,199.59666666666666,22775,-42.275000000000006,0
108,NA,NA,NA,NA,NA,NA,22577.333333333332,69.5,0,NA,22557.656666666666,195.68,22575,-41.64,0
107,22303,85.5,29,82,132,71,22373.75,97.75,0,NA,NA,NA,22375,-41.96875,0
106,22100.25,171,85,245,131,181,22165,32.75,0,8791.32530120482,22177.76,195.635,22175,-41.896249999999995,0
105,21888.75,230,98.5,221,51,212,21984.928571428572,27,0,NA,21936.38,191.34,21975,-42.63125,0
104,21715.666666666668,443.5,161.5,299,85,228.5,21789.785714285714,28.785714285714285,0,NA,21796.14,194.74,21775,-42.46625,0
103,NA,NA,NA,NA,NA,NA,21594.75,33.333333333333336,0,5606.18487394958,21670.9,191.92,21575,-41.79625,0
102,NA,NA,NA,NA,NA,NA,21427.5,72,0,NA,21445.64,189.19,21375,-42.40375,0
101,21129,255,142,208,54,152,21185.666666666668,61,0,NA,21164.614999999998,192.605,21175,-43.14375,0
100,20914.75,212,124,205.5,86.5,214,20991.2,44.1,0,8626.75862068966,20955.2,192.36,20975,-42.315,0
99,20680.666666666668,267.5,144,318.5,269,248,20796,44,0,NA,20785.885,195.72500000000002,20775,-42.5,0
98,20570.75,163.5,103,208.5,286,137,20588.583333333332,38.583333333333336,0,NA,20559.25,191.72,20575,-42.78,0
97,NA,NA,NA,NA,NA,NA,20373.3,38.125,0,NA,20367.925,195.92,20375,-43.04375,0
96,NA,NA,NA,NA,NA,NA,20183.9,36,0,3863.20766773163,20111.41,194.43,20175,-42.00875,0
95,NA,NA,NA,NA,NA,NA,19991.7,43,0,2549.75539568345,19916.13,197.68,19975,-42.58875,0
94,NA,NA,NA,NA,NA,NA,19780.2,43.4,0,NA,19778.4,200.02,19775,-42.90875,0
93,NA,NA,NA,NA,NA,NA,19565.8,38.7,0,NA,19604.065000000002,196.47,19575,-42.083749999999995,0
92,NA,NA,NA,NA,NA,NA,19374.2,39.875,0,0,19395.025,194.195,19375,-42.13,0
91,NA,NA,NA,NA,NA,NA,19182.125,41.833333333333336,0,NA,19169.57,195.54,19175,-41.51875,0
90,18859,107.5,57,103,21.5,108,19021.5,62.5,0,NA,19038.22,195.05,18975,-41.44375,0
89,NA,NA,NA,NA,NA,NA,18780.363636363636,17.3,0,4169.6,18780.746666666666,193.84333333333333,18775,-42.03875,0
88,18572.5,111,58,110,26,130,18587.115384615383,14.958333333333334,0,5040.17582417582,18624.05,196.67666666666668,18575,-42.195,0
87,18314,100.5,62,114,32,102.5,18395.454545454544,19.59090909090909,1,3146.8679245283,18372.512000000002,191.81,18375,-41.49625,0
86,18075.5,99,60,163,58,132,18161.214285714286,26.875,1,NA,18187.760000000002,192.375,18175,-41.485,0
85,17833,79,72,130,23,114,17981.833333333332,15.409090909090908,1,20056.3037974684,17984.57,191.43,17975,-41.668749999999996,0
84,NA,NA,NA,NA,NA,NA,17797.214285714286,14,1,18763.2,17776.94714285714,193.79857142857142,17775,-42.254999999999995,0
83,17598.5,74,43,97,28,82,17624.25,39.125,1,NA,17584.294285714284,195.10285714285715,17575,-42.03375,0
82,17351,98,48,133,29,117,17387.125,45.875,1,NA,17386.88625,197.03125,17375,-41.705,0
81,17103.5,86,52,136,33,137,17189.5,22.666666666666668,1,8018.46153846154,17193.893333333333,197.99833333333333,17175,-40.6975,0
80,NA,NA,NA,NA,NA,NA,16985.5,19.045454545454547,1,11069.7345132743,16987.83,204.325,16975,-41.21625,0
79,16774.5,113,34,88.5,10.5,157,16778.81818181818,18.40909090909091,1,12185.8028169014,16790.25,208.12333333333333,16775,-40.60625,0
78,16464,133,21,83,36,152,16582.25,19.2,1,NA,16588.003333333334,213.60666666666668,16575,-40.96875,0
77,NA,NA,NA,NA,NA,NA,16403.4375,23.8125,1,37660.9032258065,16363.501666666667,215.29,16375,-41.29125,0
76,16172,130.5,14.5,22,152,82,16170.642857142857,29.92857142857117,1,NA,16188.391,218.124,16175,-41.60625,0
75,15930,123,54,42,484,613,15991.041666666666,17.000000000000902,1,16521.0566037736,16008.55625,228.24,15975,-42.410000000000004,0
74,15681.5,98,19,44,318,102,15793.333333333334,40.25,1,NA,15817.466666666667,227.32166666666666,15775,-41.739999999999995,0
73,NA,NA,NA,NA,NA,NA,15588.2,43.7,1,5778.09737827715,15575.706666666667,227.22,15575,-42.73625,0
72,15350,106,32,41,305,112,15367.1,38.3,1,NA,15376.17,227.36,15375,-42.65,0
71,15150,90,30,39,129.5,121.5,15170.3,34.1,1,NA,15189.965714285714,231.23571428571427,15175,-41.93875,0
70,14847,103,17,50,126,122,14993.545454545454,18.181818181818183,0,2325.46511627907,14978.111428571428,233.03857142857143,14975,-42.04625,0
69,NA,NA,NA,NA,NA,NA,14813.4,39.5,0,NA,14776.477692307692,233.07923076923078,14775,-41.24125,0
68,14595.5,100,23,65,81.5,151,14591.25,37.75,0,4687.62161084529,14592.601111111111,235.82333333333332,14575,-38.2325,0
67,14353,71,40,73,76,156,14376,45.5,0,NA,14400.502142857144,243.90285714285713,14375,-36.8025,0
66,14100,82.5,26,58.5,97,148.5,14189,24.375,0,NA,14193.441428571428,242.8842857142857,14175,-37.58625,0
65,NA,NA,NA,NA,NA,NA,13996,36.75,0,NA,13998.807142857142,241.87857142857143,13975,-39.2175,0
64,13812,49,32,56,150,98,13779.214285714286,25.5,0,5813.66279069767,13789.1475,242.35500000000002,13775,-38.53,0
63,13511,72.5,21,112,58,142,13592.611111111111,21.666666666666668,0,NA,13586.063333333334,244.39666666666668,13575,-38.98125,0
62,13343.5,64,28,105,64,230,13390.277777777777,23.75,0,2613.10975609756,13398.342499999999,243.41,13375,-38.49625,0
61,13109.5,119,45,165.5,121.5,396,13184.666666666666,21.166666666666668,0,2142.75,13157.726666666667,242.87333333333333,13175,-39.037499999999994,2.2050906859792383e-5
60,12859.875,222,160.5,440,177.5,608,12999.666666666666,47,0,NA,12971.65142857143,241.70285714285714,12975,-40.307500000000005,0.0030963790725352216
59,12769.666666666666,156.5,197,253,343,422,12783.555555555555,20.055555555555557,1,NA,12786.037,244.05,12775,-39.21875,0.013985910582268928
58,12475,50.5,65.5,50,153.5,109,12585.458333333334,17.583333333333332,1,1477.75862068966,12580.224444444444,248.63111111111112,12575,-40.8925,0.004387567087667959
57,12227,32,63,49,183,133,12380.5,18.55,1,4081.42857142857,12380.687777777777,250.04777777777778,12375,-41.02875,0.008840237694275855
56,NA,NA,NA,NA,NA,NA,12185.09090909091,17.363636363636363,1,2040.71428571429,12182.68,252.79,12175,-40.95625,0.007518967940176652
55,11934.5,25,44,46,199.5,137,12009.0625,20.5,1,0,11984.474444444444,255.89111111111112,11975,-40.85,0.006947960151862778
54,11732,110.5,190,204,476,750,11790.25,NA,1,NA,11786.524444444445,258.7288888888889,11775,-40.53,0.020590921203694688
53,11520.75,37,127,61,168,371,11610,NA,1,NA,11585.367272727273,261.3118181818182,11575,-39.40875,0.020376457807942217
52,11370,23,66,22,141,154,11403.166666666666,NA,0,NA,11393.047272727272,271.4381818181818,11375,-37.317499999999995,0.020715010492251155
51,NA,NA,NA,NA,NA,NA,11195,NA,0,0,11228.243333333334,271.56,11175,-37.16,0.011916958741997014
50,10885.5,20,71,21,151,133,10980.833333333334,NA,0,NA,11011.455,272,10975,-36.86125,0.016826150846179503
49,NA,NA,NA,NA,NA,NA,10766.166666666666,NA,0,NA,10816.67,271.655,10775,-36.945,0.010540858132637373
48,10447,27,70,24,120,165,10583.25,NA,0,NA,10615.365,274.52,10575,-36.04875,0.022421853369044474
47,NA,NA,NA,NA,NA,NA,10397.625,NA,0,4328.78787878788,10412.735,269.40999999999997,10375,-36.0125,0.02657747306634811
46,NA,NA,NA,NA,NA,NA,10193.625,NA,0,0,10209.84,267.315,10175,-35.7725,0.03303409668120287
45,10024.5,39,102,23,232,157,9982.4,NA,0,NA,10008.654999999999,269.365,9975,-35.16375,0.02447857374801655
44,NA,NA,NA,NA,NA,NA,9780.375,44.5,0,NA,9812.71,267.87,9775,-34.92375,0.017019066994389365
43,9584,30,70,29,165,166,9588.25,61,0,3474.72972972973,9619.42,268.07000000000005,9575,-34.848749999999995,0.014116244413483197
42,NA,NA,NA,NA,NA,NA,9387.4,48,0,NA,9426.775,264.675,9375,-34.9725,0.008179695678845512
41,9169.5,44,101,24,189,164,9196.125,39.5,0,NA,9188.02,267.9266666666667,9175,-34.96875,0.005460589955522722
40,NA,NA,NA,NA,NA,NA,9001.5,42,0,NA,8947.525000000001,267.155,8975,-34.7825,0.006156415313785939
39,8759,58,100,14,164,191,8788,54.5,0,2735.42553191489,8800.365,264.5,8775,-34.76625,0.012966049125601169
38,NA,NA,NA,NA,NA,NA,8572.8,40.5,0,NA,8505,261,8575,-34.74125,0.009559236701182704
37,8323.5,45,105,23,154,112,8371.2,41,0,NA,NA,NA,8375,-34.7975,0.03690820738090415
36,NA,NA,NA,NA,NA,NA,8183.375,38,0,213.208955223881,8147,259.9,8175,-35.37625,0.01983466142730436
35,NA,NA,NA,NA,NA,NA,7977.625,50,0,NA,NA,NA,7975,-34.5175,0.017379229483876914
34,7784,35,97,16,127,175,7774.3,48.25,0,NA,7883,260.3,7775,-34.3425,0.023101424400768338
33,7617.5,31,86,29,155,98,7579,49,0,NA,7607,261.3,7575,-34.426249999999996,0.029200189274733786
32,7416,36,89,24,127,140,7398.875,49.5,0,804.788732394366,7395,261.55,7375,-34.56125,0.024696278765668166
31,7050.5,52,89,27,130,170,7204.5,50.5,0,NA,7230,263,7175,-34.761250000000004,0.04186898114744458
30,6885.5,33,69,24,149,122,6999.5,44.5,0,303.936170212766,6992,264.85,6975,-34.695,0.04725051852831856
29,6724,36,83,28,172,170,6792.9,47,0,NA,6748,266.4,6775,-34.607499999999995,0.035132242886986347
28,6557.5,27,100,20,168,108,6581.125,50.5,0,NA,6586,266.2,6575,-34.676249999999996,0.04587718498468953
27,6390,32,171,22,173,163,6389.75,38,0,0,6440,266.5,6375,-34.61375,0.043525416494443615
26,6225,37,105,17,185,112,6190.375,55,0,NA,6190.5,267.15,6175,-34.698750000000004,0.07085670175039423
25,5941.833333333333,104,259,62.5,736.5,259,5987.833333333333,67,0,NA,5944,269.9,5975,-34.786249999999995,0.08596739017151071
24,5769.5,55.5,145.5,39,461,196.5,5796.285714285715,29.25,0,NA,5774,270.9,5775,-34.71125,0.05609858312778453
23,5552.5,22,72,17,313,77,5592.1875,23.25,0,238.083333333333,5620,270.4,5575,-34.69625,0.06141168617754854
22,5364.5,19,36,11,368,48,5393.125,19.5,0,NA,5407.5,272.15,5375,-34.86375,0.08596418657236235
21,5146.5,33,76,20,435,75,5191.166666666667,26.25,0,NA,5193,271.6,5175,-34.735,0.11674302686185872
20,4890.5,26,45,15,276,54,4988.625,24,0,NA,4970,271.85,4975,-34.64375,0.1101617512722965
19,4728,41,68,16,280,73,4793.555555555556,16.75,0,NA,4757,272.9,4775,-34.78125,0.2079792721264974
18,4567,31,48,18,406,41,4578.857142857143,25.5,0,NA,4583,271.2,4575,-34.7925,0.2279599164229045
17,4393.5,25,78,20,386,66,4398.666666666667,20.75,0,NA,4426,272.35,4375,-34.915,0.2711393178662673
16,4130.5,45,102,14,615,80,4187.375,25.25,0,NA,4182,274.35,4175,-34.99125,0.39583238362388584
15,3859.5,45,70,28,312,47,3985.5,20.75000000000025,0,NA,3940,274.04999999999995,3975,-35.00625,0.4605877445714689
14,3699.5,32,86,24,342,37,3780.625,22.5,0,NA,3758,276.9,3775,-34.8975,0.2500102449845331
13,3520,22,70,20,384,36,3597.5714285714284,26.75,0,NA,3593,275.95000000000005,3575,-34.9675,0.20387999454431854
12,3303,39,63,10,339,40,3386,30.5,0,NA,3377.5,274.9,3375,-34.98625,0.14874925375035788
11,3056.5,20,45,14,369,31,3187.722222222222,20.5,0,NA,3169.5,275.70000000000005,3175,-35.05875,0.19273375854259875
10,2881,27,32,20,291,18,2994,25.166666666666668,0,313.956043956044,2966.5,277.1,2975,-34.95375,0.18519681006477526
9,2697.5,24,34,32,350,36,2787.35,17.25,0,NA,2791.5,277.04999999999995,2775,-35.059999999999995,0.26318198091482997
8,2526,31.5,42.5,21,278.5,35,2600.5555555555557,23.5,0,NA,2581,276.7,2575,-35.28375,0.313979348866703
7,2347.5,16,50,17,468,32,2391.2,19.666666666666668,0,246.293103448276,2377.5,280.4,2375,-35.057500000000005,0.3354100603982264
6,2027,48,48,9,450,43,2190.777777777778,22.25,0,NA,2203,278.2,2175,-35.26625,0.368303209181011
5,1922,42,30,9,352,28,1980.75,24,0,NA,2024.5,279.4,1975,-34.96125,0.4700583689482626
4,1693.75,68,73,39,630,54,1778.2777777777778,20.5,0,NA,1799,280.7,1775,-35.45125,0.6011543347917311
3,NA,NA,NA,NA,NA,NA,1584.9444444444443,21,0,0,1566.5,278.35,1575,-35.331250000000004,0.9921901751991632
2,1338,74.5,63,37,677.5,67,1387.8333333333333,22.25,0,NA,1362.5,281.7,1375,-35.182500000000005,1.2137100827984848
1,1089.25,71,75,39,629.5,69,1168.5454545454545,21,0,NA,1172.5,284.25,1175,-35.4025,1.386674008034376
