"","core","depth_core","volume","charCount","drive","depth_core.y","depth_composite","median_age","quant_5perc","quant_95perc","accu_rate","CHAR"
"1","7A",4,1,74,"1B",4,4,8,-52,196.15,17,4.35294117647059
"2","7A",8,1,81,"1B",8,8,66,-36.05,295.4,15,5.4
"3","7A",12,1,224,"1B",12,12,116.5,-23.1,382.2,10.5,21.3333333333333
"4","7A",16,1,319,"1B",16,16,164,-9.05,464.05,11,29
"5","7A",20,1,400,"1B",20,20,213.5,9.95,525,13.5,29.6296296296296
"6","7A",24,1,755,"1B",24,24,265,32.95,574,11,68.6363636363636
"7","7A",28,1,235,"1B",28,28,307.5,51.9,643.35,11.5,20.4347826086957
"8","7A",32,1,97,"1B",32,32,355,73.95,716,10.5,9.23809523809524
"9","7A",36,1,168,"1B",36,36,404.5,98.95,773.05,12,14
"10","7A",40,1,275,"1B",40,40,457.5,141.9,827.3,16.5,16.6666666666667
"11","7A",44,1,167,"1B",44,44,505,178.95,866.15,10,16.7
"12","7A",48,1,124,"1B",48,48,561,216.8,904,12,10.3333333333333
"13","7A",52,1,106,"1B",52,52,620,263.85,938.05,11.5,9.21739130434783
"14","7A",56,1,256,"1B",56,56,675.5,298.9,978.1,13,19.6923076923077
"15","7A",60,1,129,"1B",60,60,722,337,1010.1,13,9.92307692307692
"16","7A",64,1,114,"1B",64,64,765,396.8,1044.1,10.5,10.8571428571429
"17","7A",68,1,154,"1B",68,68,808.5,449.95,1078,9,17.1111111111111
"18","7A",72,1,185,"1B",72,72,866,509.95,1101.05,14,13.2142857142857
"19","7A",76,1,150,"1B",76,76,917,564.75,1133.1,11,13.6363636363636
"20","7A",80,1,258,"1B",80,80,967,637.8,1161.05,10,25.8
"21","7A",88,1,240,"1B",88,88,1071,789.9,1203.1,11,21.8181818181818
"22","7A",92,1,267,"1B",92,92,1123,882.95,1225.05,14,19.0714285714286
"23","7A",96,1,87,"1B",96,96,1170,993,1249,12,7.25
"24","7A",100,1,113,"1B",100,100,1270,1199,1456,45.5,2.48351648351648
"25","7A",104,1,56,"1B",104,104,1358.5,1235,1694.05,23,2.43478260869565
"26","7A",108,1,51,"1B",108,108,1453.5,1266,1843.25,28.5,1.78947368421053
"27","7A",112,1,83,"1B",112,112,1545,1293,1981.05,24.5,3.38775510204082
"28","7A",116,1,56,"1B",116,116,1623.5,1326.9,2087,20.5,2.73170731707317
"29","7A",120,1,54,"1B",120,120,1709.5,1358,2205.1,29.5,1.83050847457627
"30","7A",124,1,26,"1B",124,124,1795.5,1393.9,2315.05,25,1.04
"31","7A",128,1,56,"1B",128,128,1881,1427.9,2413.05,22,2.54545454545455
"32","7A",132,1,94,"1B",132,132,1963.5,1482.7,2524.4,22.5,4.17777777777778
"33","7A",136,1,31,"1B",136,136,2059,1529.9,2576.2,25.5,1.2156862745098
"34","7A",140,1,89,"1B",140,140,2129,1594.95,2677.05,20,4.45
"35","7A",144,1,104,"1B",144,144,2214.5,1683.75,2771.15,22.5,4.62222222222222
"36","7A",148,1,45,"1B",148,148,2296,1742,2860.2,14.5,3.10344827586207
"37","7A",152,1,77,"2B",2,152,2378.5,1798.7,2937.6,17,4.52941176470588
"38","7A",156,1,39,"2B",6,156,2469.5,1862.95,3014,21,1.85714285714286
"39","7A",160,1,33,"2B",10,160,2547,1930.85,3083.2,20.5,1.60975609756098
"40","7A",164,1,33,"2B",14,164,2635,1988.85,3147.05,21.5,1.53488372093023
"41","7A",168,1,84,"2B",18,168,2713.5,2091.75,3184.1,18.5,4.54054054054054
"42","7A",172,1,47,"2B",22,172,2802,2183.9,3235,23,2.04347826086957
"43","7A",176,1,47,"2B",26,176,2896,2311.95,3273,28.5,1.64912280701754
"44","7A",180,1,75,"2B",30,180,2986,2425.85,3303.05,22,3.40909090909091
"45","7A",184,1,52,"2B",34,184,3068.5,2559.3,3333,19.5,2.66666666666667
"46","7A",188,1,34,"2B",38,188,3147,2686,3363,14,2.42857142857143
"47","7A",192,1,78,"2B",42,192,3237,2828.7,3390.05,24,3.25
"48","7A",196,1,52,"2B",46,196,3337,3012.65,3421.05,26,2
"49","7A",200,1,97,"2B",50,200,3463,3416,3685.5,43,2.25581395348837
"50","7A",204,1,71,"2B",54,204,3588,3450.95,3978.05,32.5,2.18461538461538
"51","7A",208,1,60,"2B",58,208,3698,3482,4229.15,25.5,2.35294117647059
"52","7A",212,1,70,"2B",62,212,3795,3512.95,4370.2,25.5,2.74509803921569
"53","7A",216,1,39,"2B",66,216,3896,3543.95,4487.1,21.5,1.81395348837209
"54","7A",220,1,65,"2B",70,220,4000,3585.9,4609.4,21,3.0952380952381
"55","7A",224,1,32,"2B",74,224,4098.5,3629.95,4700.1,24.5,1.30612244897959
"56","7A",228,1,27,"2B",78,228,4205,3673.85,4812.3,26,1.03846153846154
"57","7A",232,1,59,"2B",82,232,4294.5,3729.95,4933.2,20.5,2.8780487804878
"58","7A",236,1,34,"2B",86,236,4384.5,3797.75,5037.1,23.5,1.4468085106383
"59","7A",240,1,29,"2B",90,240,4471,3869.85,5140.6,24,1.20833333333333
"60","7A",244,1,27,"2B",94,244,4558,3962.8,5274,17.5,1.54285714285714
"61","7A",248,1,23,"2B",98,248,4646.5,4029.55,5342.55,23,1
"62","7A",252,1,36,"2B",102,252,4752.5,4103.95,5397.05,20.5,1.75609756097561
"63","7A",256,1,59,"2B",106,256,4847,4199.85,5471,35,1.68571428571429
"64","7A",260,1,27,"2B",110,260,4936.5,4303.15,5536.05,25.5,1.05882352941176
"65","7A",264,1,25,"2B",114,264,5025.5,4398.8,5605.3,23,1.08695652173913
"66","7A",268,1,26,"2B",118,268,5122,4482,5678.05,31,0.838709677419355
"67","7A",272,1,19,"2B",122,272,5219.5,4574.1,5719.1,27.5,0.690909090909091
"68","7A",276,1,32,"2B",126,276,5315,4694.75,5765.05,22.5,1.42222222222222
"69","7A",284,1,27,"2B",134,284,5524,4964.7,5832.15,29,0.931034482758621
"70","7A",289,1,43,"2B",139,289,5647.5,5116.75,5870,29.5,1.45762711864407
"71","7A",292,1,25,"2B",142,292,5714,5230.9,5892,24,1.04166666666667
"72","7A",296,1,29,"2B",146,296,5827,5479.95,5920.05,32,0.90625
"73","7A",300,1,20,"3B",0,300,5990.5,5929,6385.6,68.5,0.291970802919708
"74","7A",304,1,50,"3B",4,304,6215.5,5978,6952,60,0.833333333333333
"75","7A",308,1,110,"3B",8,308,6408.5,6024,7321.6,47.5,2.31578947368421
"76","7A",312,1,36,"3B",12,312,6602.5,6078,7600.1,53,0.679245283018868
"77","7A",316,1,101,"3B",16,316,6784,6137.95,7842.2,40.5,2.49382716049383
"78","7A",320,1,110,"3B",20,320,6957,6207.85,8076.2,51.5,2.13592233009709
"79","7A",324,1,150,"3B",24,324,7129.5,6278.85,8310.1,32.5,4.61538461538461
"80","7A",328,1,136,"3B",28,328,7297.5,6364,8511.55,45.5,2.98901098901099
"81","7A",332,1,102,"3B",32,332,7460.5,6473,8717.15,49,2.08163265306122
"82","7A",336,1,173,"3B",36,336,7647.5,6571.9,8931.05,49.5,3.49494949494949
"83","7A",340,1,212,"3B",40,340,7819,6697.55,9076.45,40,5.3
"84","7A",344,1,261,"3B",44,344,7993,6848.7,9256.1,51.5,5.06796116504854
"85","7A",348,1,292,"3B",48,348,8166,6991.95,9428.25,44,6.63636363636364
"86","7A",352,1,185,"3B",52,352,8350.5,7149.65,9547.05,42,4.40476190476191
"87","7A",356,1,357,"3B",56,356,8542,7327.3,9702.25,61.5,5.80487804878049
"88","7A",360,1,754,"3B",60,360,8716,7472.9,9804.2,35.5,21.2394366197183
"89","7A",364,1,2119,"3B",64,364,8892,7660.8,9941.5,44,48.1590909090909
"90","7A",368,1,107,"3B",68,368,9054.5,7868.6,10062.2,43.5,2.45977011494253
"91","7A",372,1,140,"3B",72,372,9229.5,8059.05,10154.3,46,3.04347826086957
"92","7A",376,1,520,"3B",76,376,9405.5,8158.85,10232.3,35.5,14.6478873239437
"93","7A",380,1,846,"3B",80,380,9594,8438.5,10310.15,50,16.92
"94","7A",384,1,355,"3B",84,384,9795,8716.9,10371.1,60.5,5.86776859504132
"95","4A",288,1,59,"1B",97,425,12084,11922,12406.05,20,2.95
"96","4A",289,1,54,"1B",98,426,12103.5,11928.95,12426.05,19.5,2.76923076923077
"97","4A",290,1,45,"1B",99,427,12121,11936.95,12459.1,17.5,2.57142857142857
"98","4A",291,1,69,"1B",100,428,12138.5,11943.95,12486.1,17.5,3.94285714285714
"99","4A",292,1,43,"1B",101,429,12154.5,11950,12499.15,16,2.6875
"100","4A",293,1,45,"1B",102,430,12174.5,11960,12522,20,2.25
"101","4A",294,1,41,"1B",103,431,12193,11965.95,12543.05,18.5,2.21621621621622
"102","4A",295,1,25,"1B",104,432,12210,11971.95,12565.15,17,1.47058823529412
"103","4A",296,1,76,"1B",105,433,12230,11977.95,12583.2,20,3.8
"104","4A",297,1,98,"1B",106,434,12250,11989,12606.05,20,4.9
"105","4A",298,1,75,"1B",107,435,12268.5,11995.9,12623.1,18.5,4.05405405405405
"106","4A",299,1,22,"1B",108,436,12285,12007,12636.05,16.5,1.33333333333333
"107","4A",300,1,75,"1B",109,437,12299.5,12020.95,12648,14.5,5.17241379310345
"108","4A",301,1,76,"1B",110,438,12316,12030.9,12659.05,16.5,4.60606060606061
"109","4A",302,1,45,"1B",111,439,12333.5,12035.95,12677.15,17.5,2.57142857142857
"110","4A",303,1,23,"1B",112,440,12355,12047.9,12694.15,21.5,1.06976744186047
"111","4A",304,1,48,"1B",113,441,12374,12055.95,12706,19,2.52631578947368
"112","4A",305,1,71,"1B",114,442,12390.5,12067,12724.1,16.5,4.3030303030303
"113","4A",306,1,40,"1B",115,443,12410,12077.75,12732.2,19.5,2.05128205128205
"114","4A",307,1,24,"1B",116,444,12425,12091.9,12751.05,15,1.6
"115","4A",309,1,30,"1B",118,446,12459,12121.8,12773.05,18,1.66666666666667
"116","4A",310,1,24,"1B",119,447,12472,12131.9,12784,13,1.84615384615385
"117","4A",311,1,18,"1B",120,448,12492.5,12139.85,12792.05,20.5,0.878048780487805
"118","4A",312,1,31,"1B",121,449,12509.5,12156.9,12803.05,17,1.82352941176471
"119","4A",313,1,26,"1B",122,450,12523,12170.8,12812.05,13.5,1.92592592592593
"120","4A",314,1,16,"1B",123,451,12539,12186.95,12827.15,16,1
"121","4A",315,1,16,"1B",124,452,12559.5,12214.45,12849.05,20.5,0.780487804878049
"122","4A",316,1,19,"1B",125,453,12578,12236.95,12863.15,18.5,1.02702702702703
"123","4A",317,1,25,"1B",126,454,12593,12248,12871,15,1.66666666666667
"124","4A",318,1,35,"1B",127,455,12608,12267,12878.1,15,2.33333333333333
"125","4A",319,1,33,"1B",128,456,12625,12291.85,12897.05,17,1.94117647058824
"126","4A",320,1,38,"1B",129,457,12640,12304.75,12906.05,15,2.53333333333333
"127","4A",321,1,17,"1B",130,458,12656.5,12324.9,12915.05,16.5,1.03030303030303
"128","4A",322,1,27,"1B",131,459,12671,12350,12923.05,14.5,1.86206896551724
"129","4A",323,1,36,"1B",132,460,12683,12377.75,12933.05,12,3
"130","4A",324,1,58,"1B",133,461,12701,12405.8,12946.05,18,3.22222222222222
"131","4A",325,1,45,"1B",134,462,12721,12432.95,12959,20,2.25
"132","4A",326,1,78,"1B",135,463,12739.5,12464.95,12972.05,18.5,4.21621621621622
"133","4A",327,1,25,"1B",136,464,12759,12490.95,12982.15,19.5,1.28205128205128
"134","4A",328,1,54,"1B",137,465,12778.5,12527.9,12995.3,19.5,2.76923076923077
"135","4A",329,1,28,"1B",138,466,12798.5,12555.95,13015.05,20,1.4
"136","4A",330,1,103,"1B",139,467,12825,12598.95,13034,26.5,3.88679245283019
"137","4A",331,1,90,"1B",140,468,12856,12641.95,13050.1,31,2.90322580645161
"138","4A",332,1,78,"1B",141,469,12895,12706.9,13082.1,39,2
"139","4A",333,1,99,"1B",142,470,12954,12738.95,13180.05,59,1.67796610169492
"140","4A",344,1,92,"2B",3,481,13234,12926,13597.25,24,3.83333333333333
"141","4A",345,1,115,"2B",4,482,13257.5,12935.95,13617.15,23.5,4.8936170212766
"142","4A",346,1,161,"2B",5,483,13276.5,12947,13635.15,19,8.47368421052632
"143","4A",347,1,96,"2B",6,484,13297,12963.95,13654.05,20.5,4.68292682926829
"144","4A",348,1,113,"2B",7,485,13318.5,12977.95,13666.25,21.5,5.25581395348837
"145","4A",350,1,140,"2B",9,487,13361,13000,13710.05,22.5,6.22222222222222
"146","4A",351,1,124,"2B",10,488,13382,13027.95,13738.05,21,5.90476190476191
"147","4A",352,1,157,"2B",11,489,13405,13047.85,13753.1,23,6.82608695652174
"148","4A",353,1,194,"2B",12,490,13433,13059,13774.05,28,6.92857142857143
"149","4A",354,1,155,"2B",13,491,13459,13083,13787.15,26,5.96153846153846
"150","4A",355,1,105,"2B",14,492,13482.5,13105,13809.1,23.5,4.46808510638298
"151","4A",356,1,99,"2B",15,493,13500,13132,13824,17.5,5.65714285714286
"152","4A",357,1,191,"2B",16,494,13520.5,13144,13838,20.5,9.31707317073171
"153","4A",358,1,145,"2B",17,495,13543,13165.8,13847.05,22.5,6.44444444444444
"154","4A",359,1,249,"2B",18,496,13569.5,13190.85,13858.05,26.5,9.39622641509434
"155","4A",360,1,135,"2B",19,497,13594,13213.95,13872.05,24.5,5.51020408163265
"156","4A",361,1,124,"2B",20,498,13615,13232.95,13887,21,5.90476190476191
"157","4A",362,1,186,"2B",21,499,13634.5,13254.9,13902,19.5,9.53846153846154
"158","4A",363,1,204,"2B",22,500,13655,13279.95,13915.05,20.5,9.95121951219512
"159","4A",364,1,155,"2B",23,501,13676.5,13324.95,13930.1,21.5,7.2093023255814
"160","4A",365,1,164,"2B",24,502,13699,13363.95,13945,22.5,7.28888888888889
"161","4A",366,1,161,"2B",25,503,13724,13390,13956.1,25,6.44
"162","4A",367,1,131,"2B",26,504,13746.5,13417.95,13971,22.5,5.82222222222222
"163","4A",368,1,209,"2B",27,505,13772.5,13453,13992,26,8.03846153846154
"164","4A",369,1,160,"2B",28,506,13796,13478.95,14006.15,23.5,6.80851063829787
"165","4A",370,1,151,"2B",29,507,13822,13538.6,14029,26,5.80769230769231
"166","4A",371,1,144,"2B",30,508,13852.5,13591.8,14048.05,30.5,4.72131147540984
"167","4A",372,1,130,"2B",31,509,13885,13665.9,14073.05,32.5,4
"168","4A",373,1,205,"2B",32,510,13935.5,13751.95,14120.05,50.5,4.05940594059406
"169","4A",374,1,205,"2B",33,511,13986,13795,14201.05,50.5,4.05940594059406
"170","4A",375,1,167,"2B",34,512,14017,13827.8,14249,31,5.38709677419355
"171","4A",376,1,289,"2B",35,513,14049,13853.95,14294,32,9.03125
"172","4A",377,1,272,"2B",36,514,14077.5,13872,14323.1,28.5,9.54385964912281
"173","4A",378,1,224,"2B",37,515,14106,13890.95,14349.05,28.5,7.85964912280702
"174","4A",379,1,66,"2B",38,516,14130.5,13906.9,14379.05,24.5,2.69387755102041
"175","4A",380,1,239,"2B",39,517,14151,13920.95,14407.1,20.5,11.6585365853659
"176","4A",381,1,188,"2B",40,518,14178,13940,14438.1,27,6.96296296296296
"177","4A",382,1,189,"2B",41,519,14203,13961,14475.15,25,7.56
"178","4A",383,1,61,"2B",42,520,14227,13978,14507.15,24,2.54166666666667
"179","4A",384,1,198,"2B",43,521,14253,13991,14553,26,7.61538461538461
"180","4A",385,1,244,"2B",44,522,14277.5,14007.95,14582,24.5,9.95918367346939
"181","4A",386,1,223,"2B",45,523,14302,14026.9,14611.05,24.5,9.10204081632653
"182","4A",387,1,90,"2B",46,524,14344.5,14052.95,14654.15,42.5,2.11764705882353
"183","4A",388,1,173,"2B",47,525,14396,14092.9,14717.05,51.5,3.35922330097087
"184","4A",389,1,211,"2B",48,526,14460.5,14162.95,14775.05,64.5,3.27131782945736
"185","4A",390,1,102,"2B",49,527,14504,14208.9,14809.15,43.5,2.3448275862069
"186","4A",392,1,117,"2B",51,529,14581,14287.95,14865.35,38,3.07894736842105
"187","4A",393,1,146,"2B",52,530,14611,14322.95,14892,30,4.86666666666667
"188","4A",394,1,224,"2B",53,531,14647,14360.9,14918.1,36,6.22222222222222
"189","4A",396,1,247,"2B",55,533,14717,14421.95,14979.1,35.5,6.95774647887324
"190","4A",397,1,206,"2B",56,534,14760,14458.65,15023.05,43,4.7906976744186
"191","4A",398,1,198,"2B",57,535,14814,14500,15081,54,3.66666666666667
"192","4A",399,1,21,"2B",58,536,14860,14550.95,15105,46,0.456521739130435
"193","4A",400,1,26,"2B",59,537,14883.5,14586.9,15128.1,23.5,1.1063829787234
"194","4A",401,1,33,"2B",60,538,14902.5,14621,15146,19,1.73684210526316
"195","4A",402,1,55,"2B",61,539,14921,14645.85,15160.05,18.5,2.97297297297297
"196","4A",403,1,7,"2B",62,540,14937,14662.9,15172.05,16,0.4375
"197","4A",404,1,45,"2B",63,541,14952,14687.85,15182.1,15,3
"198","4A",405,1,38,"2B",64,542,14967.5,14705.95,15194.25,15.5,2.45161290322581
"199","4A",406,1,76,"2B",65,543,14986,14717.95,15213,18.5,4.10810810810811
"200","4A",407,1,29,"2B",66,544,15002,14732.95,15228.05,16,1.8125
"201","4A",408,1,94,"2B",67,545,15018,14757.95,15243.05,16,5.875
"202","4A",409,1,45,"2B",68,546,15037.5,14780.95,15254.05,19.5,2.30769230769231
"203","4A",410,1,70,"2B",69,547,15053,14802,15266.05,15.5,4.51612903225806
"204","4A",411,1,16,"2B",70,548,15072.5,14827.9,15285.05,19.5,0.82051282051282
"205","4A",412,1,77,"2B",71,549,15095,14853.95,15301,22.5,3.42222222222222
"206","4A",413,1,171,"2B",72,550,15120,14885.9,15324,25,6.84
"207","4A",414,1,205,"2B",73,551,15158.5,14936.95,15368.05,38.5,5.32467532467532
"208","4A",415,1,31,"2B",74,552,15209,14986,15428.15,50.5,0.613861386138614
"209","4A",416,1,155,"2B",75,553,15244.5,15024.95,15471.05,35.5,4.36619718309859
"210","4A",417,1,158,"2B",76,554,15285,15051.9,15519.05,40.5,3.90123456790123
"211","4A",418,1,244,"2B",77,555,15325.5,15071.95,15559,40.5,6.02469135802469
"212","4A",419,1,117,"2B",78,556,15360.5,15103.85,15600.05,35,3.34285714285714
"213","4A",420,1,152,"2B",79,557,15403.5,15124.95,15655.05,43,3.53488372093023
"214","4A",421,1,155,"2B",80,558,15443,15162.9,15724,39.5,3.92405063291139
"215","4A",422,1,203,"2B",81,559,15498,15203,15800.05,55,3.69090909090909
"216","4A",423,1,57,"2B",82,560,15556.5,15267.85,15842.15,58.5,0.974358974358974
"217","4A",424,1,158,"2B",83,561,15596,15305.95,15886,39.5,4
"218","4A",425,1,199,"2B",84,562,15631,15337,15924.1,35,5.68571428571429
"219","4A",426,1,310,"2B",85,563,15666.5,15361.85,15963,35.5,8.73239436619718
"220","4A",427,1,139,"2B",86,564,15703.5,15386.95,15990.05,37,3.75675675675676
"221","4A",428,1,341,"2B",87,565,15745,15411,16046.05,41.5,8.21686746987952
"222","4A",429,1,103,"2B",88,566,15785,15429.95,16089.05,40,2.575
"223","4A",430,1,191,"2B",89,567,15834,15466.85,16147.05,49,3.89795918367347
"224","4A",442,1,242,"3L",1,580,16077.5,15723,16405.05,14.5000000000018,16.6896551724117
"225","4A",443,1,105,"3L",2,581,16094,15736.9,16422.2,16.5000000000018,6.36363636363566
"226","4A",444,1,369,"3L",3,582,16112,15755.95,16450.05,17.9999999999964,20.5000000000041
"227","4A",445,1,294,"3L",4,583,16133,15780,16463.15,21.0000000000018,13.9999999999988
"228","4A",446,1,265,"3L",5,584,16153,15795,16491.2,20,13.25
"229","4A",447,1,70,"3L",6,585,16174.5,15817,16519,21.5,3.25581395348837
"230","4A",448,1,196,"3L",7,586,16205.5,15842.75,16546.05,31,6.32258064516129
"231","4A",449,1,168,"3L",8,587,16235,15870.9,16596.5,29.5,5.69491525423729
"232","4A",450,1,210,"3L",9,588,16289,15920.9,16666.05,54.0000000000018,3.88888888888876
"233","4A",451,1,62,"3L",10,589,16323.5,15963.85,16698,34.4999999999982,1.79710144927546
"234","4A",452,1,131,"3L",11,590,16358.5,15991.5,16738.1,35,3.74285714285714
"235","4A",453,1,173,"3L",12,591,16383,16015.85,16766.15,24.5,7.06122448979592
"236","4A",454,1,213,"3L",13,592,16400.5,16026.95,16792.05,17.5,12.1714285714286
"237","4A",455,1,56,"3L",14,593,16429,16049.95,16808.15,28.5,1.96491228070175
"238","4A",456,1,69,"3L",15,594,16449.5,16074.95,16829.05,20.5,3.36585365853659
"239","4A",457,1,142,"3L",16,595,16470.5,16088,16844,21,6.76190476190476
"240","4A",458,1,160,"3L",17,596,16494,16117.85,16862.15,23.5,6.80851063829787
"241","4A",459,1,53,"3L",18,597,16509.5,16134.95,16891,15.5,3.41935483870968
"242","4A",460,1,93,"3L",19,598,16534,16147.7,16912.3,24.5,3.79591836734694
"243","4A",461,1,104,"3L",20,599,16554,16168.9,16941.15,20,5.2
"244","4A",462,1,50,"3L",21,600,16574,16179,16963,20,2.5
"245","4A",463,1,27,"3L",22,601,16593,16195,16983.1,19,1.42105263157895
"246","4A",464,1,57,"3L",23,602,16604.5,16213.9,16998,11.5,4.95652173913043
"247","4A",465,1,8,"3L",24,603,16621,16228,17018.1,16.5,0.484848484848485
"248","4A",466,1,8,"3L",25,604,16638.5,16238.95,17028.15,17.5,0.457142857142857
"249","4A",467,1,1,"3L",26,605,16656.5,16258.95,17043.05,18,0.0555555555555556
"250","4A",468,1,7,"3L",27,606,16672.5,16273,17061,16,0.4375
"251","4A",469,1,20,"3L",28,607,16693.5,16288.95,17076.05,21,0.952380952380952
"252","4A",470,1,31,"3L",29,608,16711,16308.95,17084.3,17.5,1.77142857142857
"253","4A",471,1,11,"3L",30,609,16725.5,16332.75,17100.05,14.5,0.758620689655172
"254","4A",472,1,35,"3L",31,610,16747,16352.85,17109.15,21.5,1.62790697674419
"255","4A",473,1,15,"3L",32,611,16764.5,16366.85,17123.05,17.5,0.857142857142857
"256","4A",474,1,20,"3L",33,612,16784,16387.85,17143.15,19.5,1.02564102564103
"257","4A",475,1,28,"3L",34,613,16804.5,16405.75,17152.15,20.5,1.36585365853659
"258","4A",476,1,16,"3L",35,614,16823,16429.95,17178.05,18.5,0.864864864864865
"259","4A",477,1,19,"3L",36,615,16840,16452.7,17191.15,17,1.11764705882353
"260","4A",478,1,25,"3L",37,616,16855.5,16463.8,17205.1,15.5,1.61290322580645
"261","4A",479,1,5,"3L",38,617,16876,16486.95,17212.05,20.5,0.24390243902439
"262","4A",480,1,26,"3L",39,618,16902,16508.95,17220,26,1
"263","4A",481,1,16,"3L",40,619,16920,16521.85,17228.05,18,0.888888888888889
"264","4A",482,1,45,"3L",41,620,16937,16539.95,17236,17,2.64705882352941
"265","4A",483,1,94,"3L",42,621,16958,16560.9,17242.1,21,4.47619047619048
"266","4A",484,1,48,"3L",43,622,16975,16582.85,17252.1,17,2.82352941176471
"267","4A",485,1,53,"3L",44,623,16990,16596.85,17264.1,15,3.53333333333333
"268","4A",486,1,48,"3L",45,624,17009,16629.9,17275.1,19,2.52631578947368
"269","4A",487,1,50,"3L",46,625,17029.5,16653.8,17284.05,20.5,2.4390243902439
"270","4A",488,1,107,"3L",47,626,17046.5,16677.95,17291,17,6.29411764705882
"271","4A",489,1,74,"3L",48,627,17064.5,16694.95,17298,18,4.11111111111111
"272","4A",490,1,146,"3L",49,628,17080.5,16714.9,17305.1,16,9.125
"273","4A",491,1,116,"3L",50,629,17104,16738.8,17312.2,23.5,4.93617021276596
"274","4A",492,1,197,"3L",51,630,17123.5,16770.9,17323,19.5,10.1025641025641
"275","4A",493,1,164,"3L",52,631,17144,16804.95,17330.1,20.5,8
"276","4A",494,1,276,"3L",53,632,17163,16834.65,17339,19,14.5263157894737
"277","4A",495,1,209,"3L",54,633,17185.5,16876.95,17349,22.5,9.28888888888889
"278","4A",496,1,245,"3L",55,634,17207.5,16905,17356.05,22,11.1363636363636
"279","4A",497,1,214,"3L",56,635,17231,16942.8,17365,23.5,9.1063829787234
"280","4A",498,1,200,"3L",57,636,17258,16984.8,17375.05,27,7.40740740740741
"281","4A",499,1,147,"3L",58,637,17285,17030.9,17385.05,27,5.44444444444444
"282","4A",500,1,183,"3L",59,638,17310,17093,17398.05,25,7.32
"283","4A",501,1,160,"3L",60,639,17352,17168,17425.05,42,3.80952380952381
"284","4A",502,1,194,"3L",61,640,17421,17245.9,17535.05,69,2.81159420289855
"285","4A",503,1,146,"3L",62,641,17471,17291.9,17652.1,50,2.92
"286","4A",504,1,116,"3L",63,642,17524.5,17342.85,17781.05,53.5,2.16822429906542
"287","4A",505,1,144,"3L",64,643,17600,17387.9,17911.05,75.5,1.90728476821192
"288","4A",508,1,122,"3L",67,646,17681,17445.9,17994.2,22.5,5.42222222222222
"289","4A",509,1,100,"3L",68,647,17702,17463,18024.15,21,4.76190476190476
"290","4A",510,1,223,"3L",69,648,17716.5,17474,18046.05,14.5,15.3793103448276
"291","4A",511,1,347,"3L",70,649,17735,17483,18056.3,18.5,18.7567567567568
"292","4A",512,1,268,"3L",71,650,17748.5,17497,18067.3,13.5,19.8518518518519
"293","4A",513,1,260,"3L",72,651,17764.5,17503.95,18094.15,16,16.25
"294","4A",514,1,290,"3L",73,652,17778.5,17513,18117.2,14,20.7142857142857
"295","4A",515,1,183,"3L",74,653,17793,17522.85,18133,14.5,12.6206896551724
"296","4A",516,1,208,"3L",75,654,17807,17534.9,18166.1,14,14.8571428571429
"297","4A",517,1,99,"3L",76,655,17822,17544.9,18179,15,6.6
"298","4A",518,1,170,"3L",77,656,17833.5,17552.9,18190,11.5,14.7826086956522
"299","4A",519,1,244,"3L",78,657,17846,17562,18202.05,12.5,19.52
"300","4A",520,1,149,"3L",79,658,17860.5,17567.95,18217.05,14.5,10.2758620689655
"301","4A",521,1,60,"3L",80,659,17880.5,17574.9,18231.05,20,3
"302","4A",522,1,149,"3L",81,660,17893,17581.95,18248,12.5,11.92
"303","4A",523,1,57,"3L",82,661,17908.5,17590,18271.05,15.5,3.67741935483871
"304","4A",525,1,41,"3L",84,663,17933,17616.8,18303.05,12,3.41666666666667
"305","4A",526,1,55,"3L",85,664,17945,17623,18319.1,12,4.58333333333333
"306","4A",527,1,83,"3L",86,665,17958,17630.85,18341.1,13,6.38461538461539
"307","4A",528,1,62,"3L",87,666,17975,17645.4,18357,17,3.64705882352941
"308","4A",529,1,35,"3L",88,667,17987,17651.35,18376.1,12,2.91666666666667
"309","4A",530,1,124,"3L",89,668,18000.5,17662.9,18395.1,13.5,9.18518518518519
"310","4A",531,1,69,"3L",90,669,18016,17668.85,18413.1,15.5,4.45161290322581
"311","4A",532,1,250,"3L",91,670,18033.5,17676.9,18435.05,17.5,14.2857142857143
"312","4A",533,1,250,"3L",92,671,18052,17689.8,18445.05,18.5,13.5135135135135
"313","4A",534,1,389,"3L",93,672,18068,17694.8,18466,16,24.3125
"314","4A",535,1,325,"3L",94,673,18084.5,17708.95,18482.1,16.5,19.6969696969697
"315","4A",536,1,277,"3L",95,674,18102,17721.85,18500.2,17.5,15.8285714285714
"316","4A",537,1,129,"3L",96,675,18118.5,17734.7,18520.1,16.5,7.81818181818182
"317","4A",538,1,203,"3L",97,676,18138,17741.7,18544.1,19.5,10.4102564102564
"318","4A",542,1,84,"4L",1,680,18276.5,17841.9,18665,41.5,2.02409638554217
"319","4A",543,1,70,"4L",2,681,18309,17876.95,18687.1,32.5,2.15384615384615
"320","4A",544,1,185,"4L",3,682,18333,17903.95,18700.45,24,7.70833333333333
"321","4A",545,1,152,"4L",4,683,18352.5,17922.9,18720,19.5,7.79487179487179
"322","4A",546,1,59,"4L",5,684,18367,17947.8,18726.1,14.5,4.06896551724138
"323","4A",547,1,36,"4L",6,685,18379,17965,18739.15,12,3
"324","4A",548,1,24,"4L",7,686,18396,17983.95,18752.05,17,1.41176470588235
"325","4A",549,1,20,"4L",8,687,18415,18004.9,18763.1,19,1.05263157894737
"326","4A",550,1,35,"4L",9,688,18431,18020.95,18771.15,16,2.1875
"327","4A",551,1,33,"4L",10,689,18446.5,18035,18787.15,15.5,2.12903225806452
"328","4A",552,1,47,"4L",11,690,18463.5,18049.95,18794.15,17,2.76470588235294
"329","4A",553,1,45,"4L",12,691,18477,18065.9,18803.2,13.5,3.33333333333333
"330","4A",554,1,122,"4L",13,692,18492,18082.9,18816.05,15,8.13333333333333
"331","4A",555,1,164,"4L",14,693,18511.5,18102.8,18821.1,19.5,8.41025641025641
"332","4A",556,1,54,"4L",15,694,18527.5,18114.9,18832.05,16,3.375
"333","4A",557,1,105,"4L",16,695,18540.5,18136.5,18844,13,8.07692307692308
"334","4A",558,1,112,"4L",17,696,18556.5,18143.8,18858.1,16,7
"335","4A",559,1,51,"4L",18,697,18571,18150.95,18866.05,14.5,3.51724137931034
"336","4A",560,1,47,"4L",19,698,18587.5,18166,18880.25,16.5,2.84848484848485
"337","4A",561,1,29,"4L",20,699,18604.5,18182.85,18891.15,17,1.70588235294118
"338","4A",562,1,136,"4L",21,700,18622,18209.9,18903.05,17.5,7.77142857142857
"339","4A",564,1,49,"4L",23,702,18653,18251.9,18921,15.5,3.16129032258065
"340","4A",565,1,57,"4L",24,703,18669,18279.65,18927.1,16,3.5625
"341","4A",566,1,78,"4L",25,704,18683.5,18305.95,18937.05,14.5,5.37931034482759
"342","4A",567,1,124,"4L",26,705,18700,18330.95,18952.05,16.5,7.51515151515152
"343","4A",568,1,101,"4L",27,706,18716,18354.85,18957.1,16,6.3125
"344","4A",569,1,84,"4L",28,707,18731,18388.7,18965.05,15,5.6
"345","4A",570,1,222,"4L",29,708,18750,18420.7,18972.05,19,11.6842105263158
"346","4A",571,1,342,"4L",30,709,18763,18445,18979,13,26.3076923076923
"347","4A",572,1,482,"4L",31,710,18779,18469.75,18993.05,16,30.125
"348","4A",573,1,241,"4L",32,711,18794,18500.95,19010.05,15,16.0666666666667
"349","4A",574,1,372,"4L",33,712,18813.5,18532.8,19024.05,19.5,19.0769230769231
"350","4A",575,1,234,"4L",34,713,18838,18566.9,19039,24.5,9.55102040816327
"351","4A",576,1,324,"4L",35,714,18860.5,18617,19059.25,22.5,14.4
"352","4A",578,1,296,"4L",37,716,18990,18745.9,19353.1,89,3.32584269662921
"353","4A",580,1,181,"4L",39,718,19090.5,18813.75,19641.2,45.5,3.97802197802198
"354","4A",582,1,215,"4L",41,720,19179,18863.8,19864.1,43.5,4.94252873563218
"355","4A",583,1,218,"4L",42,721,19223.5,18885.95,19966.25,44.5,4.89887640449438
"356","4A",584,1,230,"4L",43,722,19265,18908.9,20035.4,41.5,5.54216867469879
"357","4A",586,1,138,"4L",45,724,19339.5,18943,20181.1,37,3.72972972972973
"358","4A",587,1,123,"4L",46,725,19378,18959.95,20274,38.5,3.19480519480519
"359","4A",588,1,118,"4L",47,726,19421.5,18976.8,20306.4,43.5,2.71264367816092
"360","4A",589,1,82,"4L",48,727,19461.5,18991,20369.15,40,2.05
"361","4A",590,1,79,"4L",49,728,19502,19007.9,20410.15,40.5,1.95061728395062
"362","4A",591,1,60,"4L",50,729,19551,19035.8,20459.3,49,1.22448979591837
"363","4A",592,1,70,"4L",51,730,19599.5,19054.95,20522.1,48.5,1.44329896907216
"364","4A",593,1,113,"4L",52,731,19642,19071.95,20577,42.5,2.65882352941176
"365","4A",594,1,124,"4L",53,732,19676,19086,20618,34,3.64705882352941
"366","4A",595,1,114,"4L",54,733,19719.5,19108.95,20655.95,43.5,2.62068965517241
"367","4A",596,1,101,"4L",55,734,19754.5,19151.75,20684.45,35,2.88571428571429
"368","4A",597,1,131,"4L",56,735,19792.5,19169.9,20758.1,38,3.44736842105263
"369","4A",598,1,154,"4L",57,736,19832.5,19183.85,20788,40,3.85
"370","4A",599,1,157,"4L",58,737,19873.5,19202.9,20827.1,41,3.82926829268293
"371","4A",600,1,112,"4L",59,738,19924.5,19218.85,20872.55,51,2.19607843137255
"372","4A",601,1,288,"4L",60,739,19957.5,19261.9,20897.15,33,8.72727272727273
"373","4A",602,1,137,"4L",61,740,20001,19283.7,20930,43.5,3.14942528735632
"374","4A",603,1,181,"4L",62,741,20036,19317.95,20945.2,35,5.17142857142857
"375","4A",604,1,209,"4L",63,742,20074,19336,20975,38,5.5
"376","4A",605,1,234,"4L",64,743,20114,19369.5,21006.15,40,5.85
"377","4A",606,1,236,"4L",65,744,20156,19395.7,21034.2,42,5.61904761904762
"378","4A",607,1,214,"4L",66,745,20189,19437.5,21071.1,33,6.48484848484848
"379","4A",608,1,210,"4L",67,746,20227,19467.85,21101.75,38,5.52631578947368
"380","4A",609,1,217,"4L",68,747,20270.5,19494.95,21140.1,43.5,4.98850574712644
"381","4A",610,1,165,"4L",69,748,20313.5,19542.8,21177.05,43,3.83720930232558
"382","4A",612,1,169,"4L",71,750,20394,19587.9,21225.2,42.5,3.97647058823529
"383","4A",613,1,188,"4L",72,751,20439,19614,21265.05,45,4.17777777777778
"384","4A",614,1,145,"4L",73,752,20482,19647.65,21280.1,43,3.37209302325581
"385","4A",615,1,184,"4L",74,753,20516.5,19669.95,21311.05,34.5,5.33333333333333
"386","4A",616,1,152,"4L",75,754,20551.5,19716.95,21352.1,35,4.34285714285714
"387","4A",617,1,166,"4L",76,755,20586.5,19749.9,21379.3,35,4.74285714285714
"388","4A",618,1,185,"4L",77,756,20637,19795.65,21411,50.5,3.66336633663366
"389","4A",619,1,153,"4L",78,757,20678,19835.75,21427.15,41,3.73170731707317
"390","4A",620,1,135,"4L",79,758,20726,19894.35,21447.05,48,2.8125
"391","4A",621,1,130,"4L",80,759,20769.5,19958.8,21469,43.5,2.98850574712644
"392","4A",622,1,124,"4L",81,760,20813,20006.75,21495,43.5,2.85057471264368
"393","4A",623,1,101,"4L",82,761,20858,20073.9,21515.15,45,2.24444444444444
"394","4A",624,1,146,"4L",83,762,20903,20126.8,21538.5,45,3.24444444444444
"395","4A",625,1,120,"4L",84,763,20953,20185.75,21579.1,50,2.4
"396","4A",626,1,136,"4L",85,764,20989.5,20247.9,21601.15,36.5,3.72602739726027
"397","4A",627,1,139,"4L",86,765,21034.5,20299.9,21630.05,45,3.08888888888889
"398","4A",628,1,145,"4L",87,766,21079.5,20343.95,21656.05,45,3.22222222222222
"399","4A",629,1,138,"4L",88,767,21127,20390.85,21689.1,47.5,2.90526315789474
"400","4A",630,1,158,"4L",89,768,21190,20467.7,21720,63,2.50793650793651
"401","4A",631,1,226,"4L",90,769,21238.5,20524,21764.05,48.5,4.65979381443299
"402","4A",632,1,255,"4L",91,770,21313,20613.85,21820.4,74.5,3.42281879194631
"403","4A",633,1,133,"4L",92,771,21432.5,20791.95,21925.1,119.5,1.11297071129707
"404","4A",634,1,173,"4L",93,772,21497,20872.95,21986.05,64.5,2.68217054263566
"405","4A",635,1,209,"4L",94,773,21544,20932.7,22012.05,47,4.4468085106383
"406","4A",636,1,203,"4L",95,774,21576,20997.85,22041,32,6.34375
"407","4A",637,1,144,"4L",96,775,21608.5,21031.85,22078.35,32.5,4.43076923076923
"408","4A",638,1,236,"4L",97,776,21637.5,21060,22104.05,29,8.13793103448276
"409","4A",639,1,176,"4L",98,777,21669.5,21094.9,22125.15,32,5.5
"410","4A",640,1,133,"4L",99,778,21696.5,21125.75,22147.2,27,4.92592592592593
"411","4A",641,1,254,"5L",0,779,21722.5,21156.75,22169.05,26,9.76923076923077
"412","4A",642,1,184,"5L",1,780,21748.5,21191,22186.3,26,7.07692307692308
"413","4A",643,1,200,"5L",2,781,21779,21219.7,22210.35,30.5,6.55737704918033
"414","4A",644,1,173,"5L",3,782,21798.5,21250,22235.1,19.5,8.87179487179487
"415","4A",645,1,217,"5L",4,783,21822,21275,22261,23.5,9.23404255319149
"416","4A",646,1,180,"5L",5,784,21839.5,21298.65,22279.1,17.5,10.2857142857143
"417","4A",647,1,225,"5L",6,785,21871.5,21332.75,22299.55,32,7.03125
"418","4A",648,1,289,"5L",7,786,21893,21377,22326.15,21.5,13.4418604651163
"419","4A",649,1,255,"5L",8,787,21914.5,21402,22341.1,21.5,11.8604651162791
"420","4A",650,1,192,"5L",9,788,21937,21439,22359.1,22.5,8.53333333333333
"421","4A",651,1,109,"5L",10,789,21961,21465.95,22386.15,24,4.54166666666667
"422","4A",652,1,144,"5L",11,790,21987,21499.9,22408.1,26,5.53846153846154
"423","4A",653,1,172,"5L",12,791,22012,21542.9,22426.1,25,6.88
"424","4A",654,1,80,"5L",13,792,22042.5,21572.95,22464,30.5,2.62295081967213
"425","4A",655,1,177,"5L",14,793,22070,21611.7,22483.05,27.5,6.43636363636364
"426","4A",656,1,275,"5L",15,794,22097.5,21663.85,22498.05,27.5,10
"427","4A",657,1,156,"5L",16,795,22128,21704.9,22530.15,30.5,5.11475409836066
"428","4A",658,1,165,"5L",17,796,22164.5,21752.85,22553.05,36.5,4.52054794520548
"429","4A",659,1,229,"5L",18,797,22197.5,21772.85,22576.6,33,6.93939393939394
"430","4A",661,1,198,"5L",20,799,22297.5,21901.45,22684.05,62.5,3.168
"431","4A",662,1,184,"5L",21,800,22411,22021.85,22892.2,113.5,1.62114537444934
"432","4A",663,1,226,"5L",22,801,22493,22087.9,23024,82,2.75609756097561
"433","4A",664,1,517,"5L",23,802,22558,22155,23115,65,7.95384615384615
"434","4A",665,1,267,"5L",24,803,22622,22220.9,23211.65,64,4.171875
"435","4A",666,1,358,"5L",25,804,22692.5,22261,23292.1,70.5,5.07801418439716
"436","4A",667,1,369,"5L",26,805,22755,22303.8,23355.2,62.5,5.904
"437","4A",668,1,330,"5L",27,806,22812.5,22347.95,23426.2,57.5,5.73913043478261
"438","4A",669,1,292,"5L",28,807,22875.5,22391.9,23482.3,63,4.63492063492064
"439","4A",670,1,46,"5L",29,808,22933.5,22432.75,23539.05,58,0.793103448275862
"440","4A",671,1,348,"5L",30,809,22994.5,22482.95,23565.2,61,5.70491803278689
"441","4A",672,1,68,"5L",31,810,23053.5,22528,23592.05,59,1.15254237288136
"442","4A",673,1,106,"5L",32,811,23109,22562.9,23626,55.5,1.90990990990991
"443","4A",674,1,90,"5L",33,812,23165.5,22604.95,23660,56.5,1.5929203539823
"444","4A",676,1,37,"5L",35,814,23295,22705,23712.1,67,0.552238805970149
"445","4A",677,1,42,"5L",36,815,23358.5,22755.9,23738,63.5,0.661417322834646
"446","4A",678,1,44,"5L",37,816,23420,22831.95,23760,61.5,0.715447154471545
"447","4A",679,1,303,"5L",38,817,23482,22889.8,23782.1,62,4.88709677419355
"448","4A",681,1,10,"5L",40,819,23619,23042.95,23850.05,66,0.151515151515152
"449","4A",682,1,31,"5L",41,820,23688,23188.65,23888.05,69,0.449275362318841
"450","4A",683,1,23,"5L",42,821,23757,23382.9,23944.05,69,0.333333333333333
"451","4A",684,1,56,"5L",43,822,23836,23761.95,24014.1,79,0.708860759493671
"452","4A",685,1,46,"5L",44,823,23900.5,23798,24200.1,64.5,0.713178294573643
"453","4A",686,1,21,"5L",45,824,23947.5,23817,24337.15,47,0.446808510638298
"454","4A",687,1,11,"5L",46,825,23988,23830.95,24428.7,40.5,0.271604938271605
"455","4A",688,1,27,"5L",47,826,24027.5,23845,24507.35,39.5,0.683544303797468
"456","4A",689,1,28,"5L",48,827,24069,23854.95,24565.2,41.5,0.674698795180723
"457","4A",691,1,38,"5L",50,829,24139,23883,24667,34.5,1.10144927536232
"458","4A",692,1,33,"5L",51,830,24169.5,23896,24715.15,30.5,1.08196721311475
"459","4A",693,1,50,"5L",52,831,24203,23909.9,24758.25,33.5,1.49253731343284
"460","4A",694,1,32,"5L",53,832,24240,23921.95,24818,37,0.864864864864865
"461","4A",695,1,35,"5L",54,833,24273.5,23936.9,24848.45,33.5,1.04477611940298
"462","4A",696,1,25,"5L",55,834,24307,23949.85,24888.35,33.5,0.746268656716418
"463","4A",697,1,32,"5L",56,835,24346.5,23959.85,24941.3,39.5,0.810126582278481
"464","4A",698,1,55,"5L",57,836,24377,23973.9,25006.1,30.5,1.80327868852459
"465","4A",700,1,29,"5L",59,838,24446,23998.95,25073.05,34.5,0.840579710144927
"466","4A",701,1,21,"5L",60,839,24484,24011.8,25114.2,38,0.552631578947368
"467","4A",704,1,17,"5L",63,842,24620,24093.65,25306.15,53,0.320754716981132
"468","4A",705,1,48,"5L",64,843,24703.5,24127.85,25407.25,83.5,0.574850299401198
"469","4A",706,1,4,"5L",65,844,24799.5,24201.95,25511.1,96,0.0416666666666667
"470","4A",707,1,6,"5L",66,845,24854.5,24249.95,25553.2,55,0.109090909090909
"471","4A",708,1,8,"5L",67,846,24892,24280.8,25601.3,37.5,0.213333333333333
"472","4A",709,1,15,"5L",68,847,24924,24306.9,25648.45,32,0.46875
"473","4A",710,1,16,"5L",69,848,24954.5,24335.9,25691,30.5,0.524590163934426
"474","4A",711,1,9,"5L",70,849,24971,24362,25713.25,16.5,0.545454545454545
"475","4A",712,1,24,"5L",71,850,24999,24382.9,25764.05,28,0.857142857142857
"476","4A",713,1,95,"5L",72,851,25027.5,24403,25799.05,28.5,3.33333333333333
"477","4A",714,1,32,"5L",73,852,25051,24437.5,25840.05,23.5,1.36170212765957
"478","4A",715,1,54,"5L",74,853,25081.5,24453.95,25873.05,30.5,1.77049180327869
"479","4A",716,1,34,"5L",75,854,25112.5,24471.75,25897.85,31,1.09677419354839
"480","4A",717,1,55,"5L",76,855,25142,24483.9,25943.15,29.5,1.86440677966102
"481","4A",718,1,17,"5L",77,856,25168.5,24504.7,25974.5,26.5,0.641509433962264
"482","4A",719,1,19,"5L",78,857,25201.5,24533.95,26019.2,33,0.575757575757576
"483","4A",720,1,17,"5L",79,858,25231,24553.65,26060.1,29.5,0.576271186440678
"484","4A",721,1,32,"5L",80,859,25261,24572.9,26081.2,30,1.06666666666667
"485","4A",722,1,28,"5L",81,860,25289,24585.8,26121.25,28,1
"486","4A",723,1,33,"5L",82,861,25326,24599.7,26148.05,37,0.891891891891892
"487","4A",724,1,31,"5L",83,862,25353.5,24621,26182.3,27.5,1.12727272727273
"488","4A",725,1,24,"5L",84,863,25385.5,24639.75,26201.2,32,0.75
"489","4A",726,1,50,"5L",85,864,25407.5,24660.55,26227.3,22,2.27272727272727
"490","4A",727,1,15,"5L",86,865,25436,24675.9,26257.2,28.5,0.526315789473684
"491","4A",728,1,47,"5L",87,866,25468,24685.9,26282.35,32,1.46875
"492","4A",729,1,45,"5L",88,867,25488,24717.2,26326.05,20,2.25
"493","4A",731,1,32,"5L",90,869,25545.5,24774.8,26375.4,26.5,1.20754716981132
"494","4A",741,1,90,"6L",0,879,25835.5,24973.85,26651.15,39,2.30769230769231
"495","4A",742,1,96,"6L",1,880,25858,25016.7,26671.25,22.5,4.26666666666667
"496","4A",743,1,390,"6L",2,881,25888,25028.9,26687,30,13
"497","4A",744,1,197,"6L",3,882,25916.5,25065.3,26703.05,28.5,6.91228070175439
"498","4A",745,1,80,"6L",4,883,25946,25091,26721.05,29.5,2.71186440677966
"499","4A",746,1,94,"6L",5,884,25972.5,25116.75,26736.05,26.5,3.54716981132075
"500","4A",748,1,122,"6L",7,886,26026,25188.55,26787.05,23,5.30434782608696
"501","4A",749,1,279,"6L",8,887,26054.5,25226.55,26806.15,28.5,9.78947368421053
"502","4A",750,1,65,"6L",9,888,26087.5,25256.55,26824.05,33,1.96969696969697
"503","4A",751,1,55,"6L",10,889,26111,25269,26841.1,23.5,2.34042553191489
"504","4A",752,1,66,"6L",11,890,26137.5,25286.5,26855.35,26.5,2.49056603773585
"505","4A",753,1,30,"6L",12,891,26170.5,25293.35,26881,33,0.909090909090909
"506","4A",754,1,19,"6L",13,892,26187,25318.95,26907,16.5,1.15151515151515
"507","4A",755,1,8,"6L",14,893,26229,25355.4,26918.05,42,0.19047619047619
"508","4A",756,1,13,"6L",15,894,26256,25370.95,26932.05,27,0.481481481481481
"509","4A",757,1,31,"6L",16,895,26290,25399.6,26949.1,34,0.911764705882353
"510","4A",758,1,24,"6L",17,896,26320,25443.55,26969.2,30,0.8
"511","4A",759,1,24,"6L",18,897,26345.5,25455.85,26984.45,25.5,0.941176470588235
"512","4A",760,1,30,"6L",19,898,26371,25503.45,27003,25.5,1.17647058823529
"513","4A",761,1,81,"6L",20,899,26394,25541.8,27023.05,23,3.52173913043478
"514","4A",762,1,97,"6L",21,900,26416.5,25565,27041.1,22.5,4.31111111111111
"515","4A",764,1,24,"6L",23,902,26467.5,25609.55,27075.05,25,0.96
"516","4A",765,1,37,"6L",24,903,26501.5,25642.65,27092.6,34,1.08823529411765
"517","4A",766,1,38,"6L",25,904,26534,25673.7,27145.1,32.5,1.16923076923077
"518","4A",767,1,33,"6L",26,905,26559,25711.85,27160.05,25,1.32
"519","4A",768,1,41,"6L",27,906,26580.5,25741.85,27165.5,21.5,1.90697674418605
"520","4A",769,1,132,"6L",28,907,26608,25751.7,27176.35,27.5,4.8
"521","4A",770,1,128,"6L",29,908,26634,25788.9,27187.15,26,4.92307692307692
"522","4A",771,1,66,"6L",30,909,26656,25808.95,27202.05,22,3
"523","4A",772,1,90,"6L",31,910,26691.5,25837.7,27230,35.5,2.53521126760563
"524","4A",773,1,51,"6L",32,911,26712,25882.7,27238.05,20.5,2.48780487804878
"525","4A",774,1,33,"6L",33,912,26740.5,25925.75,27254.15,28.5,1.15789473684211
"526","4A",775,1,25,"6L",34,913,26761.5,25971.95,27273.35,21,1.19047619047619
"527","4A",776,1,21,"6L",35,914,26789.5,26012.45,27302.55,28,0.75
"528","4A",777,1,47,"6L",36,915,26809,26049.9,27321,19.5,2.41025641025641
"529","4A",778,1,52,"6L",37,916,26835,26082.6,27329.05,26,2
"530","4A",779,1,64,"6L",38,917,26864,26134.75,27353.1,29,2.20689655172414
"531","4A",780,1,56,"6L",39,918,26889,26175.25,27367.15,25,2.24
"532","4A",781,1,106,"6L",40,919,26914,26223.15,27389,25,4.24
"533","4A",782,1,68,"6L",41,920,26936.5,26242.8,27399.05,22.5,3.02222222222222
"534","4A",783,1,41,"6L",42,921,26964.5,26296.95,27410.05,28,1.46428571428571
"535","4A",784,1,64,"6L",43,922,26988,26361.7,27427.05,23.5,2.72340425531915
"536","4A",785,1,90,"6L",44,923,27017.5,26415.65,27438.15,29.5,3.05084745762712
"537","4A",786,1,35,"6L",45,924,27044,26445.95,27455,26.5,1.32075471698113
"538","4A",787,1,47,"6L",46,925,27071,26486.95,27470.05,27,1.74074074074074
"539","4A",788,1,40,"6L",47,926,27095,26539.9,27485.45,24,1.66666666666667
"540","4A",789,1,107,"6L",48,927,27121.5,26596.5,27502.15,26.5,4.0377358490566
"541","4A",790,1,135,"6L",49,928,27149,26663.65,27520.1,27.5,4.90909090909091
"542","4A",791,1,99,"6L",50,929,27191,26716.85,27547.55,42,2.35714285714286
"543","4A",792,1,157,"6L",51,930,27224,26800.85,27584.2,33,4.75757575757576
"544","4A",793,1,193,"6L",52,931,27302.5,26923.85,27650,78.5,2.45859872611465
"545","4A",794,1,158,"6L",53,932,27368.5,26993.85,27724.05,66,2.39393939393939
"546","4A",795,1,108,"6L",54,933,27421,27055,27767.05,52.5,2.05714285714286
"547","4A",796,1,92,"6L",55,934,27463,27101.9,27807.35,42,2.19047619047619
"548","4A",797,1,167,"6L",56,935,27511.5,27154.95,27847.25,48.5,3.44329896907217
"549","4A",798,1,186,"6L",57,936,27552.5,27201.95,27910.05,41,4.53658536585366
"550","4A",799,1,124,"6L",58,937,27597.5,27247.65,27954.35,45,2.75555555555556
"551","4A",801,1,231,"6L",60,939,27729.5,27334,28102,76.5,3.01960784313725
"552","4A",805,1,80,"6L",64,943,28053,27539.85,28974.25,65.5,1.22137404580153
"553","4A",809,1,38,"6L",68,947,28287,27647.8,29395.05,54,0.703703703703704
"554","4A",813,1,53,"6L",72,951,28504.5,27766,29597.2,49.5,1.07070707070707
"555","4A",817,1,33,"6L",76,955,28709,27889.85,29921.6,54.5,0.605504587155963
"556","4A",821,1,13,"6L",80,959,28918.5,27970.85,30198.15,50,0.26
"557","4A",824,1,54,"6L",83,962,29077.5,28050.8,30372.1,53,1.0188679245283
"558","4A",825,1,31,"6L",84,963,29128.5,28069.8,30455.6,51,0.607843137254902
"559","4A",826,1,25,"6L",85,964,29160.5,28089.95,30522.55,32,0.78125
"560","4A",828,1,27,"6L",87,966,29262,28164.4,30644.05,57.5,0.469565217391304
"561","4A",841,1,28,"7L",0,979,29904.5,28540.4,31354.1,42.5,0.658823529411765
"562","4A",842,1,33,"7L",1,980,29937.5,28590.8,31389.05,33,1
"563","4A",844,1,28,"7L",3,982,30039,28695.35,31481.25,46,0.608695652173913
"564","4A",845,1,33,"7L",4,983,30102,28742.75,31562.25,63,0.523809523809524
"565","4A",846,1,58,"7L",5,984,30144.5,28776.95,31639.25,42.5,1.36470588235294
"566","4A",847,1,40,"7L",6,985,30187.5,28820.55,31677.25,43,0.930232558139535
"567","4A",848,1,72,"7L",7,986,30230.5,28861.5,31715.15,43,1.67441860465116
"568","4A",849,1,35,"7L",8,987,30280,28881,31760.95,49.5,0.707070707070707
"569","4A",850,1,64,"7L",9,988,30326,28915.7,31832.05,46,1.39130434782609
"570","4A",851,1,175,"7L",10,989,30372.5,28951.75,31884.35,46.5,3.76344086021505
"571","4A",852,1,161,"7L",11,990,30425,29011.35,31903.7,52.5,3.06666666666667
"572","4A",853,1,59,"7L",12,991,30466.5,29058.9,31932.65,41.5,1.42168674698795
"573","4A",854,1,35,"7L",13,992,30523,29097.4,31990.55,56.5,0.619469026548673
"574","4A",855,1,33,"7L",14,993,30564.5,29133.85,32030.4,41.5,0.795180722891566
"575","4A",856,1,42,"7L",15,994,30625,29183.95,32096,60.5,0.694214876033058
"576","4A",857,1,12,"7L",16,995,30664,29277.4,32119.1,39,0.307692307692308
"577","4A",858,1,25,"7L",17,996,30705.5,29354.8,32142.25,41.5,0.602409638554217
"578","4A",860,1,30,"7L",19,998,30812.5,29450.5,32215.8,71,0.422535211267606
"579","4A",861,1,22,"7L",20,999,30869,29496.85,32283.2,56.5,0.389380530973451
"580","4A",862,1,38,"7L",21,1000,30923.5,29519.85,32323.8,54.5,0.697247706422018
"581","4A",863,1,61,"7L",22,1001,30959.5,29572.7,32364.45,36,1.69444444444444
"582","4A",864,1,114,"7L",23,1002,31000.5,29603.8,32393.3,41,2.78048780487805
"583","4A",865,1,57,"7L",24,1003,31048,29670.95,32425.85,47.5,1.2
"584","4A",866,1,121,"7L",25,1004,31109,29707.5,32474.15,61,1.98360655737705
"585","4A",867,1,104,"7L",26,1005,31163,29738.75,32510.35,54,1.92592592592593
"586","4A",868,1,19,"7L",27,1006,31205.5,29772.65,32544.05,42.5,0.447058823529412
"587","4A",869,1,23,"7L",28,1007,31260,29835.65,32565.6,54.5,0.422018348623853
"588","4A",870,1,45,"7L",29,1008,31314.5,29913.25,32616.05,54.5,0.825688073394495
"589","4A",871,1,43,"7L",30,1009,31379,29959.7,32647.05,64.5,0.666666666666667
"590","4A",872,1,31,"7L",31,1010,31425.5,30021.4,32684.25,46.5,0.666666666666667
"591","4A",873,1,16,"7L",32,1011,31478.5,30073.9,32707.75,53,0.30188679245283
"592","4A",874,1,70,"7L",33,1012,31522.5,30117,32771.9,44,1.59090909090909
"593","4A",876,1,72,"7L",35,1014,31650,30245.65,32821.05,64.5,1.11627906976744
"594","4A",877,1,18,"7L",36,1015,31693.5,30272.9,32870.5,43.5,0.413793103448276
"595","4A",878,1,25,"7L",37,1016,31752.5,30368.8,32909.1,59,0.423728813559322
"596","4A",879,1,35,"7L",38,1017,31810.5,30418.7,32957.15,58,0.603448275862069
"597","4A",880,1,41,"7L",39,1018,31860.5,30496.7,32973.1,50,0.82
"598","4A",881,1,26,"7L",40,1019,31912,30529.95,32993.05,51.5,0.504854368932039
"599","4A",882,1,31,"7L",41,1020,31947.5,30601.6,33030,35.5,0.873239436619718
"600","4A",883,1,29,"7L",42,1021,32014.5,30690.6,33061.25,67,0.432835820895522
"601","4A",884,1,67,"7L",43,1022,32076,30745.35,33084.1,61.5,1.08943089430894
"602","4A",885,1,27,"7L",44,1023,32136.5,30808.65,33107.6,60.5,0.446280991735537
"603","4A",886,1,46,"7L",45,1024,32178,30884,33127.15,41.4999999999964,1.10843373493986
"604","4A",887,1,70,"7L",46,1025,32234,30926.65,33142.25,56.0000000000036,1.24999999999992
"605","4A",888,1,80,"7L",47,1026,32281.5,30980.55,33174.05,47.5,1.68421052631579
"606","4A",889,1,48,"7L",48,1027,32336,31024.95,33202.15,54.5,0.880733944954128
"607","4A",890,1,41,"7L",49,1028,32390.5,31109.25,33225.1,54.5,0.752293577981651
"608","4A",891,1,31,"7L",50,1029,32456.5,31198.9,33247.05,66,0.46969696969697
"609","4A",892,1,62,"7L",51,1030,32511.5,31285.3,33271.1,54.9999999999964,1.1272727272728
"610","4A",893,1,42,"7L",52,1031,32564.5,31377.55,33296.2,53.0000000000036,0.792452830188625
"611","4A",894,1,176,"7L",53,1032,32609,31453.95,33315.7,44.5,3.95505617977528
"612","4A",895,1,127,"7L",54,1033,32661.5,31519.95,33349.15,52.4999999999964,2.41904761904779
"613","4A",896,1,112,"7L",55,1034,32715,31623.45,33371.45,53.5000000000036,2.09345794392509
"614","4A",897,1,64,"7L",56,1035,32772.5,31711.6,33416.05,57.5,1.11304347826087
"615","4A",898,1,52,"7L",57,1036,32825.5,31803.85,33452,53,0.981132075471698
"616","4A",899,1,76,"7L",58,1037,32891,31894.6,33484.2,65.5,1.16030534351145
"617","4A",900,1,82,"7L",59,1038,32961,31970,33523.05,70,1.17142857142857
"618","4A",901,1,55,"7L",60,1039,33023.5,32094.95,33568.3,62.5,0.88
"619","4A",902,1,101,"7L",61,1040,33089.5,32215.85,33599.05,66,1.53030303030303
"620","4A",903,1,165,"7L",62,1041,33163,32318.95,33640,73.5,2.24489795918367
"621","4A",904,1,110,"7L",63,1042,33276,32500.2,33730.1,113,0.973451327433628
"622","4A",905,1,58,"7L",64,1043,33425,32665.4,34079.15,149,0.389261744966443
"623","4A",906,1,53,"7L",65,1044,33525,32749.35,34337.3,100,0.53
"624","4A",908,1,84,"7L",67,1046,33685.5,32921.85,34673.05,71.5,1.17482517482517
"625","4A",909,1,109,"7L",68,1047,33761,32987.95,34830.05,75.5,1.44370860927152
"626","4A",911,1,147,"7L",70,1049,33879.5,33094.95,35049.4,62.5,2.352
"627","4A",912,1,155,"7L",71,1050,33954,33112,35169.5,74.5,2.08053691275168
"628","4A",913,1,177,"7L",72,1051,34019,33159.85,35269.35,65,2.72307692307692
"629","4A",914,1,207,"7L",73,1052,34090,33189.75,35323.15,71,2.91549295774648
"630","4A",915,1,336,"7L",74,1053,34157,33218.8,35417,67,5.01492537313433
"631","4A",916,1,328,"7L",75,1054,34207,33246.9,35518.45,50,6.56
"632","4A",917,1,190,"7L",76,1055,34262,33290.3,35619.9,55,3.45454545454545
"633","4A",918,1,246,"7L",77,1056,34335,33310.25,35662.7,73,3.36986301369863
"634","4A",919,1,303,"7L",78,1057,34401,33342.8,35762.05,66,4.59090909090909
"635","4A",920,1,238,"7L",79,1058,34459.5,33415.55,35854,58.5,4.06837606837607
"636","4A",921,1,107,"7L",80,1059,34531,33448.8,35904.3,71.5,1.4965034965035
"637","4A",922,1,302,"7L",81,1060,34585,33481.3,35965.1,54,5.59259259259259
"638","4A",924,1,215,"7L",83,1062,34726,33541.35,36100.65,69,3.11594202898551
"639","4A",925,1,116,"7L",84,1063,34795.5,33574.95,36165,69.5,1.66906474820144
"640","4A",926,1,238,"7L",85,1064,34842.5,33622.85,36232.15,47,5.06382978723404
"641","4A",927,1,238,"7L",86,1065,34894,33654.25,36319,51.5,4.62135922330097
"642","4A",928,1,276,"7L",87,1066,34968.5,33687.6,36358.1,74.5,3.70469798657718
"643","4A",929,1,158,"7L",88,1067,35044,33733.75,36407.5,75.5,2.09271523178808
"644","4A",930,1,244,"7L",89,1068,35093.5,33770.35,36485.3,49.5,4.92929292929293
"645","4A",932,1,257,"7L",91,1070,35216.5,33874.1,36600.3,69,3.72463768115942
"646","4A",933,1,154,"7L",92,1071,35281.5,33910.95,36645.05,65,2.36923076923077
"647","4A",941,1,194,"8L",0,1079,35754,34292.6,37110.35,54.5,3.55963302752294
"648","4A",942,1,345,"8L",1,1080,35806.5,34361.95,37169.6,52.5,6.57142857142857
"649","4A",943,1,348,"8L",2,1081,35877,34417,37237.15,70.5,4.93617021276596
"650","4A",944,1,210,"8L",3,1082,35928,34459.55,37301.95,51,4.11764705882353
"651","4A",945,1,395,"8L",4,1083,35977.5,34510.4,37367.1,49.5,7.97979797979798
"652","4A",946,1,301,"8L",5,1084,36039.5,34605.1,37419.15,62,4.85483870967742
"653","4A",947,1,325,"8L",6,1085,36123,34650.1,37477.1,83.5,3.89221556886228
"654","4A",948,1,223,"8L",7,1086,36184,34689.95,37525.05,61,3.65573770491803
"655","4A",949,1,272,"8L",8,1087,36251,34725.8,37555.05,67,4.05970149253731
"656","4A",950,1,209,"8L",9,1088,36318.5,34785.6,37579.05,67.5,3.0962962962963
"657","4A",951,1,131,"8L",10,1089,36369,34832,37607,50.5,2.59405940594059
"658","4A",952,1,124,"8L",11,1090,36444.5,34933.3,37640,75.5,1.64238410596026
"659","4A",953,1,167,"8L",12,1091,36494.5,34998.8,37664.05,50,3.34
"660","4A",954,1,227,"8L",13,1092,36553.5,35099.3,37693.1,59,3.84745762711864
"661","4A",955,1,161,"8L",14,1093,36610.5,35141.8,37727.25,57,2.82456140350877
"662","4A",956,1,179,"8L",15,1094,36678,35202.95,37766.15,67.5,2.65185185185185
"663","4A",957,1,151,"8L",16,1095,36739,35257.5,37801.45,61,2.47540983606557
"664","4A",958,1,108,"8L",17,1096,36786,35345.85,37839.2,47,2.29787234042553
"665","4A",959,1,127,"8L",18,1097,36852,35418.7,37874.2,66,1.92424242424242
"666","4A",960,1,113,"8L",19,1098,36922,35474.65,37905.1,70,1.61428571428571
"667","4A",961,1,176,"8L",20,1099,36985.5,35534.7,37940.2,63.5,2.77165354330709
"668","4A",962,1,93,"8L",21,1100,37037.5,35590.3,37965.05,52,1.78846153846154
"669","4A",963,1,178,"8L",22,1101,37089,35646.85,37990.7,51.5,3.45631067961165
"670","4A",964,1,150,"8L",23,1102,37155,35720.7,38021.2,66,2.27272727272727
"671","4A",965,1,179,"8L",24,1103,37232.5,35779.9,38048.05,77.5,2.30967741935484
"672","4A",966,1,129,"8L",25,1104,37289.5,35847.75,38068.1,57,2.26315789473684
"673","4A",967,1,166,"8L",26,1105,37353.5,35929.75,38088.05,64,2.59375
"674","4A",968,1,127,"8L",27,1106,37418.5,36068.45,38105.25,65,1.95384615384615
"675","4A",969,1,151,"8L",28,1107,37493,36145.6,38127.05,74.5,2.02684563758389
"676","4A",970,1,94,"8L",29,1108,37578,36233.95,38146,85,1.10588235294118
"677","4A",971,1,73,"8L",30,1109,37645,36382.6,38164.1,67,1.08955223880597
"678","4A",972,1,135,"8L",31,1110,37716.5,36488.95,38182,71.5,1.88811188811189
"679","4A",973,1,355,"8L",32,1111,37783.5,36585.55,38199.1,67,5.29850746268657
"680","4A",974,1,517,"8L",33,1112,37865.5,36713.6,38225.05,82,6.30487804878049
"681","4A",975,1,271,"8L",34,1113,37944,36917.55,38248.05,78.5,3.45222929936306
"682","4A",976,1,321,"8L",35,1114,38023.5,37095.9,38269.05,79.5,4.0377358490566
"683","4A",977,1,284,"8L",36,1115,38107,37286.9,38295.05,83.5,3.40119760479042
"684","4A",978,1,175,"8L",37,1116,38194,37623.35,38325,87,2.01149425287356
"685","4A",979,1,235,"8L",38,1117,38294.5,38212,38380,100.5,2.33830845771144
"686","4A",980,1,100,"8L",39,1118,38368,38257.95,38734.5,73.5,1.36054421768707
"687","4A",981,1,199,"8L",40,1119,38414,38279,38936.2,46,4.32608695652174
"688","4A",982,1,100,"8L",41,1120,38459.5,38295,39039.25,45.5,2.1978021978022
"689","4A",983,1,151,"8L",42,1121,38500,38310,39155.05,40.5,3.7283950617284
"690","4A",984,1,134,"8L",43,1122,38544,38323.85,39230.4,44,3.04545454545455
"691","4A",985,1,62,"8L",44,1123,38589,38334.95,39385.05,45,1.37777777777778
"692","4A",986,1,68,"8L",45,1124,38623,38347.9,39481.45,34,2
"693","4A",987,1,181,"8L",46,1125,38657,38359.9,39607.2,34,5.32352941176471
"694","4A",988,1,66,"8L",47,1126,38697,38370.8,39679.3,40,1.65
"695","4A",989,1,68,"8L",48,1127,38739,38380.95,39748.25,42,1.61904761904762
"696","4A",990,1,53,"8L",49,1128,38780.5,38390,39823.7,41.5,1.27710843373494
"697","4A",991,1,39,"8L",50,1129,38816,38399.95,39933.15,35.5,1.09859154929577
"698","4A",992,1,41,"8L",51,1130,38869,38409,40009.25,53,0.773584905660377
"699","4A",993,1,77,"8L",52,1131,38910,38418.95,40083.35,41,1.8780487804878
"700","4A",994,1,50,"8L",53,1132,38954,38428,40147.05,44,1.13636363636364
"701","4A",996,1,30,"8L",55,1134,39027,38445.85,40305.65,28.5,1.05263157894737
"702","4A",997,1,85,"8L",56,1135,39062.5,38455.95,40348.75,35.5,2.3943661971831
"703","4A",998,1,30,"8L",57,1136,39104.5,38467.85,40406.2,42,0.714285714285714
"704","4A",999,1,45,"8L",58,1137,39138,38482,40462.6,33.5,1.34328358208955
"705","4A",1000,1,23,"8L",59,1138,39168,38492,40492.4,30,0.766666666666667
"706","4A",1002,1,26,"8L",61,1140,39241,38529.8,40627.85,36,0.722222222222222
"707","4A",1003,1,28,"8L",62,1141,39269.5,38545.7,40678.45,28.5,0.982456140350877
"708","4A",1004,1,26,"8L",63,1142,39297,38563.7,40719.3,27.5,0.945454545454545
"709","4A",1005,1,64,"8L",64,1143,39332,38574,40785.55,35,1.82857142857143
"710","4A",1006,1,204,"8L",65,1144,39352,38591.7,40851.1,20,10.2
"711","4A",1007,1,80,"8L",66,1145,39380.5,38609,40900.75,28.5,2.80701754385965
"712","4A",1008,1,86,"8L",67,1146,39412.5,38626.95,40993.75,32,2.6875
"713","4A",1009,1,37,"8L",68,1147,39453,38643.95,41049.65,40.5,0.91358024691358
"714","4A",1010,1,100,"8L",69,1148,39491.5,38668.55,41098.45,38.5,2.5974025974026
"715","4A",1011,1,39,"8L",70,1149,39528.5,38677.95,41137.1,37,1.05405405405405
"716","4A",1012,1,59,"8L",71,1150,39555.5,38697.8,41188.2,27,2.18518518518519
"717","4A",1013,1,137,"8L",72,1151,39592,38718,41291.25,36.5,3.75342465753425
"718","4A",1014,1,52,"8L",73,1152,39627,38731,41309.3,35,1.48571428571429
"719","4A",1015,1,52,"8L",74,1153,39653,38741.95,41396.2,26,2
"720","4A",1016,1,49,"8L",75,1154,39676.5,38767.5,41429.9,23.5,2.08510638297872
"721","4A",1017,1,104,"8L",76,1155,39706.5,38782.65,41462.3,30,3.46666666666667
"722","4A",1018,1,170,"8L",77,1156,39759.5,38804.65,41542.35,53,3.20754716981132
"723","4A",1019,1,120,"8L",78,1157,39795.5,38822.3,41598.1,36,3.33333333333333
"724","4A",1020,1,140,"8L",79,1158,39833.5,38825.8,41653.25,38,3.68421052631579
"725","4A",1021,1,67,"8L",80,1159,39859.5,38842.6,41710.35,26,2.57692307692308
"726","4A",1022,1,194,"8L",81,1160,39896,38875.55,41775.1,36.5,5.31506849315068
"727","4A",1023,1,83,"8L",82,1161,39924.5,38888.95,41823.15,28.5,2.91228070175439
"728","4A",1024,1,94,"8L",83,1162,39965,38904.75,41870.1,40.5,2.32098765432099
"729","4A",1025,1,22,"8L",84,1163,39988.5,38911,41929.3,23.5,0.936170212765957
"730","4A",1026,1,32,"8L",85,1164,40022.5,38933.6,41951.55,34,0.941176470588235
"731","4A",1027,1,57,"8L",86,1165,40068.5,38946.95,42028.75,46,1.23913043478261
"732","4A",1028,1,69,"8L",87,1166,40103.5,38961.95,42074.1,35,1.97142857142857
"733","4A",1029,1,48,"8L",88,1167,40128,38996.8,42104.35,24.5,1.95918367346939
"734","4A",1030,1,113,"8L",89,1168,40166.5,39046.95,42188.05,38.5,2.93506493506493
"735","4A",1031,1,57,"8L",90,1169,40202,39071.85,42257.4,35.5,1.6056338028169
"736","4A",1032,1,100,"8L",91,1170,40241,39101.8,42295.4,39,2.56410256410256
"737","4A",1033,1,82,"8L",92,1171,40276.5,39116,42320.85,35.5,2.30985915492958
"738","4A",1034,1,149,"8L",93,1172,40310.5,39135,42410.75,34,4.38235294117647
"739","4A",1035,1,91,"8L",94,1173,40346.5,39155.95,42438.2,36,2.52777777777778
"740","4A",1036,1,149,"8L",95,1174,40384.5,39181.85,42493.05,38,3.92105263157895
"741","4A",1037,1,110,"8L",96,1175,40417.5,39201.75,42520.05,33,3.33333333333333
"742","4A",1038,1,22,"8L",97,1176,40445,39224.8,42561.4,27.5,0.8
"743","4A",1039,1,18,"8L",98,1177,40478.5,39238.85,42589.75,33.5,0.537313432835821
"744","4A",1040,1,12,"8L",99,1178,40515.5,39258.8,42628.3,37,0.324324324324324
"745","4A",1041,1,97,"9L",0,1179,40547,39279.95,42678.55,31.5,3.07936507936508
"746","4A",1042,1,169,"9L",1,1180,40576,39294.9,42756.55,29,5.82758620689655
"747","4A",1044,1,45,"9L",3,1182,40653.5,39338.4,42914.85,30,1.5
"748","4A",1045,1,49,"9L",4,1183,40681,39368.65,43042.15,27.5,1.78181818181818
"749","4A",1046,1,73,"9L",5,1184,40710,39383.6,43101.7,29,2.51724137931034
"750","4A",1047,1,28,"9L",6,1185,40737,39394.4,43159.75,27,1.03703703703704
"751","4A",1048,1,37,"9L",7,1186,40789,39406.95,43250.55,52,0.711538461538462
"752","4A",1049,1,96,"9L",8,1187,40852,39417.9,43334.8,63,1.52380952380952
"753","4A",1050,1,137,"9L",9,1188,40909.5,39434.75,43377.4,57.5,2.38260869565217
"754","4A",1051,1,39,"9L",10,1189,40962,39463.95,43410.05,52.5,0.742857142857143
"755","4A",1052,1,29,"9L",11,1190,41002.5,39490.5,43415.15,40.5,0.716049382716049
"756","4A",1053,1,27,"9L",12,1191,41033,39520.9,43481.8,30.5,0.885245901639344
"757","4A",1054,1,109,"9L",13,1192,41066.5,39547.9,43551.9,33.5,3.25373134328358
"758","4A",1055,1,77,"9L",14,1193,41104.5,39580.65,43581.8,38,2.02631578947368
"759","4A",1056,1,19,"9L",15,1194,41125,39588.7,43602.75,20.5,0.926829268292683
"760","4A",1057,1,20,"9L",16,1195,41160,39595.8,43633.9,35,0.571428571428571
"761","4A",1058,1,37,"9L",17,1196,41186.5,39648.25,43719.8,26.5,1.39622641509434
"762","4A",1059,1,58,"9L",18,1197,41229.5,39691.35,43760.65,43,1.34883720930233
"763","4A",1060,1,12,"9L",19,1198,41267.5,39711.95,43802.05,38,0.315789473684211
"764","4A",1061,1,60,"9L",20,1199,41296.5,39729.85,43847.05,29,2.06896551724138
"765","4A",1062,1,199,"9L",21,1200,41347.5,39753,43867.15,51,3.90196078431373
"766","4A",1063,1,70,"9L",22,1201,41377,39776.85,43918.05,29.5,2.3728813559322
"767","4A",1064,1,40,"9L",23,1202,41415,39804.5,43933.45,38,1.05263157894737
"768","4A",1065,1,27,"9L",24,1203,41453,39826.95,44055.1,38,0.710526315789474
"769","4A",1066,1,96,"9L",25,1204,41497.5,39859.4,44080.6,44.5,2.15730337078652
"770","4A",1068,1,13,"9L",27,1206,41567,39908.8,44161.8,39.5,0.329113924050633
"771","4A",1069,1,24,"9L",28,1207,41604,39936.85,44196.8,37,0.648648648648649
"772","4A",1070,1,14,"9L",29,1208,41645,39965.9,44224.35,41,0.341463414634146
"773","4A",1071,1,22,"9L",30,1209,41701.5,39982.9,44281.5,56.5,0.389380530973451
"774","4A",1072,1,12,"9L",31,1210,41742,40004.4,44315.3,40.5,0.296296296296296
"775","4A",1073,1,25,"9L",32,1211,41771.5,40022.75,44379.6,29.5,0.847457627118644
"776","4A",1074,1,18,"9L",33,1212,41821,40036.9,44409.95,49.5,0.363636363636364
"777","4A",1075,1,31,"9L",34,1213,41852.5,40088.5,44485.4,31.5,0.984126984126984
"778","4A",1076,1,25,"9L",35,1214,41890.5,40139.9,44544.05,38,0.657894736842105
"779","4A",1077,1,6,"9L",36,1215,41943.5,40169.75,44621.2,53,0.113207547169811
"780","4A",1078,1,22,"9L",37,1216,41993,40212.85,44699.2,49.5,0.444444444444444
"781","4A",1079,1,50,"9L",38,1217,42057.5,40255.95,44768.3,64.5,0.775193798449612
"782","4A",1080,1,29,"9L",39,1218,42150,40315.75,44894.2,92.5,0.313513513513514
"783","4A",1091,1,48,"9L",50,1229,42845.5,40871.85,45580.15,50,0.96
"784","4A",1092,1,66,"9L",51,1230,42902.5,40927.95,45674.95,57,1.15789473684211
"785","4A",1093,1,51,"9L",52,1231,42953,40949.75,45703.75,50.5,1.00990099009901
"786","4A",1094,1,89,"9L",53,1232,43007,41015.7,45720.55,54,1.64814814814815
"787","4A",1095,1,47,"9L",54,1233,43066,41043.3,45738.3,59,0.796610169491525
"788","4A",1096,1,62,"9L",55,1234,43115.5,41079.6,45767.45,49.5,1.25252525252525
"789","4A",1097,1,69,"9L",56,1235,43151,41105.6,45836.3,35.5,1.94366197183099
"790","4A",1098,1,177,"9L",57,1236,43183.5,41148.75,45894.95,32.5,5.44615384615385
"791","4A",1100,1,132,"9L",59,1238,43288,41211.2,45988.15,47.5,2.77894736842105
"792","4A",1101,1,95,"9L",60,1239,43319.5,41270.3,46007.55,31.5,3.01587301587302
"793","4A",1102,1,256,"9L",61,1240,43361.5,41308.65,46099.8,42,6.09523809523809
"794","4A",1103,1,212,"9L",62,1241,43399,41337.6,46108.15,37.5,5.65333333333333
"795","4A",1104,1,242,"9L",63,1242,43448.5,41353.45,46167.3,49.5,4.88888888888889
"796","4A",1105,1,222,"9L",64,1243,43504,41436.3,46217.65,55.5,4
"797","4A",1106,1,650,"9L",65,1244,43536,41483,46268.95,32,20.3125
"798","4A",1107,1,300,"9L",66,1245,43578.5,41508.7,46322.3,42.5,7.05882352941176
"799","4A",1108,1,374,"9L",67,1246,43615.5,41534.8,46369.3,37,10.1081081081081
"800","4A",1109,1,249,"9L",68,1247,43662,41561.55,46409.1,46.5,5.35483870967742
"801","4A",1110,1,682,"9L",69,1248,43714.5,41579.75,46462.6,52.5,12.9904761904762
"802","4A",1111,1,168,"9L",70,1249,43770.5,41605.7,46488.1,56,3
"803","4A",1112,1,106,"9L",71,1250,43810,41617.4,46537.55,39.5,2.68354430379747
"804","4A",1113,1,142,"9L",72,1251,43859.5,41641.75,46604.5,49.5,2.86868686868687
"805","4A",1114,1,614,"9L",73,1252,43897.5,41678.75,46628.05,38,16.1578947368421
"806","4A",1115,1,162,"9L",74,1253,43953,41697.85,46672.45,55.5,2.91891891891892
"807","4A",1116,1,124,"9L",75,1254,43982,41715.75,46715.25,29,4.27586206896552
"808","4A",1117,1,51,"9L",76,1255,44019.5,41729.85,46748.3,37.5,1.36
"809","4A",1118,1,122,"9L",77,1256,44058.5,41790.65,46796.8,39,3.12820512820513
"810","4A",1119,1,46,"9L",78,1257,44113.5,41816.7,46852.6,55,0.836363636363636
"811","4A",1120,1,59,"9L",79,1258,44170,41888.05,46898,56.5,1.04424778761062
"812","4A",1121,1,150,"9L",80,1259,44210,41912.95,46956,40,3.75
"813","4A",1122,1,66,"9L",81,1260,44246,41944.75,46996.8,36,1.83333333333333
"814","4A",1123,1,39,"9L",82,1261,44284,41993.7,47037.25,38,1.02631578947368
"815","4A",1124,1,17,"9L",83,1262,44322,42080.35,47072.1,38,0.447368421052632
"816","4A",1125,1,24,"9L",84,1263,44365,42118.8,47093.1,43,0.558139534883721
"817","4A",1126,1,81,"9L",85,1264,44411.5,42132.95,47127.55,46.5,1.74193548387097
"818","4A",1127,1,28,"9L",86,1265,44467,42257.75,47194.55,55.5,0.504504504504504
"819","4A",1128,1,22,"9L",87,1266,44510.5,42311.8,47227.85,43.5,0.505747126436782
"820","4A",1129,1,138,"9L",88,1267,44544.5,42355.3,47279.35,34,4.05882352941176
"821","4A",1130,1,372,"9L",89,1268,44567,42382.9,47310,22.5,16.5333333333333
"822","4A",1131,1,190,"9L",90,1269,44617,42392.6,47398.8,50,3.8
"823","4A",1132,1,151,"9L",91,1270,44681,42420.8,47449.2,64,2.359375
"824","4A",1133,1,139,"9L",92,1271,44736,42452.4,47546.35,55,2.52727272727273
"825","4A",1134,1,184,"9L",93,1272,44766,42464.75,47558.15,30,6.13333333333333
"826","4A",1135,1,72,"9L",94,1273,44804,42478.8,47595.3,38,1.89473684210526
"827","4A",1136,1,131,"9L",95,1274,44838.5,42509.95,47606.4,34.5,3.79710144927536
"828","4A",1137,1,148,"9L",96,1275,44888,42592.7,47643.9,49.5,2.98989898989899
"829","4A",1141,1,87,"10L",0,1279,45053,42808.65,47823.95,33.5,2.59701492537313
"830","4A",1142,1,87,"10L",1,1280,45096.5,42824,47867.35,43.5,2
"831","4A",1143,1,37,"10L",2,1281,45140,42851.3,47891.1,43.5,0.850574712643678
"832","4A",1144,1,147,"10L",3,1282,45177,42919.85,47931.2,37,3.97297297297297
"833","4A",1145,1,20,"10L",4,1283,45230.5,42938.75,47949,53.5,0.373831775700935
"834","4A",1146,1,28,"10L",5,1284,45283.5,42980.55,47969.45,53,0.528301886792453
"835","4A",1147,1,14,"10L",6,1285,45303,43026.05,47989.3,19.5,0.717948717948718
"836","4A",1148,1,44,"10L",7,1286,45345,43090.9,48021.1,42,1.04761904761905
"837","4A",1149,1,14,"10L",8,1287,45383,43138.25,48066.4,38,0.368421052631579
"838","4A",1150,1,22,"10L",9,1288,45428.5,43175.6,48104.35,45.5,0.483516483516484
"839","4A",1151,1,11,"10L",10,1289,45471.5,43193.5,48186.1,43,0.255813953488372
"840","4A",1152,1,21,"10L",11,1290,45509.5,43244,48236.6,38,0.552631578947368
"841","4A",1153,1,12,"10L",12,1291,45554,43259.95,48267.1,44.5,0.269662921348315
"842","4A",1154,1,16,"10L",13,1292,45588.5,43276.9,48285.8,34.5,0.463768115942029
"843","4A",1155,1,8,"10L",14,1293,45635,43324.4,48351.3,46.5,0.172043010752688
"844","4A",1156,1,4,"10L",15,1294,45657.5,43351.4,48370.2,22.5,0.177777777777778
"845","4A",1157,1,14,"10L",16,1295,45698.5,43386.6,48439.2,41,0.341463414634146
"846","4A",1158,1,26,"10L",17,1296,45743.5,43456.6,48538.95,45,0.577777777777778
"847","4A",1159,1,24,"10L",18,1297,45776,43488.1,48570,32.5,0.738461538461539
"848","4A",1160,1,21,"10L",19,1298,45816.5,43509.15,48583.95,40.5,0.518518518518518
"849","4A",1161,1,67,"10L",20,1299,45842,43545.55,48636.9,25.5,2.62745098039216
"850","4A",1162,1,100,"10L",21,1300,45887,43582.6,48656.5,45,2.22222222222222
"851","4A",1163,1,202,"10L",22,1301,45939,43637.75,48672.15,52,3.88461538461538
"852","4A",1164,1,268,"10L",23,1302,45969.5,43672.15,48697.3,30.5,8.78688524590164
"853","4A",1165,1,209,"10L",24,1303,45999.5,43697.85,48772,30,6.96666666666667
"854","4A",1166,1,213,"10L",25,1304,46033,43791,48837.45,33.5,6.35820895522388
"855","4A",1167,1,143,"10L",26,1305,46092,43811.6,48874,59,2.42372881355932
"856","4A",1168,1,143,"10L",27,1306,46131,43822.85,48944.45,39,3.66666666666667
"857","4A",1169,1,98,"10L",28,1307,46155,43908.75,48969,24,4.08333333333333
"858","4A",1170,1,71,"10L",29,1308,46189.5,43936.4,49057.85,34.5,2.05797101449275
"859","4A",1171,1,118,"10L",30,1309,46234.5,43946.65,49144.55,45,2.62222222222222
"860","4A",1172,1,223,"10L",31,1310,46274.5,44004.95,49176.4,40,5.575
"861","4A",1173,1,230,"10L",32,1311,46334,44068.75,49209.95,59.5,3.86554621848739
"862","4A",1174,1,148,"10L",33,1312,46378.5,44085.95,49270.25,44.5,3.32584269662921
"863","4A",1175,1,114,"10L",34,1313,46425,44131.45,49293,46.5,2.45161290322581
"864","4A",1176,1,599,"10L",35,1314,46456.5,44177.35,49321.3,31.5,19.015873015873
"865","4A",1177,1,145,"10L",36,1315,46524.5,44191.8,49344.05,68,2.13235294117647
"866","4A",1178,1,154,"10L",37,1316,46550,44219.55,49366.75,25.5,6.03921568627451
"867","4A",1180,1,333,"10L",39,1318,46632.5,44321.7,49505.35,29,11.4827586206897
"868","4A",1181,1,314,"10L",40,1319,46677,44401.95,49556.05,44.5,7.0561797752809
"869","4A",1182,1,305,"10L",41,1320,46712,44456.2,49580.15,35,8.71428571428571
"870","4A",1183,1,474,"10L",42,1321,46747.5,44511.8,49610.15,35.5,13.3521126760563
"871","4A",1184,1,210,"10L",43,1322,46793,44574.05,49635.45,45.5,4.61538461538461
"872","4A",1185,1,262,"10L",44,1323,46846.5,44611,49654.35,53.5,4.89719626168224
"873","4A",1186,1,240,"10L",45,1324,46883,44644,49665.15,36.5,6.57534246575342
"874","4A",1187,1,181,"10L",46,1325,46928,44657.95,49715,45,4.02222222222222
"875","4A",1188,1,124,"10L",47,1326,46958.5,44672.75,49759.7,30.5,4.0655737704918
"876","4A",1189,1,159,"10L",48,1327,47001.5,44686.4,49771.2,43,3.69767441860465
"877","4A",1190,1,238,"10L",49,1328,47059,44713.3,49930.25,57.5,4.13913043478261
"878","4A",1191,1,168,"10L",50,1329,47101,44719.9,50012.65,42,4
"879","4A",1192,1,86,"10L",51,1330,47135.5,44767.9,50087.65,34.5,2.49275362318841
"880","4A",1193,1,175,"10L",52,1331,47197.5,44825.5,50129.45,62,2.82258064516129
"881","4A",1194,1,142,"10L",53,1332,47239,44860,50142.7,41.5,3.42168674698795
"882","4A",1196,1,132,"10L",55,1334,47331,44913.75,50209.45,41,3.21951219512195
"883","4A",1197,1,205,"10L",56,1335,47374.5,44989.4,50258.1,43.5,4.71264367816092
"884","4A",1198,1,71,"10L",57,1336,47396,45014.5,50289.6,21.5,3.30232558139535
"885","4A",1199,1,47,"10L",58,1337,47420.5,45029.95,50316.25,24.5,1.91836734693878
"886","4A",1200,1,46,"10L",59,1338,47461,45045.6,50341.45,40.5,1.1358024691358
"887","4A",1201,1,5,"10L",60,1339,47499.5,45062.95,50367.55,38.5,0.12987012987013
"888","4A",1202,1,10,"10L",61,1340,47544.5,45098.85,50393.65,45,0.222222222222222
"889","4A",1203,1,13,"10L",62,1341,47583,45159.8,50529.95,38.5,0.337662337662338
"890","4A",1204,1,30,"10L",63,1342,47641,45192.95,50613,58,0.517241379310345
"891","4A",1205,1,24,"10L",64,1343,47679,45210.95,50663.45,38,0.631578947368421
"892","4A",1206,1,8,"10L",65,1344,47737.5,45229.9,50678.5,58.5,0.136752136752137
"893","4A",1207,1,14,"10L",66,1345,47765.5,45246.85,50705.65,28,0.5
"894","4A",1208,1,15,"10L",67,1346,47808.5,45264.8,50726.65,43,0.348837209302326
"895","4A",1209,1,14,"10L",68,1347,47845.5,45281.8,50771,37,0.378378378378378
"896","4A",1210,1,14,"10L",69,1348,47895.5,45318.05,50823.85,50,0.28
"897","4A",1211,1,8,"10L",70,1349,47946.5,45324.6,50868.15,51,0.156862745098039
"898","4A",1212,1,12,"10L",71,1350,47972.5,45379.6,50887.6,26,0.461538461538462
"899","4A",1213,1,15,"10L",72,1351,48029,45465.3,50933.6,56.5,0.265486725663717
"900","4A",1214,1,37,"10L",73,1352,48086,45521.45,50991.75,57,0.649122807017544
"901","4A",1215,1,17,"10L",74,1353,48126,45557.2,51034.15,40,0.425
"902","4A",1216,1,33,"10L",75,1354,48163,45627.95,51061.4,37,0.891891891891892
"903","4A",1217,1,15,"10L",76,1355,48196.5,45712.25,51153.85,33.5,0.447761194029851
"904","4A",1218,1,29,"10L",77,1356,48232,45763.75,51190,35.5,0.816901408450704
"905","4A",1219,1,422,"10L",78,1357,48267,45807.3,51219.5,35,12.0571428571429
"906","4A",1220,1,442,"10L",79,1358,48309,45825.7,51225.25,42,10.5238095238095
"907","4A",1221,1,940,"10L",80,1359,48357.5,45897.55,51231,48.5,19.3814432989691
"908","4A",1222,1,641,"10L",81,1360,48428,45978.85,51289.1,70.5,9.09219858156028
"909","4A",1223,1,598,"10L",82,1361,48483.5,46013.15,51306.15,55.5,10.7747747747748
"910","4A",1224,1,581,"10L",83,1362,48527,46043.7,51329.35,43.5,13.3563218390805
"911","4A",1225,1,929,"10L",84,1363,48561.5,46083.9,51360.25,34.5,26.9275362318841
"912","4A",1226,1,1167,"10L",85,1364,48603,46128.85,51438.5,41.5,28.1204819277108
"913","4A",1228,1,1344,"10L",87,1366,48720,46285.3,51522.8,64.5,20.8372093023256
"914","4A",1229,1,917,"10L",88,1367,48749,46301.85,51544.05,29,31.6206896551724
"915","4A",1230,1,1011,"10L",89,1368,48787.5,46320.95,51583.7,38.5,26.2597402597403
"916","4A",1231,1,750,"10L",90,1369,48821.5,46408.6,51609.25,34,22.0588235294118
"917","4A",1232,1,244,"10L",91,1370,48851.5,46497,51633,30,8.13333333333333
"918","4A",1241,1,922,"11L",0,1379,49221.5,46911.1,51965.95,45.5,20.2637362637363
"919","4A",1242,1,690,"11L",1,1380,49268.5,46942.55,52016.05,47,14.6808510638298
"920","4A",1243,1,819,"11L",2,1381,49312.5,46983.9,52110.1,44,18.6136363636364
"921","4A",1244,1,506,"11L",3,1382,49355,47031.55,52170.2,42.5,11.9058823529412
"922","4A",1245,1,545,"11L",4,1383,49395.5,47099.5,52197.75,40.5,13.4567901234568
"923","4A",1246,1,744,"11L",5,1384,49425.5,47155.35,52218.6,30,24.8
"924","4A",1247,1,997,"11L",6,1385,49467,47198.75,52260.65,41.5,24.0240963855422
"925","4A",1248,1,562,"11L",7,1386,49521,47235.5,52305.2,54,10.4074074074074
"926","4A",1249,1,747,"11L",8,1387,49541.5,47283.15,52352.45,20.5,36.4390243902439
"927","4A",1250,1,1038,"11L",9,1388,49611,47322.3,52393.2,69.5,14.9352517985612
"928","4A",1251,1,1115,"11L",10,1389,49680.5,47373.55,52443.1,69.5,16.0431654676259
"929","4A",1252,1,864,"11L",11,1390,49725,47434,52488.05,44.5,19.4157303370787
"930","4A",1253,1,1072,"11L",12,1391,49780,47496.9,52510.2,55,19.4909090909091
"931","4A",1254,1,977,"11L",13,1392,49827,47520.65,52553.35,47,20.7872340425532
"932","4A",1255,1,404,"11L",14,1393,49858,47572.5,52625.65,31,13.0322580645161
"933","4A",1256,1,528,"11L",15,1394,49887.5,47615.45,52752.25,29.5,17.8983050847458
"934","4A",1257,1,361,"11L",16,1395,49929,47678.3,52769.5,41.5,8.69879518072289
"935","4A",1258,1,219,"11L",17,1396,49959.5,47706.85,52836.15,30.5,7.18032786885246
"936","4A",1259,1,345,"11L",18,1397,50016,47738.8,52913.25,56.5,6.10619469026549
"937","4A",1260,1,537,"11L",19,1398,50059.5,47761.4,52930.3,43.5,12.3448275862069
"938","4A",1261,1,411,"11L",20,1399,50096.5,47790,52942.55,37,11.1081081081081
"939","4A",1262,1,413,"11L",21,1400,50137,47866.4,52971.25,40.5,10.1975308641975
"940","4A",1263,1,227,"11L",22,1401,50184,47881,53009.65,47,4.82978723404255
"941","4A",1264,1,646,"11L",23,1402,50219.5,47948.25,53059.75,35.5,18.1971830985915
"942","4A",1265,1,349,"11L",24,1403,50279.5,47994.95,53124.65,60,5.81666666666667
"943","4A",1266,1,306,"11L",25,1404,50327.5,48037,53152.4,48,6.375
"944","4A",1267,1,279,"11L",26,1405,50364,48065.3,53216.05,36.5,7.64383561643836
"945","4A",1268,1,663,"11L",27,1406,50427,48104.25,53292.15,63,10.5238095238095
"946","4A",1269,1,361,"11L",28,1407,50461,48157.9,53343.45,34,10.6176470588235
"947","4A",1270,1,230,"11L",29,1408,50500,48173.95,53365.05,39,5.8974358974359
"948","4A",1271,1,290,"11L",30,1409,50560.5,48185.65,53419.1,60.5,4.79338842975207
"949","4A",1272,1,598,"11L",31,1410,50613,48232.7,53470.55,52.5,11.3904761904762
"950","4A",1273,1,306,"11L",32,1411,50664.5,48266.35,53520,51.5,5.94174757281553
"951","4A",1274,1,204,"11L",33,1412,50721.5,48357.75,53543.75,57,3.57894736842105
"952","4A",1275,1,270,"11L",34,1413,50768,48426.75,53566.6,46.5,5.80645161290323
"953","4A",1276,1,255,"11L",35,1414,50825,48464.75,53665.4,57,4.47368421052632
"954","4A",1277,1,466,"11L",36,1415,50883.5,48569.95,53698.75,58.5,7.96581196581197
"955","4A",1278,1,381,"11L",37,1416,50941,48664.9,53848.5,57.5,6.62608695652174
"956","4A",1279,1,305,"11L",38,1417,51020.5,48697.9,53955.35,79.5,3.83647798742138
"957","4A",1280,1,213,"11L",39,1418,51171,48785.85,54088.45,150.5,1.41528239202658
"958","4A",1281,1,221,"11L",40,1419,51349,48958.55,54163.2,178,1.24157303370787
"959","4A",1282,1,147,"11L",41,1420,51452.5,49085.7,54209.1,103.5,1.42028985507246
"960","4A",1283,1,84,"11L",42,1421,51541.5,49182.8,54255.05,89,0.943820224719101
"961","4A",1284,1,592,"11L",43,1422,51617.5,49251.55,54317,76,7.78947368421053
"962","4A",1285,1,445,"11L",44,1423,51691,49309.3,54358,73.5,6.05442176870748
"963","4A",1286,1,302,"11L",45,1424,51752,49367.8,54394.05,61,4.95081967213115
"964","4A",1287,1,688,"11L",46,1425,51816.5,49431.75,54440.1,64.5,10.6666666666667
"965","4A",1288,1,874,"11L",47,1426,51857,49484.45,54486.25,40.5,21.5802469135802
"966","4A",1289,1,675,"11L",48,1427,51897.5,49580.1,54519.1,40.5,16.6666666666667
"967","4A",1290,1,745,"11L",49,1428,51946.5,49617.6,54589.35,49,15.2040816326531
"968","4A",1291,1,836,"11L",50,1429,51992.5,49699.65,54613.3,46,18.1739130434783
"969","4A",1292,1,386,"11L",51,1430,52052,49745.6,54674.55,59.5,6.48739495798319
"970","4A",1293,1,548,"11L",52,1431,52115,49776.95,54705.45,63,8.6984126984127
"971","4A",1294,1,622,"11L",53,1432,52154.5,49835.9,54759.4,39.5,15.746835443038
"972","4A",1295,1,296,"11L",54,1433,52212.5,49892.85,54840.2,58,5.10344827586207
"973","4A",1296,1,289,"11L",55,1434,52265.5,49973.7,54878,53,5.45283018867925
"974","4A",1297,1,258,"11L",56,1435,52304,50051.6,54911,38.5,6.7012987012987
"975","4A",1298,1,249,"11L",57,1436,52368.5,50081.5,54937.05,64.5,3.86046511627907
"976","4A",1299,1,247,"11L",58,1437,52409.5,50105.2,54952.1,41,6.02439024390244
"977","4A",1300,1,453,"11L",59,1438,52471,50128.65,55006.35,61.5,7.36585365853659
"978","4A",1301,1,148,"11L",60,1439,52532,50216.35,55047,61,2.42622950819672
"979","4A",1302,1,175,"11L",61,1440,52571.5,50255.75,55065.85,39.5,4.43037974683544
"980","4A",1303,1,222,"11L",62,1441,52635,50318.2,55118.9,63.5,3.49606299212598
"981","4A",1304,1,350,"11L",63,1442,52689.5,50381.95,55207.1,54.5,6.42201834862385
"982","4A",1305,1,49,"11L",64,1443,52746,50415.55,55232.7,56.5,0.867256637168142
"983","4A",1307,1,102,"11L",66,1445,52877,50569.85,55346.4,65,1.56923076923077
"984","4A",1308,1,193,"11L",67,1446,52957.5,50623.85,55381.2,80.5,2.39751552795031
"985","4A",1309,1,39,"11L",68,1447,53018.5,50649.4,55414.4,61,0.639344262295082
"986","4A",1310,1,50,"11L",69,1448,53073,50721.25,55448.05,54.5,0.917431192660551
"987","4A",1311,1,33,"11L",70,1449,53124.5,50740.8,55523.4,51.5,0.640776699029126
"988","4A",1312,1,158,"11L",71,1450,53178,50810.7,55576.55,53.5,2.95327102803738
"989","4A",1313,1,75,"11L",72,1451,53229,50882.55,55626.2,51,1.47058823529412
"990","4A",1314,1,42,"11L",73,1452,53286.5,50911.75,55673.05,57.5,0.730434782608696
"991","4A",1315,1,74,"11L",74,1453,53345,50966.2,55724,58.5,1.26495726495726
"992","4A",1316,1,118,"11L",75,1454,53412.5,51002.65,55791.75,67.5,1.74814814814815
"993","4A",1317,1,84,"11L",76,1455,53489,51078.85,55852,76.5,1.09803921568627
"994","4A",1318,1,148,"11L",77,1456,53542,51120.75,55884.6,53,2.79245283018868
"995","4A",1319,1,97,"11L",78,1457,53608,51172.4,55937.45,66,1.46969696969697
"996","4A",1320,1,73,"11L",79,1458,53680,51265.35,56020.1,72,1.01388888888889
"997","4A",1321,1,85,"11L",80,1459,53727,51344,56061.05,47,1.80851063829787
"998","4A",1322,1,80,"11L",81,1460,53800,51372,56118.8,73,1.0958904109589
"999","4A",1323,1,66,"11L",82,1461,53841,51429.3,56175.7,41,1.60975609756098
"1000","4A",1324,1,70,"11L",83,1462,53894,51472.25,56203.65,53,1.32075471698113
"1001","4A",1325,1,67,"11L",84,1463,53959,51556.55,56232.95,65,1.03076923076923
"1002","4A",1326,1,35,"11L",85,1464,54018,51590.65,56276.55,59,0.593220338983051
"1003","4A",1327,1,65,"11L",86,1465,54082.5,51622.45,56319.15,64.5,1.0077519379845
"1004","4A",1328,1,66,"11L",87,1466,54135,51686.55,56341.15,52.5,1.25714285714286
"1005","4A",1329,1,79,"11L",88,1467,54196,51752.15,56391.85,61,1.29508196721311
"1006","4A",1330,1,164,"11L",89,1468,54254.5,51795.25,56429.2,58.5,2.8034188034188
"1007","4A",1331,1,140,"11L",90,1469,54345,51892,56471.65,90.5,1.54696132596685
"1008","4A",1332,1,170,"11L",91,1470,54433.5,51961.5,56544.35,88.5,1.92090395480226
"1009","4A",1333,1,172,"11L",92,1471,54489.5,52025.15,56599.8,56,3.07142857142857
"1010","4A",1342,1,124,"12L",1,1480,54970,52595.95,57001.25,58.5,2.11965811965812
"1011","4A",1343,1,75,"12L",2,1481,55029,52685.15,57056.05,59,1.27118644067797
"1012","4A",1344,1,87,"12L",3,1482,55074,52717.9,57078,45,1.93333333333333
"1013","4A",1345,1,118,"12L",4,1483,55120,52749.65,57129.55,46,2.56521739130435
"1014","4A",1346,1,95,"12L",5,1484,55168,52780.75,57149.2,48,1.97916666666667
"1015","4A",1347,1,91,"12L",6,1485,55238,52843.25,57184.2,70,1.3
"1016","4A",1348,1,90,"12L",7,1486,55293,52914.3,57262.15,55,1.63636363636364
"1017","4A",1350,1,58,"12L",9,1488,55413.5,53057.9,57377.55,53,1.09433962264151
"1018","4A",1351,1,59,"12L",10,1489,55464.5,53116.65,57430.4,51,1.15686274509804
"1019","4A",1352,1,18,"12L",11,1490,55538.5,53175.15,57456.1,74,0.243243243243243
"1020","4A",1353,1,31,"12L",12,1491,55579.5,53244.75,57479.3,41,0.75609756097561
"1021","4A",1354,1,46,"12L",13,1492,55644.5,53320.3,57559.85,65,0.707692307692308
"1022","4A",1355,1,59,"12L",14,1493,55701,53375.85,57669.35,56.5,1.04424778761062
"1023","4A",1356,1,76,"12L",15,1494,55763.5,53421.35,57711,62.5,1.216
"1024","4A",1357,1,79,"12L",16,1495,55813.5,53478.6,57783.35,50,1.58
"1025","4A",1358,1,167,"12L",17,1496,55871.5,53528.45,57814.2,58,2.87931034482759
"1026","4A",1359,1,255,"12L",18,1497,55923.5,53584.75,57839.05,52,4.90384615384615
"1027","4A",1360,1,145,"12L",19,1498,55970.5,53631.6,57861.35,47,3.08510638297872
"1028","4A",1361,1,130,"12L",20,1499,56032,53689.85,57930.1,61.5,2.11382113821138
"1029","4A",1362,1,136,"12L",21,1500,56071,53721.7,57956.6,39,3.48717948717949
"1030","4A",1363,1,136,"12L",22,1501,56122.5,53812.65,57989.6,51.5,2.64077669902913
"1031","4A",1364,1,69,"12L",23,1502,56168,53899.85,58034.1,45.5,1.51648351648352
"1032","4A",1365,1,137,"12L",24,1503,56214,53928.9,58070.8,46,2.97826086956522
"1033","4A",1366,1,102,"12L",25,1504,56266,54013.05,58101.1,52,1.96153846153846
"1034","4A",1367,1,120,"12L",26,1505,56313,54073.65,58125.8,47,2.5531914893617
"1035","4A",1368,1,120,"12L",27,1506,56360.5,54101.6,58176.3,47.5,2.52631578947368
"1036","4A",1369,1,114,"12L",28,1507,56415.5,54156.95,58202.2,55,2.07272727272727
"1037","4A",1370,1,163,"12L",29,1508,56459.5,54203.65,58229,44,3.70454545454545
"1038","4A",1371,1,105,"12L",30,1509,56521.5,54256.7,58255.95,62,1.69354838709677
"1039","4A",1372,1,125,"12L",31,1510,56585,54288.15,58297.1,63.5,1.96850393700787
"1040","4A",1373,1,59,"12L",32,1511,56645.5,54345.35,58315.55,60.5,0.975206611570248
"1041","4A",1374,1,69,"12L",33,1512,56714,54433.8,58349.5,68.5,1.00729927007299
"1042","4A",1375,1,83,"12L",34,1513,56753.5,54530.65,58388.35,39.5,2.10126582278481
"1043","4A",1376,1,88,"12L",35,1514,56791,54575,58427.2,37.5,2.34666666666667
"1044","4A",1377,1,106,"12L",36,1515,56836.5,54683.85,58467.35,45.5,2.32967032967033
"1045","4A",1378,1,149,"12L",37,1516,56884.5,54749.8,58513.2,48,3.10416666666667
"1046","4A",1379,1,84,"12L",38,1517,56956.5,54807.6,58590.1,72,1.16666666666667
"1047","4A",1380,1,87,"12L",39,1518,57026.5,54870.95,58606.1,70,1.24285714285714
"1048","4A",1381,1,98,"12L",40,1519,57105,54911.85,58624.35,78.5,1.2484076433121
"1049","4A",1382,1,131,"12L",41,1520,57148,54947.7,58673.3,43,3.04651162790698
"1050","4A",1383,1,145,"12L",42,1521,57194.5,54983.95,58706.8,46.5,3.11827956989247
"1051","4A",1384,1,219,"12L",43,1522,57247.5,55048.5,58778.1,53,4.13207547169811
"1052","4A",1385,1,127,"12L",44,1523,57285.5,55143.35,58817.2,38,3.34210526315789
"1053","4A",1386,1,412,"12L",45,1524,57354.5,55183.6,58857,69,5.97101449275362
"1054","4A",1387,1,332,"12L",46,1525,57417,55326.65,58872.05,62.5,5.312
"1055","4A",1388,1,178,"12L",47,1526,57469,55401.25,58917.6,52,3.42307692307692
"1056","4A",1389,1,194,"12L",48,1527,57519,55451.45,58947.25,50,3.88
"1057","4A",1390,1,642,"12L",49,1528,57572.5,55486.3,58990.95,53.5,12
"1058","4A",1391,1,336,"12L",50,1529,57620,55548.7,59034.05,47.5,7.07368421052632
"1059","4A",1392,1,323,"12L",51,1530,57676,55670.35,59051.05,56,5.76785714285714
"1060","4A",1393,1,733,"12L",52,1531,57719,55751.35,59067.1,43,17.046511627907
"1061","4A",1394,1,186,"12L",53,1532,57778,55810.9,59098.15,59,3.15254237288136
"1062","4A",1395,1,324,"12L",54,1533,57848.5,55883.85,59107.2,70.5,4.59574468085106
"1063","4A",1397,1,474,"12L",56,1535,57959.5,56049.05,59180,44,10.7727272727273
"1064","4A",1398,1,142,"12L",57,1536,58021,56116.9,59207.6,61.5,2.30894308943089
"1065","4A",1399,1,317,"12L",58,1537,58074,56199.05,59245.1,53,5.9811320754717
"1066","4A",1400,1,340,"12L",59,1538,58136.5,56266.75,59264.05,62.5,5.44
"1067","4A",1401,1,682,"12L",60,1539,58201.5,56358.9,59284.15,65,10.4923076923077
"1068","4A",1403,1,557,"12L",62,1541,58329.5,56463.7,59323.1,55.5,10.036036036036
"1069","4A",1404,1,434,"12L",63,1542,58385,56533.7,59347.1,55.5,7.81981981981982
"1070","4A",1405,1,426,"12L",64,1543,58440,56611.65,59401.3,55,7.74545454545455
"1071","4A",1406,1,211,"12L",65,1544,58479,56661.55,59425.1,39,5.41025641025641
"1072","4A",1407,1,331,"12L",66,1545,58527.5,56783,59439.05,48.5,6.82474226804124
"1073","4A",1408,1,332,"12L",67,1546,58577,56845.75,59452,49.5,6.70707070707071
"1074","4A",1409,1,411,"12L",68,1547,58642,56922.95,59465.15,65,6.32307692307692
"1075","4A",1410,1,176,"12L",69,1548,58698,57000.95,59481.35,56,3.14285714285714
"1076","4A",1411,1,522,"12L",70,1549,58746.5,57092.9,59501,48.5,10.7628865979381
"1077","4A",1412,1,323,"12L",71,1550,58804,57185.9,59510.25,57.5,5.61739130434783
"1078","4A",1413,1,372,"12L",72,1551,58860.5,57301.7,59523.05,56.5,6.58407079646018
"1079","4A",1414,1,158,"12L",73,1552,58911,57396.6,59533.35,50.5,3.12871287128713
"1080","4A",1415,1,223,"12L",74,1553,58951.5,57574.4,59557.05,40.5,5.50617283950617
"1081","4A",1416,1,271,"12L",75,1554,59005.5,57658.75,59568,54,5.01851851851852
"1082","4A",1417,1,357,"12L",76,1555,59064.5,57743,59584,59,6.05084745762712
"1083","4A",1418,1,523,"12L",77,1556,59125,57902.85,59597,60.5,8.64462809917355
"1084","4A",1419,1,471,"12L",78,1557,59186.5,58002.4,59609.1,61.5,7.65853658536585
"1085","4A",1420,1,401,"12L",79,1558,59244,58087.55,59625.15,57.5,6.97391304347826
"1086","4A",1421,1,371,"12L",80,1559,59306,58229.75,59644.05,62,5.98387096774194
"1087","4A",1422,1,54,"12L",81,1560,59370,58349.05,59659,64,0.84375
"1088","4A",1423,1,79,"12L",82,1561,59428.5,58465.8,59672,58.5,1.35042735042735
"1089","4A",1424,1,75,"12L",83,1562,59486.5,58629.95,59690,58,1.29310344827586
"1090","4A",1425,1,109,"12L",84,1563,59546,58801.75,59709.05,59.5,1.83193277310924
"1091","4A",1426,1,44,"12L",85,1564,59610,59075.95,59732.05,64,0.6875
"1092","4A",1427,1,70,"12L",86,1565,59698,59618,59782,88,0.795454545454545
"1093","4A",1428,1,48,"12L",87,1566,59765,59656,60135.15,67,0.716417910447761
"1094","4A",1429,1,26,"12L",88,1567,59816,59677,60304.05,51,0.509803921568627
"1095","4A",1430,1,54,"12L",89,1568,59866,59695,60417.05,50,1.08
"1096","4A",1431,1,48,"12L",90,1569,59914,59705,60561.05,48,1
"1097","4A",1432,1,34,"12L",91,1570,59962,59715,60674.1,48,0.708333333333333
"1098","4A",1433,1,57,"12L",92,1571,60005.5,59725.95,60777.75,43.5,1.31034482758621
"1099","4A",1434,1,73,"12L",93,1572,60050.5,59736.9,60840.1,45,1.62222222222222
"1100","4A",1435,1,38,"12L",94,1573,60092.5,59745,60907.35,42,0.904761904761905
"1101","4A",1442,1,12,"13L",1,1580,60364,59829,61373.75,37.5,0.32
"1102","4A",1443,1,14,"13L",2,1581,60395.5,59841.9,61442.3,31.5,0.444444444444444
"1103","4A",1444,1,18,"13L",3,1582,60438,59861.55,61532.95,42.5,0.423529411764706
"1104","4A",1445,1,9,"13L",4,1583,60469,59874.95,61615.5,31,0.290322580645161
"1105","4A",1446,1,10,"13L",5,1584,60504.5,59885.9,61679.7,35.5,0.28169014084507
"1106","4A",1447,1,8,"13L",6,1585,60547,59894.95,61761.2,42.5,0.188235294117647
"1107","4A",1448,1,14,"13L",7,1586,60583,59905.9,61836.65,36,0.388888888888889
"1108","4A",1449,1,16,"13L",8,1587,60621.5,59918.95,61884.85,38.5,0.415584415584416
"1109","4A",1450,1,11,"13L",9,1588,60669,59930.85,61994.05,47.5,0.231578947368421
"1110","4A",1451,1,7,"13L",10,1589,60711.5,59941.85,62064,42.5,0.164705882352941
"1111","4A",1452,1,5,"13L",11,1590,60745,59955.85,62105.15,33.5,0.149253731343284
"1112","4A",1453,1,8,"13L",12,1591,60790,59971.85,62137.05,45,0.177777777777778
"1113","4A",1454,1,30,"13L",13,1592,60834,59984.95,62206.3,44,0.681818181818182
"1114","4A",1455,1,5,"13L",14,1593,60874.5,59996.8,62252.4,40.5,0.123456790123457
"1115","4A",1456,1,6,"13L",15,1594,60913.5,60009,62300.1,39,0.153846153846154
"1116","4A",1457,1,4,"13L",16,1595,60960.5,60020.9,62358,47,0.0851063829787234
"1117","4A",1458,1,10,"13L",17,1596,60997.5,60033,62418.05,37,0.27027027027027
"1118","4A",1459,1,22,"13L",18,1597,61018,60054.95,62457.65,20.5,1.07317073170732
"1119","4A",1460,1,18,"13L",19,1598,61061.5,60066,62504.4,43.5,0.413793103448276
"1120","4A",1461,1,17,"13L",20,1599,61115,60078.9,62588.6,53.5,0.317757009345794
"1121","4A",1462,1,11,"13L",21,1600,61158,60096.7,62621.25,43,0.255813953488372
"1122","4A",1463,1,10,"13L",22,1601,61194,60107.75,62670,36,0.277777777777778
"1123","4A",1464,1,23,"13L",23,1602,61223,60123.75,62749.5,29,0.793103448275862
"1124","4A",1465,1,13,"13L",24,1603,61267.5,60151.3,62809.9,44.5,0.292134831460674
"1125","4A",1466,1,9,"13L",25,1604,61308,60184.7,62877.1,40.5,0.222222222222222
"1126","4A",1467,1,14,"13L",26,1605,61361,60217.65,62910.05,53,0.264150943396226
"1127","4A",1468,1,21,"13L",27,1606,61405,60237.9,62969.4,44,0.477272727272727
"1128","4A",1469,1,6,"13L",28,1607,61447.5,60250.7,63007.7,42.5,0.141176470588235
"1129","4A",1470,1,11,"13L",29,1608,61482.5,60302.2,63076.2,35,0.314285714285714
"1130","4A",1471,1,7,"13L",30,1609,61517,60316.9,63156,34.5,0.202898550724638
"1131","4A",1472,1,17,"13L",31,1610,61555,60334.85,63189.15,38,0.447368421052632
"1132","4A",1473,1,13,"13L",32,1611,61603.5,60352.65,63224.15,48.5,0.268041237113402
"1133","4A",1474,1,12,"13L",33,1612,61639.5,60375.2,63265.5,36,0.333333333333333
"1134","4A",1475,1,9,"13L",34,1613,61675,60394.6,63326.05,35.5,0.253521126760563
"1135","4A",1476,1,10,"13L",35,1614,61713,60428.85,63397.3,38,0.263157894736842
"1136","4A",1477,1,7,"13L",36,1615,61754.5,60482.7,63436.75,41.5,0.168674698795181
"1137","4A",1478,1,4,"13L",37,1616,61796,60498.85,63510.7,41.5,0.0963855421686747
"1138","4A",1479,1,23,"13L",38,1617,61824,60539.7,63560.25,28,0.821428571428571
"1139","4A",1480,1,19,"13L",39,1618,61860,60549.9,63589.1,36,0.527777777777778
"1140","4A",1481,1,37,"13L",40,1619,61895,60581.05,63623.85,35,1.05714285714286
"1141","4A",1482,1,2,"13L",41,1620,61937,60590.95,63703.1,42,0.0476190476190476
"1142","4A",1483,1,5,"13L",42,1621,61977.5,60626.9,63746.95,40.5,0.123456790123457
"1143","4A",1484,1,9,"13L",43,1622,62019,60662.65,63862.2,41.5,0.216867469879518
"1144","4A",1485,1,8,"13L",44,1623,62062,60700.8,63894.65,43,0.186046511627907
"1145","4A",1486,1,5,"13L",45,1624,62100.5,60728.5,63935.8,38.5,0.12987012987013
"1146","4A",1487,1,9,"13L",46,1625,62142,60744.8,63997.1,41.5,0.216867469879518
"1147","4A",1488,1,30,"13L",47,1626,62185,60765.85,64054.4,43,0.697674418604651
"1148","4A",1489,1,21,"13L",48,1627,62210,60799.75,64110.8,25,0.84
"1149","4A",1490,1,3,"13L",49,1628,62236.5,60814.45,64147.9,26.5,0.113207547169811
"1150","4A",1491,1,9,"13L",50,1629,62274,60845.5,64185.75,37.5,0.24
"1151","4A",1493,1,4,"13L",52,1631,62347.5,60878.7,64263.35,31,0.129032258064516
"1152","4A",1494,1,9,"13L",53,1632,62402,60896.4,64346.4,54.5,0.165137614678899
"1153","4A",1495,1,15,"13L",54,1633,62441,60902.4,64418.95,39,0.384615384615385
"1154","4A",1496,1,24,"13L",55,1634,62466,60909.9,64445.65,25,0.96
"1155","4A",1497,1,17,"13L",56,1635,62508,60928.8,64506.9,42,0.404761904761905
"1156","4A",1498,1,9,"13L",57,1636,62551,60935.85,64585.4,43,0.209302325581395
"1157","4A",1499,1,17,"13L",58,1637,62586.5,60980.75,64609.15,35.5,0.47887323943662
"1158","4A",1500,1,20,"13L",59,1638,62615.5,61001.8,64674.35,29,0.689655172413793
"1159","4A",1501,1,16,"13L",60,1639,62648.5,61026.25,64716.3,33,0.484848484848485
"1160","4A",1502,1,10,"13L",61,1640,62690.5,61031.9,64742.45,42,0.238095238095238
"1161","4A",1503,1,44,"13L",62,1641,62742,61043.65,64777.45,51.5,0.854368932038835
"1162","4A",1504,1,12,"13L",63,1642,62784.5,61061.4,64833.5,42.5,0.282352941176471
"1163","4A",1505,1,15,"13L",64,1643,62821,61100.95,64889.2,36.5,0.410958904109589
"1164","4A",1506,1,53,"13L",65,1644,62851.5,61118.85,64929.85,30.5,1.73770491803279
"1165","4A",1507,1,118,"13L",66,1645,62880.5,61131.8,64972.55,29,4.06896551724138
"1166","4A",1508,1,25,"13L",67,1646,62928.5,61145.85,65044.3,48,0.520833333333333
"1167","4A",1509,1,40,"13L",68,1647,62957.5,61184,65104.1,29,1.37931034482759
"1168","4A",1510,1,16,"13L",69,1648,63008,61203.75,65142,50.5,0.316831683168317
"1169","4A",1511,1,16,"13L",70,1649,63047.5,61241.3,65182.6,39.5,0.40506329113924
"1170","4A",1512,1,27,"13L",71,1650,63113,61263.9,65211.15,65.5,0.412213740458015
"1171","4A",1513,1,41,"13L",72,1651,63151.5,61313.5,65255.5,38.5,1.06493506493506
"1172","4A",1514,1,6,"13L",73,1652,63198,61333.9,65313.75,46.5,0.129032258064516
"1173","4A",1515,1,13,"13L",74,1653,63232,61355.95,65371.4,34,0.382352941176471
"1174","4A",1516,1,3,"13L",75,1654,63266,61375.95,65448.6,34,0.0882352941176471
"1175","4A",1517,1,15,"13L",76,1655,63313,61395.95,65551.25,47,0.319148936170213
"1176","4A",1518,1,8,"13L",77,1656,63346,61442.55,65570.85,33,0.242424242424242
"1177","4A",1519,1,22,"13L",78,1657,63365,61452.05,65644.5,19,1.15789473684211
"1178","4A",1520,1,11,"13L",79,1658,63389.5,61475.7,65677.7,24.5,0.448979591836735
"1179","4A",1521,1,7,"13L",80,1659,63436.5,61509.75,65718.9,47,0.148936170212766
"1180","4A",1522,1,12,"13L",81,1660,63472.5,61539.75,65757.55,36,0.333333333333333
"1181","4A",1525,1,11,"13L",84,1663,63573.5,61599.8,65897.8,38,0.289473684210526
"1182","4A",1526,1,29,"13L",85,1664,63599.5,61610.85,65945.05,26,1.11538461538462
"1183","4A",1527,1,33,"13L",86,1665,63642,61631.55,65975,42.5,0.776470588235294
"1184","4A",1542,1,35,"14L",1,1680,64250.5,62072.35,66802.65,20.5,1.70731707317073
"1185","4A",1543,1,13,"14L",2,1681,64290,62130.05,66830.05,39.5000000000073,0.329113924050572
"1186","4A",1544,1,12,"14L",3,1682,64355,62142.5,66876.45,64.9999999999927,0.184615384615405
"1187","4A",1545,1,16,"14L",4,1683,64386,62155.65,66927.65,31,0.516129032258065
"1188","4A",1546,1,6,"14L",5,1684,64429,62176.55,66963.6,43,0.13953488372093
"1189","4A",1547,1,24,"14L",6,1685,64466.5,62234.15,67024.4,37.5,0.64
"1190","4A",1548,1,35,"14L",7,1686,64500,62282.55,67069.6,33.5,1.04477611940298
"1191","4A",1549,1,15,"14L",8,1687,64521,62292.9,67099,21,0.714285714285714
"1192","4A",1550,1,16,"14L",9,1688,64541.5,62331.5,67142.5,20.5,0.780487804878049
"1193","4A",1551,1,23,"14L",10,1689,64576.5,62392.35,67207.65,35,0.657142857142857
"1194","4A",1552,1,16,"14L",11,1690,64621.5,62413.55,67255.1,45,0.355555555555556
"1195","4A",1553,1,8,"14L",12,1691,64662.5,62446.1,67281.75,41,0.195121951219512
"1196","4A",1554,1,13,"14L",13,1692,64715.5,62480.75,67299.85,53,0.245283018867925
"1197","4A",1555,1,15,"14L",14,1693,64759.5,62492.65,67380.05,43.9999999999927,0.340909090909147
"1198","4A",1556,1,16,"14L",15,1694,64795.5,62505.9,67436.05,36.0000000000073,0.444444444444355
"1199","4A",1557,1,18,"14L",16,1695,64826,62521.75,67459.05,30.5,0.590163934426229
"1200","4A",1558,1,9,"14L",17,1696,64865,62575.75,67486.9,39,0.230769230769231
"1201","4A",1559,1,23,"14L",18,1697,64909,62623.35,67535.3,44,0.522727272727273
"1202","4A",1560,1,6,"14L",19,1698,64958.5,62650.85,67558.05,49.5,0.121212121212121
"1203","4A",1561,1,18,"14L",20,1699,65007.5,62675.55,67586.2,49,0.36734693877551
"1204","4A",1562,1,11,"14L",21,1700,65046.5,62704.85,67602,39,0.282051282051282
"1205","4A",1563,1,15,"14L",22,1701,65098.5,62732.65,67618.1,52,0.288461538461538
"1206","4A",1564,1,38,"14L",23,1702,65126,62759.55,67712.65,27.5,1.38181818181818
"1207","4A",1565,1,33,"14L",24,1703,65156.5,62780.6,67723.1,30.5,1.08196721311475
"1208","4A",1566,1,18,"14L",25,1704,65220,62793.6,67839.65,63.5,0.283464566929134
"1209","4A",1567,1,6,"14L",26,1705,65261,62813.45,67899,40.9999999999927,0.14634146341466
"1210","4A",1568,1,29,"14L",27,1706,65287.5,62828.9,67930.4,26.5000000000073,1.09433962264121
"1211","4A",1569,1,34,"14L",28,1707,65314.5,62884.05,67962,27,1.25925925925926
"1212","4A",1570,1,21,"14L",29,1708,65355,62913.85,67993.45,40.5000000000073,0.518518518518425
"1213","4A",1571,1,22,"14L",30,1709,65376.5,62953.85,68045.75,21.4999999999927,1.02325581395383
"1214","4A",1572,1,82,"14L",31,1710,65401,62981.65,68114.5,24.5,3.3469387755102
"1215","4A",1573,1,300,"14L",32,1711,65455.5,63028.6,68123,54.5,5.5045871559633
"1216","4A",1574,1,124,"14L",33,1712,65503.5,63066.7,68175.2,48,2.58333333333333
"1217","4A",1575,1,17,"14L",34,1713,65525.5,63084.75,68220.95,22,0.772727272727273
"1218","4A",1576,1,44,"14L",35,1714,65565.5,63113.95,68327,40,1.1
"1219","4A",1577,1,14,"14L",36,1715,65608,63150.25,68371.85,42.5,0.329411764705882
"1220","4A",1578,1,21,"14L",37,1716,65654.5,63170.95,68427.25,46.5,0.451612903225806
"1221","4A",1579,1,18,"14L",38,1717,65709,63205.2,68460.05,54.5,0.330275229357798
"1222","4A",1580,1,28,"14L",39,1718,65740.5,63231.25,68527.45,31.5,0.888888888888889
"1223","4A",1581,1,53,"14L",40,1719,65762,63247,68570.05,21.5,2.46511627906977
"1224","4A",1582,1,30,"14L",41,1720,65805,63260,68591.25,43,0.697674418604651
"1225","4A",1583,1,31,"14L",42,1721,65843,63283.45,68679.75,38,0.815789473684211
"1226","4A",1584,1,25,"14L",43,1722,65870,63307.85,68736.4,27,0.925925925925926
"1227","4A",1585,1,31,"14L",44,1723,65909.5,63353.95,68803.75,39.5,0.784810126582278
"1228","4A",1586,1,27,"14L",45,1724,65946.5,63371.5,68848.4,37,0.72972972972973
"1229","4A",1587,1,11,"14L",46,1725,65977.5,63383.95,68918.35,31,0.354838709677419
"1230","4A",1588,1,45,"14L",47,1726,66023.5,63408.7,68937.35,46,0.978260869565217
"1231","4A",1589,1,137,"14L",48,1727,66062.5,63432.8,69006.7,39,3.51282051282051
"1232","4A",1590,1,113,"14L",49,1728,66094.5,63457.5,69066.35,32,3.53125
"1233","4A",1591,1,12,"14L",50,1729,66131,63485.8,69073.6,36.5,0.328767123287671
"1234","4A",1592,1,42,"14L",51,1730,66165.5,63522.9,69128.8,34.5,1.21739130434783
"1235","4A",1593,1,26,"14L",52,1731,66198,63560.6,69189.05,32.5,0.8
"1236","4A",1594,1,35,"14L",53,1732,66236,63611.4,69216.65,38,0.921052631578947
"1237","4A",1595,1,45,"14L",54,1733,66271.5,63638.9,69354.2,35.5,1.26760563380282
"1238","4A",1596,1,293,"14L",55,1734,66330,63666.15,69388.3,58.5,5.00854700854701
