Model,Parameter,Bootstrapped mean,Bootstrapped SE,Bootstrapped upper 68,Bootstrapped lower 68,t-scores,P-value
No interaction,B: Charcoal accumulation:Grass,-0.030,0.056,0.025,-0.084,-0.530,0.596
No interaction,B: Charcoal accumulation:Herbs,-0.059,0.072,0.013,-0.130,-0.813,0.416
No interaction,B: Charcoal accumulation:Pinus,0.090,0.079,0.170,0.011,1.137,0.255
No interaction,B: Charcoal accumulation:Quercus,-0.026,0.066,0.039,-0.090,-0.402,0.688
No interaction,B: d18O:Grass,0.022,0.121,0.140,-0.093,0.185,0.853
No interaction,B: d18O:Herbs,-0.192,0.154,-0.032,-0.344,-1.243,0.214
No interaction,B: d18O:Pinus,0.197,0.167,0.372,0.027,1.176,0.239
No interaction,B: d18O:Quercus,-0.081,0.135,0.059,-0.209,-0.598,0.550
No interaction,B: Heinrich events:Grass,0.233,0.139,0.363,0.103,1.677,0.094
No interaction,B: Heinrich events:Herbs,-0.075,0.179,0.100,-0.251,-0.418,0.676
No interaction,B: Heinrich events:Pinus,0.727,0.209,0.946,0.520,3.473,0.001
No interaction,B: Heinrich events:Quercus,0.214,0.155,0.370,0.057,1.385,0.166
No interaction,B: CO2:Grass,0.175,0.162,0.330,0.023,1.075,0.282
No interaction,B: CO2:Herbs,0.078,0.180,0.253,-0.091,0.432,0.665
No interaction,B: CO2:Pinus,0.344,0.240,0.594,0.104,1.434,0.152
No interaction,B: CO2:Quercus,0.533,0.148,0.673,0.388,3.602,0.000
No interaction,B: OCFS:Grass,-0.078,0.081,0.004,-0.160,-0.957,0.339
No interaction,B: OCFS:Herbs,-0.041,0.092,0.051,-0.130,-0.442,0.658
No interaction,B: OCFS:Pinus,-0.060,0.129,0.070,-0.179,-0.464,0.643
No interaction,B: OCFS:Quercus,-0.009,0.082,0.072,-0.093,-0.114,0.909
No interaction,C: Other:Other,0.706,0.222,0.874,0.579,3.174,0.002
No interaction,C: Grass:Grass,0.878,0.115,0.943,0.829,7.613,0.000
No interaction,C: Herbs:Herbs,0.650,0.149,0.784,0.526,4.346,0.000
No interaction,C: Pinus:Pinus,0.804,0.065,0.863,0.746,12.404,0.000
No interaction,C: Quercus:Quercus,0.411,0.206,0.602,0.223,1.996,0.046
No interaction,B0: Grass,-0.187,0.141,-0.050,-0.324,-1.322,0.186
No interaction,B0: Herbs,-0.113,0.105,-0.009,-0.218,-1.071,0.284
No interaction,B0: Pinus,0.691,0.210,0.890,0.493,3.292,0.001
No interaction,B0: Quercus,0.218,0.088,0.305,0.131,2.489,0.013
With interaction,B: Charcoal accumulation:Grass,-0.031,0.057,0.025,-0.086,-0.548,0.584
With interaction,B: Charcoal accumulation:Herbs,-0.049,0.069,0.022,-0.114,-0.710,0.478
With interaction,B: Charcoal accumulation:Pinus,0.093,0.082,0.176,0.011,1.133,0.257
With interaction,B: Charcoal accumulation:Quercus,-0.038,0.059,0.018,-0.094,-0.646,0.518
With interaction,B: d18O:Grass,0.032,0.116,0.141,-0.075,0.276,0.783
With interaction,B: d18O:Herbs,-0.166,0.144,-0.029,-0.306,-1.154,0.248
With interaction,B: d18O:Pinus,0.157,0.176,0.326,-0.017,0.891,0.373
With interaction,B: d18O:Quercus,-0.117,0.124,0.011,-0.236,-0.946,0.344
With interaction,B: Heinrich events:Grass,0.232,0.144,0.372,0.089,1.619,0.105
With interaction,B: Heinrich events:Herbs,-0.036,0.172,0.135,-0.210,-0.208,0.835
With interaction,B: Heinrich events:Pinus,0.753,0.210,0.964,0.550,3.593,0.000
With interaction,B: Heinrich events:Quercus,0.236,0.151,0.374,0.096,1.566,0.117
With interaction,B: CO2:Grass,0.174,0.158,0.324,0.025,1.101,0.271
With interaction,B: CO2:Herbs,0.040,0.168,0.207,-0.119,0.240,0.810
With interaction,B: CO2:Pinus,0.398,0.235,0.618,0.164,1.693,0.090
With interaction,B: CO2:Quercus,0.533,0.140,0.670,0.387,3.815,0.000
With interaction,B: OCFS:Grass,-0.079,0.083,0.000,-0.161,-0.953,0.340
With interaction,B: OCFS:Herbs,-0.057,0.085,0.028,-0.140,-0.669,0.503
With interaction,B: OCFS:Pinus,-0.059,0.125,0.071,-0.181,-0.474,0.636
With interaction,B: OCFS:Quercus,-0.008,0.072,0.062,-0.077,-0.104,0.917
With interaction,C: Other:Other,0.700,0.339,0.899,0.574,2.068,0.039
With interaction,C: Grass:Grass,0.865,0.103,0.937,0.803,8.396,0.000
With interaction,C: Herbs:Herbs,0.696,0.139,0.817,0.584,5.002,0.000
With interaction,C: Pinus:Pinus,0.703,0.169,0.833,0.579,4.169,0.000
With interaction,C: Pinus:Quercus,-0.293,0.371,0.020,-0.585,-0.788,0.431
With interaction,C: Quercus:Pinus,-0.068,0.124,0.043,-0.176,-0.549,0.583
With interaction,C: Quercus:Quercus,0.407,0.276,0.666,0.143,1.475,0.140
With interaction,B0: Grass,-0.188,0.127,-0.068,-0.314,-1.482,0.138
With interaction,B0: Herbs,-0.117,0.110,-0.010,-0.228,-1.061,0.289
With interaction,B0: Pinus,0.655,0.187,0.836,0.475,3.492,0.000
With interaction,B0: Quercus,0.213,0.084,0.295,0.132,2.548,0.011
With interaction and without Holocene,B: Charcoal accumulation:Grass,-0.019,0.060,0.039,-0.077,-0.323,0.747
With interaction and without Holocene,B: Charcoal accumulation:Herbs,-0.074,0.085,0.004,-0.161,-0.872,0.383
With interaction and without Holocene,B: Charcoal accumulation:Pinus,0.108,0.100,0.206,0.006,1.087,0.277
With interaction and without Holocene,B: Charcoal accumulation:Quercus,-0.064,0.066,0.001,-0.126,-0.964,0.335
With interaction and without Holocene,B: d18O:Grass,-0.006,0.071,0.065,-0.074,-0.079,0.937
With interaction and without Holocene,B: d18O:Herbs,-0.092,0.100,0.011,-0.188,-0.920,0.358
With interaction and without Holocene,B: d18O:Pinus,0.059,0.118,0.174,-0.058,0.498,0.618
With interaction and without Holocene,B: d18O:Quercus,0.000,0.074,0.072,-0.072,0.001,0.999
With interaction and without Holocene,B: Heinrich events:Grass,0.213,0.144,0.355,0.076,1.479,0.139
With interaction and without Holocene,B: Heinrich events:Herbs,-0.167,0.204,0.042,-0.360,-0.819,0.413
With interaction and without Holocene,B: Heinrich events:Pinus,0.761,0.250,0.999,0.521,3.048,0.002
With interaction and without Holocene,B: Heinrich events:Quercus,0.150,0.151,0.299,-0.005,0.994,0.320
With interaction and without Holocene,B: CO2:Grass,-0.008,0.106,0.099,-0.113,-0.073,0.942
With interaction and without Holocene,B: CO2:Herbs,0.140,0.135,0.274,0.008,1.039,0.299
With interaction and without Holocene,B: CO2:Pinus,-0.075,0.202,0.123,-0.274,-0.370,0.711
With interaction and without Holocene,B: CO2:Quercus,0.353,0.094,0.446,0.264,3.753,0.000
With interaction and without Holocene,B: OCFS:Grass,-0.068,0.084,0.014,-0.151,-0.807,0.420
With interaction and without Holocene,B: OCFS:Herbs,0.003,0.112,0.113,-0.106,0.026,0.980
With interaction and without Holocene,B: OCFS:Pinus,-0.113,0.145,0.031,-0.251,-0.782,0.434
With interaction and without Holocene,B: OCFS:Quercus,-0.044,0.077,0.034,-0.121,-0.569,0.569
With interaction and without Holocene,C: Other:Other,0.709,0.214,0.877,0.569,3.310,0.001
With interaction and without Holocene,C: Grass:Grass,0.845,0.156,0.939,0.780,5.405,0.000
With interaction and without Holocene,C: Herbs:Herbs,0.563,0.226,0.752,0.392,2.493,0.013
With interaction and without Holocene,C: Pinus:Pinus,0.822,0.258,0.938,0.685,3.187,0.001
With interaction and without Holocene,C: Pinus:Quercus,0.284,0.725,0.776,-0.217,0.392,0.695
With interaction and without Holocene,C: Quercus:Pinus,-0.018,0.190,0.109,-0.135,-0.096,0.924
With interaction and without Holocene,C: Quercus:Quercus,0.332,0.367,0.631,0.045,0.906,0.365
With interaction and without Holocene,B0: Grass,-0.358,0.130,-0.234,-0.478,-2.761,0.006
With interaction and without Holocene,B0: Herbs,-0.039,0.131,0.090,-0.167,-0.300,0.764
With interaction and without Holocene,B0: Pinus,0.268,0.235,0.496,0.035,1.139,0.255
With interaction and without Holocene,B0: Quercus,0.067,0.091,0.156,-0.025,0.737,0.461
No interaction without Holocene,B: Charcoal accumulation:Grass,-0.017,0.060,0.048,-0.078,-0.276,0.782
No interaction without Holocene,B: Charcoal accumulation:Herbs,-0.068,0.081,0.013,-0.147,-0.834,0.404
No interaction without Holocene,B: Charcoal accumulation:Pinus,0.109,0.100,0.202,0.014,1.093,0.275
No interaction without Holocene,B: Charcoal accumulation:Quercus,-0.063,0.061,-0.004,-0.120,-1.044,0.297
No interaction without Holocene,B: d18O:Grass,0.002,0.068,0.067,-0.067,0.028,0.978
No interaction without Holocene,B: d18O:Herbs,-0.084,0.095,0.006,-0.181,-0.890,0.373
No interaction without Holocene,B: d18O:Pinus,0.058,0.115,0.174,-0.059,0.504,0.614
No interaction without Holocene,B: d18O:Quercus,0.002,0.072,0.074,-0.070,0.032,0.974
No interaction without Holocene,B: Heinrich events:Grass,0.228,0.146,0.370,0.086,1.565,0.118
No interaction without Holocene,B: Heinrich events:Herbs,-0.132,0.183,0.046,-0.312,-0.721,0.471
No interaction without Holocene,B: Heinrich events:Pinus,0.812,0.244,1.064,0.562,3.325,0.001
No interaction without Holocene,B: Heinrich events:Quercus,0.187,0.135,0.321,0.053,1.390,0.165
No interaction without Holocene,B: CO2:Grass,-0.008,0.103,0.093,-0.112,-0.077,0.938
No interaction without Holocene,B: CO2:Herbs,0.132,0.135,0.274,-0.010,0.981,0.326
No interaction without Holocene,B: CO2:Pinus,-0.057,0.185,0.130,-0.244,-0.309,0.757
No interaction without Holocene,B: CO2:Quercus,0.346,0.087,0.431,0.265,3.965,0.000
No interaction without Holocene,B: OCFS:Grass,-0.076,0.081,0.004,-0.152,-0.941,0.347
No interaction without Holocene,B: OCFS:Herbs,-0.022,0.104,0.080,-0.120,-0.215,0.830
No interaction without Holocene,B: OCFS:Pinus,-0.111,0.144,0.032,-0.249,-0.773,0.440
No interaction without Holocene,B: OCFS:Quercus,-0.048,0.071,0.021,-0.118,-0.670,0.503
No interaction without Holocene,C: Other:Other,0.711,0.236,0.884,0.550,3.008,0.003
No interaction without Holocene,C: Grass:Grass,0.844,0.138,0.931,0.778,6.126,0.000
No interaction without Holocene,C: Herbs:Herbs,0.611,0.187,0.761,0.463,3.272,0.001
No interaction without Holocene,C: Pinus:Pinus,0.744,0.103,0.835,0.660,7.250,0.000
No interaction without Holocene,C: Quercus:Quercus,0.313,0.244,0.542,0.082,1.283,0.200
No interaction without Holocene,B0: Grass,-0.358,0.138,-0.242,-0.485,-2.598,0.009
No interaction without Holocene,B0: Herbs,-0.045,0.127,0.084,-0.170,-0.354,0.724
No interaction without Holocene,B0: Pinus,0.269,0.210,0.475,0.066,1.279,0.201
No interaction without Holocene,B0: Quercus,0.057,0.081,0.135,-0.023,0.700,0.484
