"","core","drive","depth_core","totalHolDepth","depth_composite","median_age","quant_5perc","quant_95perc"
"1","7A","1B",0,0,0,-61,-73,-42
"2","7A","1B",1,1,1,-40,-64,86
"3","7A","1B",2,2,2,-24,-60,135.15
"4","7A","1B",3,3,3,-9,-55,169.05
"5","7A","1B",4,4,4,8,-52,196.15
"6","7A","1B",5,5,5,22,-47,228.25
"7","7A","1B",6,6,6,36.5,-43,253.05
"8","7A","1B",7,7,7,51,-40,266.2
"9","7A","1B",8,8,8,66,-36.05,295.4
"10","7A","1B",9,9,9,79,-33.05,322.05
"11","7A","1B",10,10,10,91,-31,344.05
"12","7A","1B",11,11,11,106,-26.1,364.05
"13","7A","1B",12,12,12,116.5,-23.1,382.2
"14","7A","1B",13,13,13,130.5,-20.1,405.05
"15","7A","1B",14,14,14,142,-17,421.05
"16","7A","1B",15,15,15,153,-14,446.1
"17","7A","1B",16,16,16,164,-9.05,464.05
"18","7A","1B",17,17,17,178,-5,478.15
"19","7A","1B",18,18,18,188.5,1.95,486.25
"20","7A","1B",19,19,19,200,5.95,508.05
"21","7A","1B",20,20,20,213.5,9.95,525
"22","7A","1B",21,21,21,228,13,533.2
"23","7A","1B",22,22,22,242,22.95,549
"24","7A","1B",23,23,23,254,28,561.05
"25","7A","1B",24,24,24,265,32.95,574
"26","7A","1B",25,25,25,274,38.9,585.2
"27","7A","1B",26,26,26,286,43.9,605.05
"28","7A","1B",27,27,27,296,48,623
"29","7A","1B",28,28,28,307.5,51.9,643.35
"30","7A","1B",29,29,29,319,57.95,660.05
"31","7A","1B",30,30,30,333,61.95,675.1
"32","7A","1B",31,31,31,344.5,68.95,683
"33","7A","1B",32,32,32,355,73.95,716
"34","7A","1B",33,33,33,368,80.85,723.05
"35","7A","1B",34,34,34,379,86.75,739.2
"36","7A","1B",35,35,35,392.5,92.95,752.1
"37","7A","1B",36,36,36,404.5,98.95,773.05
"38","7A","1B",37,37,37,417,104,790.2
"39","7A","1B",38,38,38,427.5,118.85,807.05
"40","7A","1B",39,39,39,441,134.95,816.3
"41","7A","1B",40,40,40,457.5,141.9,827.3
"42","7A","1B",41,41,41,468.5,152.9,838.1
"43","7A","1B",42,42,42,481,163.95,844.35
"44","7A","1B",43,43,43,495,170,858
"45","7A","1B",44,44,44,505,178.95,866.15
"46","7A","1B",45,45,45,520,192.75,876.05
"47","7A","1B",46,46,46,533,199.75,886.05
"48","7A","1B",47,47,47,549,203,894.1
"49","7A","1B",48,48,48,561,216.8,904
"50","7A","1B",49,49,49,577,227.85,913.05
"51","7A","1B",50,50,50,592.5,240.75,924.05
"52","7A","1B",51,51,51,608.5,254.85,932
"53","7A","1B",52,52,52,620,263.85,938.05
"54","7A","1B",53,53,53,634,271.9,945.1
"55","7A","1B",54,54,54,647,278.85,955.05
"56","7A","1B",55,55,55,662.5,285.95,971
"57","7A","1B",56,56,56,675.5,298.9,978.1
"58","7A","1B",57,57,57,688,312.85,984.2
"59","7A","1B",58,58,58,699,321.95,993.05
"60","7A","1B",59,59,59,709,330.9,1002
"61","7A","1B",60,60,60,722,337,1010.1
"62","7A","1B",61,61,61,733,348.9,1018
"63","7A","1B",62,62,62,742.5,364.65,1026.05
"64","7A","1B",63,63,63,754.5,378,1034.1
"65","7A","1B",64,64,64,765,396.8,1044.1
"66","7A","1B",65,65,65,775,408,1053.05
"67","7A","1B",66,66,66,786.5,417.95,1059.15
"68","7A","1B",67,67,67,799.5,432.9,1067
"69","7A","1B",68,68,68,808.5,449.95,1078
"70","7A","1B",69,69,69,819,463.95,1083.2
"71","7A","1B",70,70,70,838,486.9,1092
"72","7A","1B",71,71,71,852,501.9,1098
"73","7A","1B",72,72,72,866,509.95,1101.05
"74","7A","1B",73,73,73,879.5,517.95,1110.15
"75","7A","1B",74,74,74,892.5,535.9,1119
"76","7A","1B",75,75,75,906,547.7,1127
"77","7A","1B",76,76,76,917,564.75,1133.1
"78","7A","1B",77,77,77,929,579.6,1140
"79","7A","1B",78,78,78,945,597,1147.05
"80","7A","1B",79,79,79,957,612.75,1153.05
"81","7A","1B",80,80,80,967,637.8,1161.05
"82","7A","1B",81,81,81,980,661,1167
"83","7A","1B",82,82,82,990,667.95,1172
"84","7A","1B",83,83,83,1007,675.95,1178
"85","7A","1B",84,84,84,1022.5,701.85,1182.05
"86","7A","1B",85,85,85,1035,731.6,1188.05
"87","7A","1B",86,86,86,1047,738.95,1193.05
"88","7A","1B",87,87,87,1060,772.95,1200.05
"89","7A","1B",88,88,88,1071,789.9,1203.1
"90","7A","1B",89,89,89,1086,814,1211.05
"91","7A","1B",90,90,90,1098,833,1215.05
"92","7A","1B",91,91,91,1109,852.95,1221
"93","7A","1B",92,92,92,1123,882.95,1225.05
"94","7A","1B",93,93,93,1137,906.9,1231
"95","7A","1B",94,94,94,1148,928.9,1236
"96","7A","1B",95,95,95,1158,961.8,1242
"97","7A","1B",96,96,96,1170,993,1249
"98","7A","1B",97,97,97,1183,1022.95,1255
"99","7A","1B",98,98,98,1199,1083,1263
"100","7A","1B",99,99,99,1224.5,1181,1277
"101","7A","1B",100,100,100,1270,1199,1456
"102","7A","1B",101,101,101,1290,1208,1528.05
"103","7A","1B",102,102,102,1311.5,1219,1591.05
"104","7A","1B",103,103,103,1335.5,1227,1653.05
"105","7A","1B",104,104,104,1358.5,1235,1694.05
"106","7A","1B",105,105,105,1381,1244,1730.1
"107","7A","1B",106,106,106,1403,1251.95,1758.05
"108","7A","1B",107,107,107,1425,1259,1800.1
"109","7A","1B",108,108,108,1453.5,1266,1843.25
"110","7A","1B",109,109,109,1471,1273,1888.15
"111","7A","1B",110,110,110,1492.5,1279.95,1912.2
"112","7A","1B",111,111,111,1520.5,1286,1940.45
"113","7A","1B",112,112,112,1545,1293,1981.05
"114","7A","1B",113,113,113,1568,1304,2006.2
"115","7A","1B",114,114,114,1588,1311,2034.2
"116","7A","1B",115,115,115,1603,1317.9,2061
"117","7A","1B",116,116,116,1623.5,1326.9,2087
"118","7A","1B",117,117,117,1641,1332.95,2117.1
"119","7A","1B",118,118,118,1658.5,1338,2145.2
"120","7A","1B",119,119,119,1680,1350,2181.15
"121","7A","1B",120,120,120,1709.5,1358,2205.1
"122","7A","1B",121,121,121,1728.5,1364.95,2226.15
"123","7A","1B",122,122,122,1750,1375.95,2262
"124","7A","1B",123,123,123,1770.5,1382.95,2288.15
"125","7A","1B",124,124,124,1795.5,1393.9,2315.05
"126","7A","1B",125,125,125,1813,1404.85,2329.2
"127","7A","1B",126,126,126,1836.5,1411,2363
"128","7A","1B",127,127,127,1859,1418.95,2382
"129","7A","1B",128,128,128,1881,1427.9,2413.05
"130","7A","1B",129,129,129,1905.5,1440.8,2447.25
"131","7A","1B",130,130,130,1923,1453.9,2466.2
"132","7A","1B",131,131,131,1941,1470.95,2497.15
"133","7A","1B",132,132,132,1963.5,1482.7,2524.4
"134","7A","1B",133,133,133,1985,1493.9,2543.1
"135","7A","1B",134,134,134,2009.5,1506,2557.3
"136","7A","1B",135,135,135,2033.5,1518.95,2566.15
"137","7A","1B",136,136,136,2059,1529.9,2576.2
"138","7A","1B",137,137,137,2076,1536.95,2604.1
"139","7A","1B",138,138,138,2088,1548.75,2630
"140","7A","1B",139,139,139,2109,1560.8,2651.2
"141","7A","1B",140,140,140,2129,1594.95,2677.05
"142","7A","1B",141,141,141,2150,1627.45,2686.35
"143","7A","1B",142,142,142,2168,1647.9,2709.15
"144","7A","1B",143,143,143,2192,1673.45,2740.05
"145","7A","1B",144,144,144,2214.5,1683.75,2771.15
"146","7A","1B",145,145,145,2236.5,1697.85,2790.1
"147","7A","1B",146,146,146,2261.5,1716.4,2801.05
"148","7A","1B",147,147,147,2281.5,1728.8,2829.1
"149","7A","1B",148,148,148,2296,1742,2860.2
"150","7A","1B",149,149,149,2322,1752.8,2879.05
"151","7A","2B",0,150,150,2344.5,1776,2909.1
"152","7A","2B",1,151,151,2361.5,1784.85,2921.15
"153","7A","2B",2,152,152,2378.5,1798.7,2937.6
"154","7A","2B",3,153,153,2394.5,1810.95,2967.2
"155","7A","2B",4,154,154,2422.5,1820.95,2985.1
"156","7A","2B",5,155,155,2448.5,1853.6,2996.1
"157","7A","2B",6,156,156,2469.5,1862.95,3014
"158","7A","2B",7,157,157,2486,1878.55,3037.1
"159","7A","2B",8,158,158,2505,1897.9,3057.2
"160","7A","2B",9,159,159,2526.5,1912,3072.1
"161","7A","2B",10,160,160,2547,1930.85,3083.2
"162","7A","2B",11,161,161,2571.5,1947.45,3101.1
"163","7A","2B",12,162,162,2595,1970.7,3117.1
"164","7A","2B",13,163,163,2613.5,1981.9,3127.4
"165","7A","2B",14,164,164,2635,1988.85,3147.05
"166","7A","2B",15,165,165,2657,2016,3154.05
"167","7A","2B",16,166,166,2677.5,2039.65,3159.05
"168","7A","2B",17,167,167,2695,2064.8,3168.1
"169","7A","2B",18,168,168,2713.5,2091.75,3184.1
"170","7A","2B",19,169,169,2737.5,2110.7,3207.05
"171","7A","2B",20,170,170,2758.5,2126.65,3217
"172","7A","2B",21,171,171,2779,2159.35,3226.05
"173","7A","2B",22,172,172,2802,2183.9,3235
"174","7A","2B",23,173,173,2827.5,2227.4,3245.2
"175","7A","2B",24,174,174,2846,2245.6,3258.15
"176","7A","2B",25,175,175,2867.5,2264.85,3266.05
"177","7A","2B",26,176,176,2896,2311.95,3273
"178","7A","2B",27,177,177,2920,2328.95,3283.05
"179","7A","2B",28,178,178,2943.5,2362.4,3289.1
"180","7A","2B",29,179,179,2964,2388.8,3296.05
"181","7A","2B",30,180,180,2986,2425.85,3303.05
"182","7A","2B",31,181,181,3009,2439.9,3312
"183","7A","2B",32,182,182,3030,2473.95,3319
"184","7A","2B",33,183,183,3049,2511.8,3326
"185","7A","2B",34,184,184,3068.5,2559.3,3333
"186","7A","2B",35,185,185,3089.5,2577.85,3341
"187","7A","2B",36,186,186,3109,2625.95,3348.05
"188","7A","2B",37,187,187,3133,2656.8,3355.05
"189","7A","2B",38,188,188,3147,2686,3363
"190","7A","2B",39,189,189,3169,2721.45,3368.1
"191","7A","2B",40,190,190,3191,2733.9,3376.05
"192","7A","2B",41,191,191,3213,2783.9,3383
"193","7A","2B",42,192,192,3237,2828.7,3390.05
"194","7A","2B",43,193,193,3259,2865,3398.05
"195","7A","2B",44,194,194,3285.5,2894.8,3406
"196","7A","2B",45,195,195,3311,2948,3414
"197","7A","2B",46,196,196,3337,3012.65,3421.05
"198","7A","2B",47,197,197,3363,3079.95,3431
"199","7A","2B",48,198,198,3388,3186.95,3441
"200","7A","2B",49,199,199,3420,3394,3455
"201","7A","2B",50,200,200,3463,3416,3685.5
"202","7A","2B",51,201,201,3494,3426,3797
"203","7A","2B",52,202,202,3522.5,3434.95,3877.1
"204","7A","2B",53,203,203,3555.5,3442.95,3927.05
"205","7A","2B",54,204,204,3588,3450.95,3978.05
"206","7A","2B",55,205,205,3615.5,3459,4047.05
"207","7A","2B",56,206,206,3648.5,3466,4130.15
"208","7A","2B",57,207,207,3672.5,3474.95,4180.35
"209","7A","2B",58,208,208,3698,3482,4229.15
"210","7A","2B",59,209,209,3720.5,3488,4261.35
"211","7A","2B",60,210,210,3747,3495.95,4312
"212","7A","2B",61,211,211,3769.5,3505,4335.8
"213","7A","2B",62,212,212,3795,3512.95,4370.2
"214","7A","2B",63,213,213,3815.5,3521,4406.05
"215","7A","2B",64,214,214,3846,3528,4433.05
"216","7A","2B",65,215,215,3874.5,3535.95,4464.05
"217","7A","2B",66,216,216,3896,3543.95,4487.1
"218","7A","2B",67,217,217,3919,3551,4518.15
"219","7A","2B",68,218,218,3949,3561.9,4557.3
"220","7A","2B",69,219,219,3979,3570.9,4596
"221","7A","2B",70,220,220,4000,3585.9,4609.4
"222","7A","2B",71,221,221,4030,3596.95,4639.3
"223","7A","2B",72,222,222,4054.5,3608.95,4661.15
"224","7A","2B",73,223,223,4074,3618.95,4669.65
"225","7A","2B",74,224,224,4098.5,3629.95,4700.1
"226","7A","2B",75,225,225,4134.5,3640.9,4736.05
"227","7A","2B",76,226,226,4156.5,3650.9,4758.1
"228","7A","2B",77,227,227,4179,3662.95,4782.05
"229","7A","2B",78,228,228,4205,3673.85,4812.3
"230","7A","2B",79,229,229,4229,3689.85,4840.15
"231","7A","2B",80,230,230,4254,3703.95,4875.15
"232","7A","2B",81,231,231,4274,3720.6,4909.2
"233","7A","2B",82,232,232,4294.5,3729.95,4933.2
"234","7A","2B",83,233,233,4313.5,3747.8,4964.25
"235","7A","2B",84,234,234,4336,3777.8,4986.15
"236","7A","2B",85,235,235,4361,3786.7,5008.15
"237","7A","2B",86,236,236,4384.5,3797.75,5037.1
"238","7A","2B",87,237,237,4408,3823.45,5059.15
"239","7A","2B",88,238,238,4423.5,3837.85,5099
"240","7A","2B",89,239,239,4447,3856.85,5128.15
"241","7A","2B",90,240,240,4471,3869.85,5140.6
"242","7A","2B",91,241,241,4493,3899.55,5178.05
"243","7A","2B",92,242,242,4516.5,3921.9,5215.35
"244","7A","2B",93,243,243,4540.5,3943.6,5244.05
"245","7A","2B",94,244,244,4558,3962.8,5274
"246","7A","2B",95,245,245,4582,3977.75,5289.15
"247","7A","2B",96,246,246,4600.5,3995.55,5307.05
"248","7A","2B",97,247,247,4623.5,4002,5323.1
"249","7A","2B",98,248,248,4646.5,4029.55,5342.55
"250","7A","2B",99,249,249,4672,4045.6,5355.2
"251","7A","2B",100,250,250,4704,4060.4,5371.25
"252","7A","2B",101,251,251,4732,4086.7,5391.05
"253","7A","2B",102,252,252,4752.5,4103.95,5397.05
"254","7A","2B",103,253,253,4769,4134.8,5413.05
"255","7A","2B",104,254,254,4792.5,4160.75,5430
"256","7A","2B",105,255,255,4812,4184.9,5443.05
"257","7A","2B",106,256,256,4847,4199.85,5471
"258","7A","2B",107,257,257,4869.5,4219.35,5481.25
"259","7A","2B",108,258,258,4888.5,4240.85,5501.1
"260","7A","2B",109,259,259,4911,4264.95,5510.2
"261","7A","2B",110,260,260,4936.5,4303.15,5536.05
"262","7A","2B",111,261,261,4957,4325.7,5557.1
"263","7A","2B",112,262,262,4985,4357.85,5577
"264","7A","2B",113,263,263,5002.5,4372,5592.45
"265","7A","2B",114,264,264,5025.5,4398.8,5605.3
"266","7A","2B",115,265,265,5048,4427.95,5625.15
"267","7A","2B",116,266,266,5071,4447,5653.2
"268","7A","2B",117,267,267,5091,4465,5670.1
"269","7A","2B",118,268,268,5122,4482,5678.05
"270","7A","2B",119,269,269,5146.5,4505.9,5686.2
"271","7A","2B",120,270,270,5173,4528.85,5700.15
"272","7A","2B",121,271,271,5192,4541.9,5710.05
"273","7A","2B",122,272,272,5219.5,4574.1,5719.1
"274","7A","2B",123,273,273,5237,4592.65,5730.05
"275","7A","2B",124,274,274,5261.5,4616,5746
"276","7A","2B",125,275,275,5292.5,4656,5754.15
"277","7A","2B",126,276,276,5315,4694.75,5765.05
"278","7A","2B",127,277,277,5341,4727.7,5776.05
"279","7A","2B",128,278,278,5364.5,4763.9,5785
"280","7A","2B",129,279,279,5389.5,4794.55,5793.05
"281","7A","2B",130,280,280,5414.5,4806.85,5801.05
"282","7A","2B",131,281,281,5437,4848.85,5810.1
"283","7A","2B",132,282,282,5468,4895.55,5818.05
"284","7A","2B",133,283,283,5495,4938.85,5825.05
"285","7A","2B",134,284,284,5524,4964.7,5832.15
"286","7A","2B",135,285,285,5547,4983.9,5842
"287","7A","2B",136,286,286,5570,5016.95,5848.15
"288","7A","2B",137,287,287,5597.5,5044.9,5856.05
"289","7A","2B",138,288,288,5618,5076,5861
"290","7A","2B",139,289,289,5647.5,5116.75,5870
"291","7A","2B",140,290,290,5667.5,5148.8,5875.05
"292","7A","2B",141,291,291,5690,5187.75,5884.05
"293","7A","2B",142,292,292,5714,5230.9,5892
"294","7A","2B",143,293,293,5740.5,5284.95,5898
"295","7A","2B",144,294,294,5766.5,5342.8,5904
"296","7A","2B",145,295,295,5795,5408.7,5912.05
"297","7A","2B",146,296,296,5827,5479.95,5920.05
"298","7A","2B",147,297,297,5860,5561.7,5933.15
"299","7A","2B",148,298,298,5891,5663.9,5955
"300","7A","2B",149,299,299,5922,5907,5982
"301","7A","3B",0,300,300,5990.5,5929,6385.6
"302","7A","3B",1,301,301,6044,5942,6565.3
"303","7A","3B",2,302,302,6099.5,5954.95,6738.1
"304","7A","3B",3,303,303,6155.5,5967,6837.5
"305","7A","3B",4,304,304,6215.5,5978,6952
"306","7A","3B",5,305,305,6258.5,5991,7062.1
"307","7A","3B",6,306,306,6304,6002.95,7164.05
"308","7A","3B",7,307,307,6361,6014,7244.3
"309","7A","3B",8,308,308,6408.5,6024,7321.6
"310","7A","3B",9,309,309,6450,6035.95,7416.05
"311","7A","3B",10,310,310,6504,6050.9,7473.65
"312","7A","3B",11,311,311,6549.5,6063.95,7542.15
"313","7A","3B",12,312,312,6602.5,6078,7600.1
"314","7A","3B",13,313,313,6645.5,6091.8,7672.15
"315","7A","3B",14,314,314,6695,6104.8,7727.35
"316","7A","3B",15,315,315,6743.5,6120.95,7783.35
"317","7A","3B",16,316,316,6784,6137.95,7842.2
"318","7A","3B",17,317,317,6825,6157.75,7891
"319","7A","3B",18,318,318,6860.5,6174.85,7950.35
"320","7A","3B",19,319,319,6905.5,6192.6,8022.35
"321","7A","3B",20,320,320,6957,6207.85,8076.2
"322","7A","3B",21,321,321,7008.5,6225.95,8148.25
"323","7A","3B",22,322,322,7054,6242.95,8204.2
"324","7A","3B",23,323,323,7097,6263.9,8256.65
"325","7A","3B",24,324,324,7129.5,6278.85,8310.1
"326","7A","3B",25,325,325,7168.5,6301.9,8350.7
"327","7A","3B",26,326,326,7213,6326.95,8408.05
"328","7A","3B",27,327,327,7252,6344.9,8460.9
"329","7A","3B",28,328,328,7297.5,6364,8511.55
"330","7A","3B",29,329,329,7332,6380.9,8552.35
"331","7A","3B",30,330,330,7363.5,6415.8,8610.1
"332","7A","3B",31,331,331,7411.5,6432.8,8631.1
"333","7A","3B",32,332,332,7460.5,6473,8717.15
"334","7A","3B",33,333,333,7507,6497.8,8768.05
"335","7A","3B",34,334,334,7551,6517.8,8826.15
"336","7A","3B",35,335,335,7598,6539.95,8891.1
"337","7A","3B",36,336,336,7647.5,6571.9,8931.05
"338","7A","3B",37,337,337,7685,6602.45,8973.1
"339","7A","3B",38,338,338,7729,6630.95,9013.25
"340","7A","3B",39,339,339,7779,6653.95,9066.25
"341","7A","3B",40,340,340,7819,6697.55,9076.45
"342","7A","3B",41,341,341,7861.5,6732,9123
"343","7A","3B",42,342,342,7906,6770,9165.05
"344","7A","3B",43,343,343,7941.5,6810.85,9195.35
"345","7A","3B",44,344,344,7993,6848.7,9256.1
"346","7A","3B",45,345,345,8027,6876.65,9270.7
"347","7A","3B",46,346,346,8060.5,6917.95,9328.25
"348","7A","3B",47,347,347,8122,6963.8,9378.15
"349","7A","3B",48,348,348,8166,6991.95,9428.25
"350","7A","3B",49,349,349,8203.5,7027.55,9458.15
"351","7A","3B",50,350,350,8264.5,7061.9,9484.05
"352","7A","3B",51,351,351,8308.5,7116.5,9507.9
"353","7A","3B",52,352,352,8350.5,7149.65,9547.05
"354","7A","3B",53,353,353,8392,7167.85,9572.15
"355","7A","3B",54,354,354,8427,7227.3,9606.25
"356","7A","3B",55,355,355,8480.5,7259.85,9650.8
"357","7A","3B",56,356,356,8542,7327.3,9702.25
"358","7A","3B",57,357,357,8582.5,7364.85,9730.15
"359","7A","3B",58,358,358,8629.5,7396.85,9758.1
"360","7A","3B",59,359,359,8680.5,7437.55,9785.1
"361","7A","3B",60,360,360,8716,7472.9,9804.2
"362","7A","3B",61,361,361,8757.5,7513.75,9832.25
"363","7A","3B",62,362,362,8812,7555.8,9877.2
"364","7A","3B",63,363,363,8848,7598.8,9912.05
"365","7A","3B",64,364,364,8892,7660.8,9941.5
"366","7A","3B",65,365,365,8935.5,7715.55,9978.1
"367","7A","3B",66,366,366,8974,7750.85,10000.7
"368","7A","3B",67,367,367,9011,7829.55,10030.3
"369","7A","3B",68,368,368,9054.5,7868.6,10062.2
"370","7A","3B",69,369,369,9095.5,7897.95,10086.45
"371","7A","3B",70,370,370,9136.5,7951.75,10103.2
"372","7A","3B",71,371,371,9183.5,8009.1,10127.45
"373","7A","3B",72,372,372,9229.5,8059.05,10154.3
"374","7A","3B",73,373,373,9278.5,8067.95,10182.05
"375","7A","3B",74,374,374,9321,8097.85,10199.1
"376","7A","3B",75,375,375,9370,8137.9,10216.45
"377","7A","3B",76,376,376,9405.5,8158.85,10232.3
"378","7A","3B",77,377,377,9457,8252.8,10251.05
"379","7A","3B",78,378,378,9502.5,8319.15,10274.1
"380","7A","3B",79,379,379,9544,8359.75,10295.2
"381","7A","3B",80,380,380,9594,8438.5,10310.15
"382","7A","3B",81,381,381,9641,8502.95,10327.1
"383","7A","3B",82,382,382,9684,8560.75,10342.25
"384","7A","3B",83,383,383,9734.5,8606.65,10356.25
"385","7A","3B",84,384,384,9795,8716.9,10371.1
"386","7A","3B",85,385,385,9846,8781.85,10386
"387","7A","3B",86,386,386,9889,8871,10401
"388","7A","3B",87,387,387,9926,8943.5,10415
"389","7A","3B",88,388,388,9977.5,8992.35,10429.05
"390","7A","3B",89,389,389,10026.5,9148.05,10439.05
"391","7A","3B",90,390,390,10074,9230.95,10451.1
"392","7A","3B",91,391,391,10118,9302.95,10466.05
"393","7A","3B",92,392,392,10164,9375.95,10478.1
"394","7A","3B",93,393,393,10213,9446.7,10489.15
"395","7A","3B",94,394,394,10268,9510.9,10504.05
"396","7A","3B",95,395,395,10320.5,9605.85,10517.1
"397","7A","3B",96,396,396,10373.5,9712.9,10533
"398","7A","3B",97,397,397,10425.5,9859.8,10548
"399","7A","3B",98,398,398,10477,10014.9,10563.1
"400","7A","3B",99,399,399,10541,10500,10636
"401","7A","3B",100,400,400,10623,10541.95,11055.05
"402","7A","3B",101,401,401,10696,10579,11242.25
"403","7A","3B",102,402,402,10768,10605.9,11343
"404","7A","3B",103,403,403,10836,10629.85,11413
"405","7A","3B",104,404,404,10910,10651.95,11460.1
"406","7A","3B",105,405,405,10981,10678,11519
"407","7A","3B",106,406,406,11055.5,10706,11572
"408","7A","3B",107,407,407,11126,10736.9,11603.25
"409","7A","3B",108,408,408,11198,10780.85,11644.25
"410","7A","3B",109,409,409,11265.5,10821.95,11686.1
"411","7A","3B",110,410,410,11331.5,10858,11721
"412","7A","3B",111,411,411,11403,10899.85,11756.05
"413","7A","3B",112,412,412,11470.5,10951.95,11782.15
"414","7A","3B",113,413,413,11546,10994.85,11807.15
"415","7A","3B",114,414,414,11615.5,11062.95,11837.05
"416","7A","3B",115,415,415,11684,11174.75,11869.05
"417","7A","3B",116,416,416,11758,11266.85,11904.05
"418","7A","3B",117,417,417,11832,11428.9,11948.05
"419","7A","3B",118,418,418,11932,11833,12020.05
"420","7A","3B",119,419,419,11964,11855,12112.2
"421","7A","3B",120,420,420,11986,11870,12192.2
"422","7A","3B",121,421,421,12010,11883,12247.15
"423","7A","3B",122,422,422,12029,11894,12286.1
"424","7A","3B",123,423,423,12046,11904.95,12331.05
"425","7A","3B",124,424,424,12064,11911.9,12356.2
"426","4A","1B",97,288,425,12084,11922,12406.05
"427","4A","1B",98,289,426,12103.5,11928.95,12426.05
"428","4A","1B",99,290,427,12121,11936.95,12459.1
"429","4A","1B",100,291,428,12138.5,11943.95,12486.1
"430","4A","1B",101,292,429,12154.5,11950,12499.15
"431","4A","1B",102,293,430,12174.5,11960,12522
"432","4A","1B",103,294,431,12193,11965.95,12543.05
"433","4A","1B",104,295,432,12210,11971.95,12565.15
"434","4A","1B",105,296,433,12230,11977.95,12583.2
"435","4A","1B",106,297,434,12250,11989,12606.05
"436","4A","1B",107,298,435,12268.5,11995.9,12623.1
"437","4A","1B",108,299,436,12285,12007,12636.05
"438","4A","1B",109,300,437,12299.5,12020.95,12648
"439","4A","1B",110,301,438,12316,12030.9,12659.05
"440","4A","1B",111,302,439,12333.5,12035.95,12677.15
"441","4A","1B",112,303,440,12355,12047.9,12694.15
"442","4A","1B",113,304,441,12374,12055.95,12706
"443","4A","1B",114,305,442,12390.5,12067,12724.1
"444","4A","1B",115,306,443,12410,12077.75,12732.2
"445","4A","1B",116,307,444,12425,12091.9,12751.05
"446","4A","1B",117,308,445,12441,12101.95,12763
"447","4A","1B",118,309,446,12459,12121.8,12773.05
"448","4A","1B",119,310,447,12472,12131.9,12784
"449","4A","1B",120,311,448,12492.5,12139.85,12792.05
"450","4A","1B",121,312,449,12509.5,12156.9,12803.05
"451","4A","1B",122,313,450,12523,12170.8,12812.05
"452","4A","1B",123,314,451,12539,12186.95,12827.15
"453","4A","1B",124,315,452,12559.5,12214.45,12849.05
"454","4A","1B",125,316,453,12578,12236.95,12863.15
"455","4A","1B",126,317,454,12593,12248,12871
"456","4A","1B",127,318,455,12608,12267,12878.1
"457","4A","1B",128,319,456,12625,12291.85,12897.05
"458","4A","1B",129,320,457,12640,12304.75,12906.05
"459","4A","1B",130,321,458,12656.5,12324.9,12915.05
"460","4A","1B",131,322,459,12671,12350,12923.05
"461","4A","1B",132,323,460,12683,12377.75,12933.05
"462","4A","1B",133,324,461,12701,12405.8,12946.05
"463","4A","1B",134,325,462,12721,12432.95,12959
"464","4A","1B",135,326,463,12739.5,12464.95,12972.05
"465","4A","1B",136,327,464,12759,12490.95,12982.15
"466","4A","1B",137,328,465,12778.5,12527.9,12995.3
"467","4A","1B",138,329,466,12798.5,12555.95,13015.05
"468","4A","1B",139,330,467,12825,12598.95,13034
"469","4A","1B",140,331,468,12856,12641.95,13050.1
"470","4A","1B",141,332,469,12895,12706.9,13082.1
"471","4A","1B",142,333,470,12954,12738.95,13180.05
"472","4A","1B",143,334,471,12991,12761.95,13248.05
"473","4A","1B",144,335,472,13018.5,12788.5,13301.1
"474","4A","1B",145,336,473,13045,12807.9,13349.5
"475","4A",NA,NA,337,474,13075,12820,13412
"476","4A",NA,NA,338,475,13099,12837.95,13441.3
"477","4A",NA,NA,339,476,13119,12854.95,13474
"478","4A",NA,NA,340,477,13141,12862.95,13501
"479","4A","2B",0,341,478,13164,12875.95,13533.35
"480","4A","2B",1,342,479,13187,12891.9,13554.1
"481","4A","2B",2,343,480,13210,12912,13570.05
"482","4A","2B",3,344,481,13234,12926,13597.25
"483","4A","2B",4,345,482,13257.5,12935.95,13617.15
"484","4A","2B",5,346,483,13276.5,12947,13635.15
"485","4A","2B",6,347,484,13297,12963.95,13654.05
"486","4A","2B",7,348,485,13318.5,12977.95,13666.25
"487","4A","2B",8,349,486,13338.5,12990.9,13687.05
"488","4A","2B",9,350,487,13361,13000,13710.05
"489","4A","2B",10,351,488,13382,13027.95,13738.05
"490","4A","2B",11,352,489,13405,13047.85,13753.1
"491","4A","2B",12,353,490,13433,13059,13774.05
"492","4A","2B",13,354,491,13459,13083,13787.15
"493","4A","2B",14,355,492,13482.5,13105,13809.1
"494","4A","2B",15,356,493,13500,13132,13824
"495","4A","2B",16,357,494,13520.5,13144,13838
"496","4A","2B",17,358,495,13543,13165.8,13847.05
"497","4A","2B",18,359,496,13569.5,13190.85,13858.05
"498","4A","2B",19,360,497,13594,13213.95,13872.05
"499","4A","2B",20,361,498,13615,13232.95,13887
"500","4A","2B",21,362,499,13634.5,13254.9,13902
"501","4A","2B",22,363,500,13655,13279.95,13915.05
"502","4A","2B",23,364,501,13676.5,13324.95,13930.1
"503","4A","2B",24,365,502,13699,13363.95,13945
"504","4A","2B",25,366,503,13724,13390,13956.1
"505","4A","2B",26,367,504,13746.5,13417.95,13971
"506","4A","2B",27,368,505,13772.5,13453,13992
"507","4A","2B",28,369,506,13796,13478.95,14006.15
"508","4A","2B",29,370,507,13822,13538.6,14029
"509","4A","2B",30,371,508,13852.5,13591.8,14048.05
"510","4A","2B",31,372,509,13885,13665.9,14073.05
"511","4A","2B",32,373,510,13935.5,13751.95,14120.05
"512","4A","2B",33,374,511,13986,13795,14201.05
"513","4A","2B",34,375,512,14017,13827.8,14249
"514","4A","2B",35,376,513,14049,13853.95,14294
"515","4A","2B",36,377,514,14077.5,13872,14323.1
"516","4A","2B",37,378,515,14106,13890.95,14349.05
"517","4A","2B",38,379,516,14130.5,13906.9,14379.05
"518","4A","2B",39,380,517,14151,13920.95,14407.1
"519","4A","2B",40,381,518,14178,13940,14438.1
"520","4A","2B",41,382,519,14203,13961,14475.15
"521","4A","2B",42,383,520,14227,13978,14507.15
"522","4A","2B",43,384,521,14253,13991,14553
"523","4A","2B",44,385,522,14277.5,14007.95,14582
"524","4A","2B",45,386,523,14302,14026.9,14611.05
"525","4A","2B",46,387,524,14344.5,14052.95,14654.15
"526","4A","2B",47,388,525,14396,14092.9,14717.05
"527","4A","2B",48,389,526,14460.5,14162.95,14775.05
"528","4A","2B",49,390,527,14504,14208.9,14809.15
"529","4A","2B",50,391,528,14543,14250.9,14839.15
"530","4A","2B",51,392,529,14581,14287.95,14865.35
"531","4A","2B",52,393,530,14611,14322.95,14892
"532","4A","2B",53,394,531,14647,14360.9,14918.1
"533","4A","2B",54,395,532,14681.5,14389.95,14949.05
"534","4A","2B",55,396,533,14717,14421.95,14979.1
"535","4A","2B",56,397,534,14760,14458.65,15023.05
"536","4A","2B",57,398,535,14814,14500,15081
"537","4A","2B",58,399,536,14860,14550.95,15105
"538","4A","2B",59,400,537,14883.5,14586.9,15128.1
"539","4A","2B",60,401,538,14902.5,14621,15146
"540","4A","2B",61,402,539,14921,14645.85,15160.05
"541","4A","2B",62,403,540,14937,14662.9,15172.05
"542","4A","2B",63,404,541,14952,14687.85,15182.1
"543","4A","2B",64,405,542,14967.5,14705.95,15194.25
"544","4A","2B",65,406,543,14986,14717.95,15213
"545","4A","2B",66,407,544,15002,14732.95,15228.05
"546","4A","2B",67,408,545,15018,14757.95,15243.05
"547","4A","2B",68,409,546,15037.5,14780.95,15254.05
"548","4A","2B",69,410,547,15053,14802,15266.05
"549","4A","2B",70,411,548,15072.5,14827.9,15285.05
"550","4A","2B",71,412,549,15095,14853.95,15301
"551","4A","2B",72,413,550,15120,14885.9,15324
"552","4A","2B",73,414,551,15158.5,14936.95,15368.05
"553","4A","2B",74,415,552,15209,14986,15428.15
"554","4A","2B",75,416,553,15244.5,15024.95,15471.05
"555","4A","2B",76,417,554,15285,15051.9,15519.05
"556","4A","2B",77,418,555,15325.5,15071.95,15559
"557","4A","2B",78,419,556,15360.5,15103.85,15600.05
"558","4A","2B",79,420,557,15403.5,15124.95,15655.05
"559","4A","2B",80,421,558,15443,15162.9,15724
"560","4A","2B",81,422,559,15498,15203,15800.05
"561","4A","2B",82,423,560,15556.5,15267.85,15842.15
"562","4A","2B",83,424,561,15596,15305.95,15886
"563","4A","2B",84,425,562,15631,15337,15924.1
"564","4A","2B",85,426,563,15666.5,15361.85,15963
"565","4A","2B",86,427,564,15703.5,15386.95,15990.05
"566","4A","2B",87,428,565,15745,15411,16046.05
"567","4A","2B",88,429,566,15785,15429.95,16089.05
"568","4A","2B",89,430,567,15834,15466.85,16147.05
"569","4A","2B",90,431,568,15866,15515.75,16177.05
"570","4A","2B",91,432,569,15889.5,15552.75,16206.1
"571","4A","2B",92,433,570,15906,15578.75,16234.3
"572","4A","2B",93,434,571,15922.5,15600.8,16259.1
"573","4A","2B",94,435,572,15943.5,15613.8,16280.05
"574","4A","2B",95,436,573,15963,15627.9,16299
"575","4A","2B",96,437,574,15979.5,15637.85,16310
"576","4A","2B",97,438,575,15998.5,15653.8,16323.2
"577","4A","2B",98,439,576,16015.5,15665,16337.15
"578","4A","2B",99,440,577,16025.5,15682.95,16353.05
"579","4A","2B",100,441,578,16042,15700.9,16372.05
"580","4A","3L",0,441,579,16063,15712.75,16389
"581","4A","3L",1,442,580,16077.5,15723,16405.05
"582","4A","3L",2,443,581,16094,15736.9,16422.2
"583","4A","3L",3,444,582,16112,15755.95,16450.05
"584","4A","3L",4,445,583,16133,15780,16463.15
"585","4A","3L",5,446,584,16153,15795,16491.2
"586","4A","3L",6,447,585,16174.5,15817,16519
"587","4A","3L",7,448,586,16205.5,15842.75,16546.05
"588","4A","3L",8,449,587,16235,15870.9,16596.5
"589","4A","3L",9,450,588,16289,15920.9,16666.05
"590","4A","3L",10,451,589,16323.5,15963.85,16698
"591","4A","3L",11,452,590,16358.5,15991.5,16738.1
"592","4A","3L",12,453,591,16383,16015.85,16766.15
"593","4A","3L",13,454,592,16400.5,16026.95,16792.05
"594","4A","3L",14,455,593,16429,16049.95,16808.15
"595","4A","3L",15,456,594,16449.5,16074.95,16829.05
"596","4A","3L",16,457,595,16470.5,16088,16844
"597","4A","3L",17,458,596,16494,16117.85,16862.15
"598","4A","3L",18,459,597,16509.5,16134.95,16891
"599","4A","3L",19,460,598,16534,16147.7,16912.3
"600","4A","3L",20,461,599,16554,16168.9,16941.15
"601","4A","3L",21,462,600,16574,16179,16963
"602","4A","3L",22,463,601,16593,16195,16983.1
"603","4A","3L",23,464,602,16604.5,16213.9,16998
"604","4A","3L",24,465,603,16621,16228,17018.1
"605","4A","3L",25,466,604,16638.5,16238.95,17028.15
"606","4A","3L",26,467,605,16656.5,16258.95,17043.05
"607","4A","3L",27,468,606,16672.5,16273,17061
"608","4A","3L",28,469,607,16693.5,16288.95,17076.05
"609","4A","3L",29,470,608,16711,16308.95,17084.3
"610","4A","3L",30,471,609,16725.5,16332.75,17100.05
"611","4A","3L",31,472,610,16747,16352.85,17109.15
"612","4A","3L",32,473,611,16764.5,16366.85,17123.05
"613","4A","3L",33,474,612,16784,16387.85,17143.15
"614","4A","3L",34,475,613,16804.5,16405.75,17152.15
"615","4A","3L",35,476,614,16823,16429.95,17178.05
"616","4A","3L",36,477,615,16840,16452.7,17191.15
"617","4A","3L",37,478,616,16855.5,16463.8,17205.1
"618","4A","3L",38,479,617,16876,16486.95,17212.05
"619","4A","3L",39,480,618,16902,16508.95,17220
"620","4A","3L",40,481,619,16920,16521.85,17228.05
"621","4A","3L",41,482,620,16937,16539.95,17236
"622","4A","3L",42,483,621,16958,16560.9,17242.1
"623","4A","3L",43,484,622,16975,16582.85,17252.1
"624","4A","3L",44,485,623,16990,16596.85,17264.1
"625","4A","3L",45,486,624,17009,16629.9,17275.1
"626","4A","3L",46,487,625,17029.5,16653.8,17284.05
"627","4A","3L",47,488,626,17046.5,16677.95,17291
"628","4A","3L",48,489,627,17064.5,16694.95,17298
"629","4A","3L",49,490,628,17080.5,16714.9,17305.1
"630","4A","3L",50,491,629,17104,16738.8,17312.2
"631","4A","3L",51,492,630,17123.5,16770.9,17323
"632","4A","3L",52,493,631,17144,16804.95,17330.1
"633","4A","3L",53,494,632,17163,16834.65,17339
"634","4A","3L",54,495,633,17185.5,16876.95,17349
"635","4A","3L",55,496,634,17207.5,16905,17356.05
"636","4A","3L",56,497,635,17231,16942.8,17365
"637","4A","3L",57,498,636,17258,16984.8,17375.05
"638","4A","3L",58,499,637,17285,17030.9,17385.05
"639","4A","3L",59,500,638,17310,17093,17398.05
"640","4A","3L",60,501,639,17352,17168,17425.05
"641","4A","3L",61,502,640,17421,17245.9,17535.05
"642","4A","3L",62,503,641,17471,17291.9,17652.1
"643","4A","3L",63,504,642,17524.5,17342.85,17781.05
"644","4A","3L",64,505,643,17600,17387.9,17911.05
"645","4A","3L",65,506,644,17632,17412.95,17946.1
"646","4A","3L",66,507,645,17658.5,17428.95,17974.1
"647","4A","3L",67,508,646,17681,17445.9,17994.2
"648","4A","3L",68,509,647,17702,17463,18024.15
"649","4A","3L",69,510,648,17716.5,17474,18046.05
"650","4A","3L",70,511,649,17735,17483,18056.3
"651","4A","3L",71,512,650,17748.5,17497,18067.3
"652","4A","3L",72,513,651,17764.5,17503.95,18094.15
"653","4A","3L",73,514,652,17778.5,17513,18117.2
"654","4A","3L",74,515,653,17793,17522.85,18133
"655","4A","3L",75,516,654,17807,17534.9,18166.1
"656","4A","3L",76,517,655,17822,17544.9,18179
"657","4A","3L",77,518,656,17833.5,17552.9,18190
"658","4A","3L",78,519,657,17846,17562,18202.05
"659","4A","3L",79,520,658,17860.5,17567.95,18217.05
"660","4A","3L",80,521,659,17880.5,17574.9,18231.05
"661","4A","3L",81,522,660,17893,17581.95,18248
"662","4A","3L",82,523,661,17908.5,17590,18271.05
"663","4A","3L",83,524,662,17921,17602.9,18284
"664","4A","3L",84,525,663,17933,17616.8,18303.05
"665","4A","3L",85,526,664,17945,17623,18319.1
"666","4A","3L",86,527,665,17958,17630.85,18341.1
"667","4A","3L",87,528,666,17975,17645.4,18357
"668","4A","3L",88,529,667,17987,17651.35,18376.1
"669","4A","3L",89,530,668,18000.5,17662.9,18395.1
"670","4A","3L",90,531,669,18016,17668.85,18413.1
"671","4A","3L",91,532,670,18033.5,17676.9,18435.05
"672","4A","3L",92,533,671,18052,17689.8,18445.05
"673","4A","3L",93,534,672,18068,17694.8,18466
"674","4A","3L",94,535,673,18084.5,17708.95,18482.1
"675","4A","3L",95,536,674,18102,17721.85,18500.2
"676","4A","3L",96,537,675,18118.5,17734.7,18520.1
"677","4A","3L",97,538,676,18138,17741.7,18544.1
"678","4A","3L",98,539,677,18160,17744.9,18575.15
"679","4A","3L",99,540,678,18190.5,17772.95,18599.05
"680","4A","4L",0,541,679,18235,17795.85,18645
"681","4A","4L",1,542,680,18276.5,17841.9,18665
"682","4A","4L",2,543,681,18309,17876.95,18687.1
"683","4A","4L",3,544,682,18333,17903.95,18700.45
"684","4A","4L",4,545,683,18352.5,17922.9,18720
"685","4A","4L",5,546,684,18367,17947.8,18726.1
"686","4A","4L",6,547,685,18379,17965,18739.15
"687","4A","4L",7,548,686,18396,17983.95,18752.05
"688","4A","4L",8,549,687,18415,18004.9,18763.1
"689","4A","4L",9,550,688,18431,18020.95,18771.15
"690","4A","4L",10,551,689,18446.5,18035,18787.15
"691","4A","4L",11,552,690,18463.5,18049.95,18794.15
"692","4A","4L",12,553,691,18477,18065.9,18803.2
"693","4A","4L",13,554,692,18492,18082.9,18816.05
"694","4A","4L",14,555,693,18511.5,18102.8,18821.1
"695","4A","4L",15,556,694,18527.5,18114.9,18832.05
"696","4A","4L",16,557,695,18540.5,18136.5,18844
"697","4A","4L",17,558,696,18556.5,18143.8,18858.1
"698","4A","4L",18,559,697,18571,18150.95,18866.05
"699","4A","4L",19,560,698,18587.5,18166,18880.25
"700","4A","4L",20,561,699,18604.5,18182.85,18891.15
"701","4A","4L",21,562,700,18622,18209.9,18903.05
"702","4A","4L",22,563,701,18637.5,18230.85,18911.05
"703","4A","4L",23,564,702,18653,18251.9,18921
"704","4A","4L",24,565,703,18669,18279.65,18927.1
"705","4A","4L",25,566,704,18683.5,18305.95,18937.05
"706","4A","4L",26,567,705,18700,18330.95,18952.05
"707","4A","4L",27,568,706,18716,18354.85,18957.1
"708","4A","4L",28,569,707,18731,18388.7,18965.05
"709","4A","4L",29,570,708,18750,18420.7,18972.05
"710","4A","4L",30,571,709,18763,18445,18979
"711","4A","4L",31,572,710,18779,18469.75,18993.05
"712","4A","4L",32,573,711,18794,18500.95,19010.05
"713","4A","4L",33,574,712,18813.5,18532.8,19024.05
"714","4A","4L",34,575,713,18838,18566.9,19039
"715","4A","4L",35,576,714,18860.5,18617,19059.25
"716","4A","4L",36,577,715,18901,18686.8,19099
"717","4A","4L",37,578,716,18990,18745.9,19353.1
"718","4A","4L",38,579,717,19045,18778.95,19515.05
"719","4A","4L",39,580,718,19090.5,18813.75,19641.2
"720","4A","4L",40,581,719,19135.5,18837.95,19772
"721","4A","4L",41,582,720,19179,18863.8,19864.1
"722","4A","4L",42,583,721,19223.5,18885.95,19966.25
"723","4A","4L",43,584,722,19265,18908.9,20035.4
"724","4A","4L",44,585,723,19302.5,18927,20104.55
"725","4A","4L",45,586,724,19339.5,18943,20181.1
"726","4A","4L",46,587,725,19378,18959.95,20274
"727","4A","4L",47,588,726,19421.5,18976.8,20306.4
"728","4A","4L",48,589,727,19461.5,18991,20369.15
"729","4A","4L",49,590,728,19502,19007.9,20410.15
"730","4A","4L",50,591,729,19551,19035.8,20459.3
"731","4A","4L",51,592,730,19599.5,19054.95,20522.1
"732","4A","4L",52,593,731,19642,19071.95,20577
"733","4A","4L",53,594,732,19676,19086,20618
"734","4A","4L",54,595,733,19719.5,19108.95,20655.95
"735","4A","4L",55,596,734,19754.5,19151.75,20684.45
"736","4A","4L",56,597,735,19792.5,19169.9,20758.1
"737","4A","4L",57,598,736,19832.5,19183.85,20788
"738","4A","4L",58,599,737,19873.5,19202.9,20827.1
"739","4A","4L",59,600,738,19924.5,19218.85,20872.55
"740","4A","4L",60,601,739,19957.5,19261.9,20897.15
"741","4A","4L",61,602,740,20001,19283.7,20930
"742","4A","4L",62,603,741,20036,19317.95,20945.2
"743","4A","4L",63,604,742,20074,19336,20975
"744","4A","4L",64,605,743,20114,19369.5,21006.15
"745","4A","4L",65,606,744,20156,19395.7,21034.2
"746","4A","4L",66,607,745,20189,19437.5,21071.1
"747","4A","4L",67,608,746,20227,19467.85,21101.75
"748","4A","4L",68,609,747,20270.5,19494.95,21140.1
"749","4A","4L",69,610,748,20313.5,19542.8,21177.05
"750","4A","4L",70,611,749,20351.5,19556,21189.4
"751","4A","4L",71,612,750,20394,19587.9,21225.2
"752","4A","4L",72,613,751,20439,19614,21265.05
"753","4A","4L",73,614,752,20482,19647.65,21280.1
"754","4A","4L",74,615,753,20516.5,19669.95,21311.05
"755","4A","4L",75,616,754,20551.5,19716.95,21352.1
"756","4A","4L",76,617,755,20586.5,19749.9,21379.3
"757","4A","4L",77,618,756,20637,19795.65,21411
"758","4A","4L",78,619,757,20678,19835.75,21427.15
"759","4A","4L",79,620,758,20726,19894.35,21447.05
"760","4A","4L",80,621,759,20769.5,19958.8,21469
"761","4A","4L",81,622,760,20813,20006.75,21495
"762","4A","4L",82,623,761,20858,20073.9,21515.15
"763","4A","4L",83,624,762,20903,20126.8,21538.5
"764","4A","4L",84,625,763,20953,20185.75,21579.1
"765","4A","4L",85,626,764,20989.5,20247.9,21601.15
"766","4A","4L",86,627,765,21034.5,20299.9,21630.05
"767","4A","4L",87,628,766,21079.5,20343.95,21656.05
"768","4A","4L",88,629,767,21127,20390.85,21689.1
"769","4A","4L",89,630,768,21190,20467.7,21720
"770","4A","4L",90,631,769,21238.5,20524,21764.05
"771","4A","4L",91,632,770,21313,20613.85,21820.4
"772","4A","4L",92,633,771,21432.5,20791.95,21925.1
"773","4A","4L",93,634,772,21497,20872.95,21986.05
"774","4A","4L",94,635,773,21544,20932.7,22012.05
"775","4A","4L",95,636,774,21576,20997.85,22041
"776","4A","4L",96,637,775,21608.5,21031.85,22078.35
"777","4A","4L",97,638,776,21637.5,21060,22104.05
"778","4A","4L",98,639,777,21669.5,21094.9,22125.15
"779","4A","4L",99,640,778,21696.5,21125.75,22147.2
"780","4A","5L",0,641,779,21722.5,21156.75,22169.05
"781","4A","5L",1,642,780,21748.5,21191,22186.3
"782","4A","5L",2,643,781,21779,21219.7,22210.35
"783","4A","5L",3,644,782,21798.5,21250,22235.1
"784","4A","5L",4,645,783,21822,21275,22261
"785","4A","5L",5,646,784,21839.5,21298.65,22279.1
"786","4A","5L",6,647,785,21871.5,21332.75,22299.55
"787","4A","5L",7,648,786,21893,21377,22326.15
"788","4A","5L",8,649,787,21914.5,21402,22341.1
"789","4A","5L",9,650,788,21937,21439,22359.1
"790","4A","5L",10,651,789,21961,21465.95,22386.15
"791","4A","5L",11,652,790,21987,21499.9,22408.1
"792","4A","5L",12,653,791,22012,21542.9,22426.1
"793","4A","5L",13,654,792,22042.5,21572.95,22464
"794","4A","5L",14,655,793,22070,21611.7,22483.05
"795","4A","5L",15,656,794,22097.5,21663.85,22498.05
"796","4A","5L",16,657,795,22128,21704.9,22530.15
"797","4A","5L",17,658,796,22164.5,21752.85,22553.05
"798","4A","5L",18,659,797,22197.5,21772.85,22576.6
"799","4A","5L",19,660,798,22235,21830.9,22629.2
"800","4A","5L",20,661,799,22297.5,21901.45,22684.05
"801","4A","5L",21,662,800,22411,22021.85,22892.2
"802","4A","5L",22,663,801,22493,22087.9,23024
"803","4A","5L",23,664,802,22558,22155,23115
"804","4A","5L",24,665,803,22622,22220.9,23211.65
"805","4A","5L",25,666,804,22692.5,22261,23292.1
"806","4A","5L",26,667,805,22755,22303.8,23355.2
"807","4A","5L",27,668,806,22812.5,22347.95,23426.2
"808","4A","5L",28,669,807,22875.5,22391.9,23482.3
"809","4A","5L",29,670,808,22933.5,22432.75,23539.05
"810","4A","5L",30,671,809,22994.5,22482.95,23565.2
"811","4A","5L",31,672,810,23053.5,22528,23592.05
"812","4A","5L",32,673,811,23109,22562.9,23626
"813","4A","5L",33,674,812,23165.5,22604.95,23660
"814","4A","5L",34,675,813,23228,22657.9,23691
"815","4A","5L",35,676,814,23295,22705,23712.1
"816","4A","5L",36,677,815,23358.5,22755.9,23738
"817","4A","5L",37,678,816,23420,22831.95,23760
"818","4A","5L",38,679,817,23482,22889.8,23782.1
"819","4A","5L",39,680,818,23553,22964.8,23817
"820","4A","5L",40,681,819,23619,23042.95,23850.05
"821","4A","5L",41,682,820,23688,23188.65,23888.05
"822","4A","5L",42,683,821,23757,23382.9,23944.05
"823","4A","5L",43,684,822,23836,23761.95,24014.1
"824","4A","5L",44,685,823,23900.5,23798,24200.1
"825","4A","5L",45,686,824,23947.5,23817,24337.15
"826","4A","5L",46,687,825,23988,23830.95,24428.7
"827","4A","5L",47,688,826,24027.5,23845,24507.35
"828","4A","5L",48,689,827,24069,23854.95,24565.2
"829","4A","5L",49,690,828,24104.5,23869,24616.05
"830","4A","5L",50,691,829,24139,23883,24667
"831","4A","5L",51,692,830,24169.5,23896,24715.15
"832","4A","5L",52,693,831,24203,23909.9,24758.25
"833","4A","5L",53,694,832,24240,23921.95,24818
"834","4A","5L",54,695,833,24273.5,23936.9,24848.45
"835","4A","5L",55,696,834,24307,23949.85,24888.35
"836","4A","5L",56,697,835,24346.5,23959.85,24941.3
"837","4A","5L",57,698,836,24377,23973.9,25006.1
"838","4A","5L",58,699,837,24411.5,23984.9,25033.4
"839","4A","5L",59,700,838,24446,23998.95,25073.05
"840","4A","5L",60,701,839,24484,24011.8,25114.2
"841","4A","5L",61,702,840,24523.5,24034.75,25185.75
"842","4A","5L",62,703,841,24567,24062.7,25250.6
"843","4A","5L",63,704,842,24620,24093.65,25306.15
"844","4A","5L",64,705,843,24703.5,24127.85,25407.25
"845","4A","5L",65,706,844,24799.5,24201.95,25511.1
"846","4A","5L",66,707,845,24854.5,24249.95,25553.2
"847","4A","5L",67,708,846,24892,24280.8,25601.3
"848","4A","5L",68,709,847,24924,24306.9,25648.45
"849","4A","5L",69,710,848,24954.5,24335.9,25691
"850","4A","5L",70,711,849,24971,24362,25713.25
"851","4A","5L",71,712,850,24999,24382.9,25764.05
"852","4A","5L",72,713,851,25027.5,24403,25799.05
"853","4A","5L",73,714,852,25051,24437.5,25840.05
"854","4A","5L",74,715,853,25081.5,24453.95,25873.05
"855","4A","5L",75,716,854,25112.5,24471.75,25897.85
"856","4A","5L",76,717,855,25142,24483.9,25943.15
"857","4A","5L",77,718,856,25168.5,24504.7,25974.5
"858","4A","5L",78,719,857,25201.5,24533.95,26019.2
"859","4A","5L",79,720,858,25231,24553.65,26060.1
"860","4A","5L",80,721,859,25261,24572.9,26081.2
"861","4A","5L",81,722,860,25289,24585.8,26121.25
"862","4A","5L",82,723,861,25326,24599.7,26148.05
"863","4A","5L",83,724,862,25353.5,24621,26182.3
"864","4A","5L",84,725,863,25385.5,24639.75,26201.2
"865","4A","5L",85,726,864,25407.5,24660.55,26227.3
"866","4A","5L",86,727,865,25436,24675.9,26257.2
"867","4A","5L",87,728,866,25468,24685.9,26282.35
"868","4A","5L",88,729,867,25488,24717.2,26326.05
"869","4A","5L",89,730,868,25519,24756.55,26347.45
"870","4A","5L",90,731,869,25545.5,24774.8,26375.4
"871","4A","5L",91,732,870,25576,24801.75,26399.05
"872","4A","5L",92,733,871,25602.5,24821.75,26413.25
"873","4A","5L",93,734,872,25631.5,24839.9,26455.2
"874","4A","5L",94,735,873,25654,24854.9,26476.7
"875","4A","5L",95,736,874,25687,24865.95,26523.3
"876","4A","5L",96,737,875,25715.5,24880.9,26549.1
"877","4A","5L",97,738,876,25745,24902.85,26574.1
"878","4A","5L",98,739,877,25771,24929.65,26600.15
"879","4A","5L",99,740,878,25796.5,24949.7,26620
"880","4A","6L",0,741,879,25835.5,24973.85,26651.15
"881","4A","6L",1,742,880,25858,25016.7,26671.25
"882","4A","6L",2,743,881,25888,25028.9,26687
"883","4A","6L",3,744,882,25916.5,25065.3,26703.05
"884","4A","6L",4,745,883,25946,25091,26721.05
"885","4A","6L",5,746,884,25972.5,25116.75,26736.05
"886","4A","6L",6,747,885,26003,25131.9,26761.1
"887","4A","6L",7,748,886,26026,25188.55,26787.05
"888","4A","6L",8,749,887,26054.5,25226.55,26806.15
"889","4A","6L",9,750,888,26087.5,25256.55,26824.05
"890","4A","6L",10,751,889,26111,25269,26841.1
"891","4A","6L",11,752,890,26137.5,25286.5,26855.35
"892","4A","6L",12,753,891,26170.5,25293.35,26881
"893","4A","6L",13,754,892,26187,25318.95,26907
"894","4A","6L",14,755,893,26229,25355.4,26918.05
"895","4A","6L",15,756,894,26256,25370.95,26932.05
"896","4A","6L",16,757,895,26290,25399.6,26949.1
"897","4A","6L",17,758,896,26320,25443.55,26969.2
"898","4A","6L",18,759,897,26345.5,25455.85,26984.45
"899","4A","6L",19,760,898,26371,25503.45,27003
"900","4A","6L",20,761,899,26394,25541.8,27023.05
"901","4A","6L",21,762,900,26416.5,25565,27041.1
"902","4A","6L",22,763,901,26442.5,25583.75,27050.45
"903","4A","6L",23,764,902,26467.5,25609.55,27075.05
"904","4A","6L",24,765,903,26501.5,25642.65,27092.6
"905","4A","6L",25,766,904,26534,25673.7,27145.1
"906","4A","6L",26,767,905,26559,25711.85,27160.05
"907","4A","6L",27,768,906,26580.5,25741.85,27165.5
"908","4A","6L",28,769,907,26608,25751.7,27176.35
"909","4A","6L",29,770,908,26634,25788.9,27187.15
"910","4A","6L",30,771,909,26656,25808.95,27202.05
"911","4A","6L",31,772,910,26691.5,25837.7,27230
"912","4A","6L",32,773,911,26712,25882.7,27238.05
"913","4A","6L",33,774,912,26740.5,25925.75,27254.15
"914","4A","6L",34,775,913,26761.5,25971.95,27273.35
"915","4A","6L",35,776,914,26789.5,26012.45,27302.55
"916","4A","6L",36,777,915,26809,26049.9,27321
"917","4A","6L",37,778,916,26835,26082.6,27329.05
"918","4A","6L",38,779,917,26864,26134.75,27353.1
"919","4A","6L",39,780,918,26889,26175.25,27367.15
"920","4A","6L",40,781,919,26914,26223.15,27389
"921","4A","6L",41,782,920,26936.5,26242.8,27399.05
"922","4A","6L",42,783,921,26964.5,26296.95,27410.05
"923","4A","6L",43,784,922,26988,26361.7,27427.05
"924","4A","6L",44,785,923,27017.5,26415.65,27438.15
"925","4A","6L",45,786,924,27044,26445.95,27455
"926","4A","6L",46,787,925,27071,26486.95,27470.05
"927","4A","6L",47,788,926,27095,26539.9,27485.45
"928","4A","6L",48,789,927,27121.5,26596.5,27502.15
"929","4A","6L",49,790,928,27149,26663.65,27520.1
"930","4A","6L",50,791,929,27191,26716.85,27547.55
"931","4A","6L",51,792,930,27224,26800.85,27584.2
"932","4A","6L",52,793,931,27302.5,26923.85,27650
"933","4A","6L",53,794,932,27368.5,26993.85,27724.05
"934","4A","6L",54,795,933,27421,27055,27767.05
"935","4A","6L",55,796,934,27463,27101.9,27807.35
"936","4A","6L",56,797,935,27511.5,27154.95,27847.25
"937","4A","6L",57,798,936,27552.5,27201.95,27910.05
"938","4A","6L",58,799,937,27597.5,27247.65,27954.35
"939","4A","6L",59,800,938,27653,27290.35,28020.15
"940","4A","6L",60,801,939,27729.5,27334,28102
"941","4A","6L",61,802,940,27839,27416.9,28468.15
"942","4A","6L",62,803,941,27918,27471.95,28641.1
"943","4A","6L",63,804,942,27987.5,27506.95,28814.6
"944","4A","6L",64,805,943,28053,27539.85,28974.25
"945","4A","6L",65,806,944,28118,27575.6,29071.35
"946","4A","6L",66,807,945,28180.5,27612.9,29168.3
"947","4A","6L",67,808,946,28233,27622.95,29286.05
"948","4A","6L",68,809,947,28287,27647.8,29395.05
"949","4A","6L",69,810,948,28344,27671.9,29440.45
"950","4A","6L",70,811,949,28407,27710.85,29483.3
"951","4A","6L",71,812,950,28455,27743.95,29538.6
"952","4A","6L",72,813,951,28504.5,27766,29597.2
"953","4A","6L",73,814,952,28546.5,27799.8,29689
"954","4A","6L",74,815,953,28613,27829.65,29751.35
"955","4A","6L",75,816,954,28654.5,27860.8,29853.2
"956","4A","6L",76,817,955,28709,27889.85,29921.6
"957","4A","6L",77,818,956,28770.5,27912.65,29998.2
"958","4A","6L",78,819,957,28826,27934.6,30065.25
"959","4A","6L",79,820,958,28868.5,27949.7,30128.7
"960","4A","6L",80,821,959,28918.5,27970.85,30198.15
"961","4A","6L",81,822,960,28966,28016.7,30255.35
"962","4A","6L",82,823,961,29024.5,28034.9,30310.6
"963","4A","6L",83,824,962,29077.5,28050.8,30372.1
"964","4A","6L",84,825,963,29128.5,28069.8,30455.6
"965","4A","6L",85,826,964,29160.5,28089.95,30522.55
"966","4A","6L",86,827,965,29204.5,28125.4,30589.2
"967","4A","6L",87,828,966,29262,28164.4,30644.05
"968","4A","6L",88,829,967,29315,28204.95,30690.3
"969","4A","6L",89,830,968,29367.5,28247.55,30725.1
"970","4A","6L",90,831,969,29424,28269.75,30773.8
"971","4A","6L",91,832,970,29470.5,28281.85,30869.65
"972","4A","6L",92,833,971,29508,28310.75,30903.5
"973","4A","6L",93,834,972,29560.5,28329.75,30939.25
"974","4A","6L",94,835,973,29618,28365.8,30990.3
"975","4A","6L",95,836,974,29670,28409.35,31039.2
"976","4A","6L",96,837,975,29713.5,28425.8,31092.2
"977","4A","6L",97,838,976,29773.5,28462.5,31151.15
"978","4A","6L",98,839,977,29816.5,28487.25,31191.75
"979","4A","6L",99,840,978,29862,28508.8,31281.05
"980","4A","7L",0,841,979,29904.5,28540.4,31354.1
"981","4A","7L",1,842,980,29937.5,28590.8,31389.05
"982","4A","7L",2,843,981,29993,28632.45,31422.1
"983","4A","7L",3,844,982,30039,28695.35,31481.25
"984","4A","7L",4,845,983,30102,28742.75,31562.25
"985","4A","7L",5,846,984,30144.5,28776.95,31639.25
"986","4A","7L",6,847,985,30187.5,28820.55,31677.25
"987","4A","7L",7,848,986,30230.5,28861.5,31715.15
"988","4A","7L",8,849,987,30280,28881,31760.95
"989","4A","7L",9,850,988,30326,28915.7,31832.05
"990","4A","7L",10,851,989,30372.5,28951.75,31884.35
"991","4A","7L",11,852,990,30425,29011.35,31903.7
"992","4A","7L",12,853,991,30466.5,29058.9,31932.65
"993","4A","7L",13,854,992,30523,29097.4,31990.55
"994","4A","7L",14,855,993,30564.5,29133.85,32030.4
"995","4A","7L",15,856,994,30625,29183.95,32096
"996","4A","7L",16,857,995,30664,29277.4,32119.1
"997","4A","7L",17,858,996,30705.5,29354.8,32142.25
"998","4A","7L",18,859,997,30741.5,29390.5,32174.8
"999","4A","7L",19,860,998,30812.5,29450.5,32215.8
"1000","4A","7L",20,861,999,30869,29496.85,32283.2
"1001","4A","7L",21,862,1000,30923.5,29519.85,32323.8
"1002","4A","7L",22,863,1001,30959.5,29572.7,32364.45
"1003","4A","7L",23,864,1002,31000.5,29603.8,32393.3
"1004","4A","7L",24,865,1003,31048,29670.95,32425.85
"1005","4A","7L",25,866,1004,31109,29707.5,32474.15
"1006","4A","7L",26,867,1005,31163,29738.75,32510.35
"1007","4A","7L",27,868,1006,31205.5,29772.65,32544.05
"1008","4A","7L",28,869,1007,31260,29835.65,32565.6
"1009","4A","7L",29,870,1008,31314.5,29913.25,32616.05
"1010","4A","7L",30,871,1009,31379,29959.7,32647.05
"1011","4A","7L",31,872,1010,31425.5,30021.4,32684.25
"1012","4A","7L",32,873,1011,31478.5,30073.9,32707.75
"1013","4A","7L",33,874,1012,31522.5,30117,32771.9
"1014","4A","7L",34,875,1013,31585.5,30172.75,32781.1
"1015","4A","7L",35,876,1014,31650,30245.65,32821.05
"1016","4A","7L",36,877,1015,31693.5,30272.9,32870.5
"1017","4A","7L",37,878,1016,31752.5,30368.8,32909.1
"1018","4A","7L",38,879,1017,31810.5,30418.7,32957.15
"1019","4A","7L",39,880,1018,31860.5,30496.7,32973.1
"1020","4A","7L",40,881,1019,31912,30529.95,32993.05
"1021","4A","7L",41,882,1020,31947.5,30601.6,33030
"1022","4A","7L",42,883,1021,32014.5,30690.6,33061.25
"1023","4A","7L",43,884,1022,32076,30745.35,33084.1
"1024","4A","7L",44,885,1023,32136.5,30808.65,33107.6
"1025","4A","7L",45,886,1024,32178,30884,33127.15
"1026","4A","7L",46,887,1025,32234,30926.65,33142.25
"1027","4A","7L",47,888,1026,32281.5,30980.55,33174.05
"1028","4A","7L",48,889,1027,32336,31024.95,33202.15
"1029","4A","7L",49,890,1028,32390.5,31109.25,33225.1
"1030","4A","7L",50,891,1029,32456.5,31198.9,33247.05
"1031","4A","7L",51,892,1030,32511.5,31285.3,33271.1
"1032","4A","7L",52,893,1031,32564.5,31377.55,33296.2
"1033","4A","7L",53,894,1032,32609,31453.95,33315.7
"1034","4A","7L",54,895,1033,32661.5,31519.95,33349.15
"1035","4A","7L",55,896,1034,32715,31623.45,33371.45
"1036","4A","7L",56,897,1035,32772.5,31711.6,33416.05
"1037","4A","7L",57,898,1036,32825.5,31803.85,33452
"1038","4A","7L",58,899,1037,32891,31894.6,33484.2
"1039","4A","7L",59,900,1038,32961,31970,33523.05
"1040","4A","7L",60,901,1039,33023.5,32094.95,33568.3
"1041","4A","7L",61,902,1040,33089.5,32215.85,33599.05
"1042","4A","7L",62,903,1041,33163,32318.95,33640
"1043","4A","7L",63,904,1042,33276,32500.2,33730.1
"1044","4A","7L",64,905,1043,33425,32665.4,34079.15
"1045","4A","7L",65,906,1044,33525,32749.35,34337.3
"1046","4A","7L",66,907,1045,33614,32860.25,34494.35
"1047","4A","7L",67,908,1046,33685.5,32921.85,34673.05
"1048","4A","7L",68,909,1047,33761,32987.95,34830.05
"1049","4A","7L",69,910,1048,33817,33050.9,34945.2
"1050","4A","7L",70,911,1049,33879.5,33094.95,35049.4
"1051","4A","7L",71,912,1050,33954,33112,35169.5
"1052","4A","7L",72,913,1051,34019,33159.85,35269.35
"1053","4A","7L",73,914,1052,34090,33189.75,35323.15
"1054","4A","7L",74,915,1053,34157,33218.8,35417
"1055","4A","7L",75,916,1054,34207,33246.9,35518.45
"1056","4A","7L",76,917,1055,34262,33290.3,35619.9
"1057","4A","7L",77,918,1056,34335,33310.25,35662.7
"1058","4A","7L",78,919,1057,34401,33342.8,35762.05
"1059","4A","7L",79,920,1058,34459.5,33415.55,35854
"1060","4A","7L",80,921,1059,34531,33448.8,35904.3
"1061","4A","7L",81,922,1060,34585,33481.3,35965.1
"1062","4A","7L",82,923,1061,34657,33530.4,36019.7
"1063","4A","7L",83,924,1062,34726,33541.35,36100.65
"1064","4A","7L",84,925,1063,34795.5,33574.95,36165
"1065","4A","7L",85,926,1064,34842.5,33622.85,36232.15
"1066","4A","7L",86,927,1065,34894,33654.25,36319
"1067","4A","7L",87,928,1066,34968.5,33687.6,36358.1
"1068","4A","7L",88,929,1067,35044,33733.75,36407.5
"1069","4A","7L",89,930,1068,35093.5,33770.35,36485.3
"1070","4A","7L",90,931,1069,35147.5,33810.95,36532.3
"1071","4A","7L",91,932,1070,35216.5,33874.1,36600.3
"1072","4A","7L",92,933,1071,35281.5,33910.95,36645.05
"1073","4A","7L",93,934,1072,35332,33972.35,36693
"1074","4A","7L",94,935,1073,35382.5,34021.9,36765.05
"1075","4A","7L",95,936,1074,35451,34088.5,36813.05
"1076","4A","7L",96,937,1075,35517,34124.95,36874.15
"1077","4A","7L",97,938,1076,35588.5,34167.8,36957.5
"1078","4A","7L",98,939,1077,35654,34206.6,37010.05
"1079","4A","7L",99,940,1078,35699.5,34245.55,37049.05
"1080","4A","8L",0,941,1079,35754,34292.6,37110.35
"1081","4A","8L",1,942,1080,35806.5,34361.95,37169.6
"1082","4A","8L",2,943,1081,35877,34417,37237.15
"1083","4A","8L",3,944,1082,35928,34459.55,37301.95
"1084","4A","8L",4,945,1083,35977.5,34510.4,37367.1
"1085","4A","8L",5,946,1084,36039.5,34605.1,37419.15
"1086","4A","8L",6,947,1085,36123,34650.1,37477.1
"1087","4A","8L",7,948,1086,36184,34689.95,37525.05
"1088","4A","8L",8,949,1087,36251,34725.8,37555.05
"1089","4A","8L",9,950,1088,36318.5,34785.6,37579.05
"1090","4A","8L",10,951,1089,36369,34832,37607
"1091","4A","8L",11,952,1090,36444.5,34933.3,37640
"1092","4A","8L",12,953,1091,36494.5,34998.8,37664.05
"1093","4A","8L",13,954,1092,36553.5,35099.3,37693.1
"1094","4A","8L",14,955,1093,36610.5,35141.8,37727.25
"1095","4A","8L",15,956,1094,36678,35202.95,37766.15
"1096","4A","8L",16,957,1095,36739,35257.5,37801.45
"1097","4A","8L",17,958,1096,36786,35345.85,37839.2
"1098","4A","8L",18,959,1097,36852,35418.7,37874.2
"1099","4A","8L",19,960,1098,36922,35474.65,37905.1
"1100","4A","8L",20,961,1099,36985.5,35534.7,37940.2
"1101","4A","8L",21,962,1100,37037.5,35590.3,37965.05
"1102","4A","8L",22,963,1101,37089,35646.85,37990.7
"1103","4A","8L",23,964,1102,37155,35720.7,38021.2
"1104","4A","8L",24,965,1103,37232.5,35779.9,38048.05
"1105","4A","8L",25,966,1104,37289.5,35847.75,38068.1
"1106","4A","8L",26,967,1105,37353.5,35929.75,38088.05
"1107","4A","8L",27,968,1106,37418.5,36068.45,38105.25
"1108","4A","8L",28,969,1107,37493,36145.6,38127.05
"1109","4A","8L",29,970,1108,37578,36233.95,38146
"1110","4A","8L",30,971,1109,37645,36382.6,38164.1
"1111","4A","8L",31,972,1110,37716.5,36488.95,38182
"1112","4A","8L",32,973,1111,37783.5,36585.55,38199.1
"1113","4A","8L",33,974,1112,37865.5,36713.6,38225.05
"1114","4A","8L",34,975,1113,37944,36917.55,38248.05
"1115","4A","8L",35,976,1114,38023.5,37095.9,38269.05
"1116","4A","8L",36,977,1115,38107,37286.9,38295.05
"1117","4A","8L",37,978,1116,38194,37623.35,38325
"1118","4A","8L",38,979,1117,38294.5,38212,38380
"1119","4A","8L",39,980,1118,38368,38257.95,38734.5
"1120","4A","8L",40,981,1119,38414,38279,38936.2
"1121","4A","8L",41,982,1120,38459.5,38295,39039.25
"1122","4A","8L",42,983,1121,38500,38310,39155.05
"1123","4A","8L",43,984,1122,38544,38323.85,39230.4
"1124","4A","8L",44,985,1123,38589,38334.95,39385.05
"1125","4A","8L",45,986,1124,38623,38347.9,39481.45
"1126","4A","8L",46,987,1125,38657,38359.9,39607.2
"1127","4A","8L",47,988,1126,38697,38370.8,39679.3
"1128","4A","8L",48,989,1127,38739,38380.95,39748.25
"1129","4A","8L",49,990,1128,38780.5,38390,39823.7
"1130","4A","8L",50,991,1129,38816,38399.95,39933.15
"1131","4A","8L",51,992,1130,38869,38409,40009.25
"1132","4A","8L",52,993,1131,38910,38418.95,40083.35
"1133","4A","8L",53,994,1132,38954,38428,40147.05
"1134","4A","8L",54,995,1133,38998.5,38437,40247.05
"1135","4A","8L",55,996,1134,39027,38445.85,40305.65
"1136","4A","8L",56,997,1135,39062.5,38455.95,40348.75
"1137","4A","8L",57,998,1136,39104.5,38467.85,40406.2
"1138","4A","8L",58,999,1137,39138,38482,40462.6
"1139","4A","8L",59,1000,1138,39168,38492,40492.4
"1140","4A","8L",60,1001,1139,39205,38516.8,40552.4
"1141","4A","8L",61,1002,1140,39241,38529.8,40627.85
"1142","4A","8L",62,1003,1141,39269.5,38545.7,40678.45
"1143","4A","8L",63,1004,1142,39297,38563.7,40719.3
"1144","4A","8L",64,1005,1143,39332,38574,40785.55
"1145","4A","8L",65,1006,1144,39352,38591.7,40851.1
"1146","4A","8L",66,1007,1145,39380.5,38609,40900.75
"1147","4A","8L",67,1008,1146,39412.5,38626.95,40993.75
"1148","4A","8L",68,1009,1147,39453,38643.95,41049.65
"1149","4A","8L",69,1010,1148,39491.5,38668.55,41098.45
"1150","4A","8L",70,1011,1149,39528.5,38677.95,41137.1
"1151","4A","8L",71,1012,1150,39555.5,38697.8,41188.2
"1152","4A","8L",72,1013,1151,39592,38718,41291.25
"1153","4A","8L",73,1014,1152,39627,38731,41309.3
"1154","4A","8L",74,1015,1153,39653,38741.95,41396.2
"1155","4A","8L",75,1016,1154,39676.5,38767.5,41429.9
"1156","4A","8L",76,1017,1155,39706.5,38782.65,41462.3
"1157","4A","8L",77,1018,1156,39759.5,38804.65,41542.35
"1158","4A","8L",78,1019,1157,39795.5,38822.3,41598.1
"1159","4A","8L",79,1020,1158,39833.5,38825.8,41653.25
"1160","4A","8L",80,1021,1159,39859.5,38842.6,41710.35
"1161","4A","8L",81,1022,1160,39896,38875.55,41775.1
"1162","4A","8L",82,1023,1161,39924.5,38888.95,41823.15
"1163","4A","8L",83,1024,1162,39965,38904.75,41870.1
"1164","4A","8L",84,1025,1163,39988.5,38911,41929.3
"1165","4A","8L",85,1026,1164,40022.5,38933.6,41951.55
"1166","4A","8L",86,1027,1165,40068.5,38946.95,42028.75
"1167","4A","8L",87,1028,1166,40103.5,38961.95,42074.1
"1168","4A","8L",88,1029,1167,40128,38996.8,42104.35
"1169","4A","8L",89,1030,1168,40166.5,39046.95,42188.05
"1170","4A","8L",90,1031,1169,40202,39071.85,42257.4
"1171","4A","8L",91,1032,1170,40241,39101.8,42295.4
"1172","4A","8L",92,1033,1171,40276.5,39116,42320.85
"1173","4A","8L",93,1034,1172,40310.5,39135,42410.75
"1174","4A","8L",94,1035,1173,40346.5,39155.95,42438.2
"1175","4A","8L",95,1036,1174,40384.5,39181.85,42493.05
"1176","4A","8L",96,1037,1175,40417.5,39201.75,42520.05
"1177","4A","8L",97,1038,1176,40445,39224.8,42561.4
"1178","4A","8L",98,1039,1177,40478.5,39238.85,42589.75
"1179","4A","8L",99,1040,1178,40515.5,39258.8,42628.3
"1180","4A","9L",0,1041,1179,40547,39279.95,42678.55
"1181","4A","9L",1,1042,1180,40576,39294.9,42756.55
"1182","4A","9L",2,1043,1181,40623.5,39309.85,42873.15
"1183","4A","9L",3,1044,1182,40653.5,39338.4,42914.85
"1184","4A","9L",4,1045,1183,40681,39368.65,43042.15
"1185","4A","9L",5,1046,1184,40710,39383.6,43101.7
"1186","4A","9L",6,1047,1185,40737,39394.4,43159.75
"1187","4A","9L",7,1048,1186,40789,39406.95,43250.55
"1188","4A","9L",8,1049,1187,40852,39417.9,43334.8
"1189","4A","9L",9,1050,1188,40909.5,39434.75,43377.4
"1190","4A","9L",10,1051,1189,40962,39463.95,43410.05
"1191","4A","9L",11,1052,1190,41002.5,39490.5,43415.15
"1192","4A","9L",12,1053,1191,41033,39520.9,43481.8
"1193","4A","9L",13,1054,1192,41066.5,39547.9,43551.9
"1194","4A","9L",14,1055,1193,41104.5,39580.65,43581.8
"1195","4A","9L",15,1056,1194,41125,39588.7,43602.75
"1196","4A","9L",16,1057,1195,41160,39595.8,43633.9
"1197","4A","9L",17,1058,1196,41186.5,39648.25,43719.8
"1198","4A","9L",18,1059,1197,41229.5,39691.35,43760.65
"1199","4A","9L",19,1060,1198,41267.5,39711.95,43802.05
"1200","4A","9L",20,1061,1199,41296.5,39729.85,43847.05
"1201","4A","9L",21,1062,1200,41347.5,39753,43867.15
"1202","4A","9L",22,1063,1201,41377,39776.85,43918.05
"1203","4A","9L",23,1064,1202,41415,39804.5,43933.45
"1204","4A","9L",24,1065,1203,41453,39826.95,44055.1
"1205","4A","9L",25,1066,1204,41497.5,39859.4,44080.6
"1206","4A","9L",26,1067,1205,41527.5,39895.4,44127.1
"1207","4A","9L",27,1068,1206,41567,39908.8,44161.8
"1208","4A","9L",28,1069,1207,41604,39936.85,44196.8
"1209","4A","9L",29,1070,1208,41645,39965.9,44224.35
"1210","4A","9L",30,1071,1209,41701.5,39982.9,44281.5
"1211","4A","9L",31,1072,1210,41742,40004.4,44315.3
"1212","4A","9L",32,1073,1211,41771.5,40022.75,44379.6
"1213","4A","9L",33,1074,1212,41821,40036.9,44409.95
"1214","4A","9L",34,1075,1213,41852.5,40088.5,44485.4
"1215","4A","9L",35,1076,1214,41890.5,40139.9,44544.05
"1216","4A","9L",36,1077,1215,41943.5,40169.75,44621.2
"1217","4A","9L",37,1078,1216,41993,40212.85,44699.2
"1218","4A","9L",38,1079,1217,42057.5,40255.95,44768.3
"1219","4A","9L",39,1080,1218,42150,40315.75,44894.2
"1220","4A","9L",40,1081,1219,42310,40449.5,44974.3
"1221","4A","9L",41,1082,1220,42371.5,40522.3,45111.3
"1222","4A","9L",42,1083,1221,42441.5,40558.4,45151.25
"1223","4A","9L",43,1084,1222,42516.5,40614.6,45195
"1224","4A","9L",44,1085,1223,42575.5,40666.65,45210.25
"1225","4A","9L",45,1086,1224,42622.5,40711.6,45324.3
"1226","4A","9L",46,1087,1225,42660,40757.1,45345.75
"1227","4A","9L",47,1088,1226,42715,40807.6,45398.15
"1228","4A","9L",48,1089,1227,42748.5,40829.25,45483.8
"1229","4A","9L",49,1090,1228,42795.5,40852.8,45549.6
"1230","4A","9L",50,1091,1229,42845.5,40871.85,45580.15
"1231","4A","9L",51,1092,1230,42902.5,40927.95,45674.95
"1232","4A","9L",52,1093,1231,42953,40949.75,45703.75
"1233","4A","9L",53,1094,1232,43007,41015.7,45720.55
"1234","4A","9L",54,1095,1233,43066,41043.3,45738.3
"1235","4A","9L",55,1096,1234,43115.5,41079.6,45767.45
"1236","4A","9L",56,1097,1235,43151,41105.6,45836.3
"1237","4A","9L",57,1098,1236,43183.5,41148.75,45894.95
"1238","4A","9L",58,1099,1237,43240.5,41170.85,45978
"1239","4A","9L",59,1100,1238,43288,41211.2,45988.15
"1240","4A","9L",60,1101,1239,43319.5,41270.3,46007.55
"1241","4A","9L",61,1102,1240,43361.5,41308.65,46099.8
"1242","4A","9L",62,1103,1241,43399,41337.6,46108.15
"1243","4A","9L",63,1104,1242,43448.5,41353.45,46167.3
"1244","4A","9L",64,1105,1243,43504,41436.3,46217.65
"1245","4A","9L",65,1106,1244,43536,41483,46268.95
"1246","4A","9L",66,1107,1245,43578.5,41508.7,46322.3
"1247","4A","9L",67,1108,1246,43615.5,41534.8,46369.3
"1248","4A","9L",68,1109,1247,43662,41561.55,46409.1
"1249","4A","9L",69,1110,1248,43714.5,41579.75,46462.6
"1250","4A","9L",70,1111,1249,43770.5,41605.7,46488.1
"1251","4A","9L",71,1112,1250,43810,41617.4,46537.55
"1252","4A","9L",72,1113,1251,43859.5,41641.75,46604.5
"1253","4A","9L",73,1114,1252,43897.5,41678.75,46628.05
"1254","4A","9L",74,1115,1253,43953,41697.85,46672.45
"1255","4A","9L",75,1116,1254,43982,41715.75,46715.25
"1256","4A","9L",76,1117,1255,44019.5,41729.85,46748.3
"1257","4A","9L",77,1118,1256,44058.5,41790.65,46796.8
"1258","4A","9L",78,1119,1257,44113.5,41816.7,46852.6
"1259","4A","9L",79,1120,1258,44170,41888.05,46898
"1260","4A","9L",80,1121,1259,44210,41912.95,46956
"1261","4A","9L",81,1122,1260,44246,41944.75,46996.8
"1262","4A","9L",82,1123,1261,44284,41993.7,47037.25
"1263","4A","9L",83,1124,1262,44322,42080.35,47072.1
"1264","4A","9L",84,1125,1263,44365,42118.8,47093.1
"1265","4A","9L",85,1126,1264,44411.5,42132.95,47127.55
"1266","4A","9L",86,1127,1265,44467,42257.75,47194.55
"1267","4A","9L",87,1128,1266,44510.5,42311.8,47227.85
"1268","4A","9L",88,1129,1267,44544.5,42355.3,47279.35
"1269","4A","9L",89,1130,1268,44567,42382.9,47310
"1270","4A","9L",90,1131,1269,44617,42392.6,47398.8
"1271","4A","9L",91,1132,1270,44681,42420.8,47449.2
"1272","4A","9L",92,1133,1271,44736,42452.4,47546.35
"1273","4A","9L",93,1134,1272,44766,42464.75,47558.15
"1274","4A","9L",94,1135,1273,44804,42478.8,47595.3
"1275","4A","9L",95,1136,1274,44838.5,42509.95,47606.4
"1276","4A","9L",96,1137,1275,44888,42592.7,47643.9
"1277","4A","9L",97,1138,1276,44920.5,42646.65,47654.65
"1278","4A","9L",98,1139,1277,44967.5,42722.4,47672.25
"1279","4A","9L",99,1140,1278,45019.5,42740,47720.25
"1280","4A","10L",0,1141,1279,45053,42808.65,47823.95
"1281","4A","10L",1,1142,1280,45096.5,42824,47867.35
"1282","4A","10L",2,1143,1281,45140,42851.3,47891.1
"1283","4A","10L",3,1144,1282,45177,42919.85,47931.2
"1284","4A","10L",4,1145,1283,45230.5,42938.75,47949
"1285","4A","10L",5,1146,1284,45283.5,42980.55,47969.45
"1286","4A","10L",6,1147,1285,45303,43026.05,47989.3
"1287","4A","10L",7,1148,1286,45345,43090.9,48021.1
"1288","4A","10L",8,1149,1287,45383,43138.25,48066.4
"1289","4A","10L",9,1150,1288,45428.5,43175.6,48104.35
"1290","4A","10L",10,1151,1289,45471.5,43193.5,48186.1
"1291","4A","10L",11,1152,1290,45509.5,43244,48236.6
"1292","4A","10L",12,1153,1291,45554,43259.95,48267.1
"1293","4A","10L",13,1154,1292,45588.5,43276.9,48285.8
"1294","4A","10L",14,1155,1293,45635,43324.4,48351.3
"1295","4A","10L",15,1156,1294,45657.5,43351.4,48370.2
"1296","4A","10L",16,1157,1295,45698.5,43386.6,48439.2
"1297","4A","10L",17,1158,1296,45743.5,43456.6,48538.95
"1298","4A","10L",18,1159,1297,45776,43488.1,48570
"1299","4A","10L",19,1160,1298,45816.5,43509.15,48583.95
"1300","4A","10L",20,1161,1299,45842,43545.55,48636.9
"1301","4A","10L",21,1162,1300,45887,43582.6,48656.5
"1302","4A","10L",22,1163,1301,45939,43637.75,48672.15
"1303","4A","10L",23,1164,1302,45969.5,43672.15,48697.3
"1304","4A","10L",24,1165,1303,45999.5,43697.85,48772
"1305","4A","10L",25,1166,1304,46033,43791,48837.45
"1306","4A","10L",26,1167,1305,46092,43811.6,48874
"1307","4A","10L",27,1168,1306,46131,43822.85,48944.45
"1308","4A","10L",28,1169,1307,46155,43908.75,48969
"1309","4A","10L",29,1170,1308,46189.5,43936.4,49057.85
"1310","4A","10L",30,1171,1309,46234.5,43946.65,49144.55
"1311","4A","10L",31,1172,1310,46274.5,44004.95,49176.4
"1312","4A","10L",32,1173,1311,46334,44068.75,49209.95
"1313","4A","10L",33,1174,1312,46378.5,44085.95,49270.25
"1314","4A","10L",34,1175,1313,46425,44131.45,49293
"1315","4A","10L",35,1176,1314,46456.5,44177.35,49321.3
"1316","4A","10L",36,1177,1315,46524.5,44191.8,49344.05
"1317","4A","10L",37,1178,1316,46550,44219.55,49366.75
"1318","4A","10L",38,1179,1317,46603.5,44296.35,49474.65
"1319","4A","10L",39,1180,1318,46632.5,44321.7,49505.35
"1320","4A","10L",40,1181,1319,46677,44401.95,49556.05
"1321","4A","10L",41,1182,1320,46712,44456.2,49580.15
"1322","4A","10L",42,1183,1321,46747.5,44511.8,49610.15
"1323","4A","10L",43,1184,1322,46793,44574.05,49635.45
"1324","4A","10L",44,1185,1323,46846.5,44611,49654.35
"1325","4A","10L",45,1186,1324,46883,44644,49665.15
"1326","4A","10L",46,1187,1325,46928,44657.95,49715
"1327","4A","10L",47,1188,1326,46958.5,44672.75,49759.7
"1328","4A","10L",48,1189,1327,47001.5,44686.4,49771.2
"1329","4A","10L",49,1190,1328,47059,44713.3,49930.25
"1330","4A","10L",50,1191,1329,47101,44719.9,50012.65
"1331","4A","10L",51,1192,1330,47135.5,44767.9,50087.65
"1332","4A","10L",52,1193,1331,47197.5,44825.5,50129.45
"1333","4A","10L",53,1194,1332,47239,44860,50142.7
"1334","4A","10L",54,1195,1333,47290,44893.3,50188.4
"1335","4A","10L",55,1196,1334,47331,44913.75,50209.45
"1336","4A","10L",56,1197,1335,47374.5,44989.4,50258.1
"1337","4A","10L",57,1198,1336,47396,45014.5,50289.6
"1338","4A","10L",58,1199,1337,47420.5,45029.95,50316.25
"1339","4A","10L",59,1200,1338,47461,45045.6,50341.45
"1340","4A","10L",60,1201,1339,47499.5,45062.95,50367.55
"1341","4A","10L",61,1202,1340,47544.5,45098.85,50393.65
"1342","4A","10L",62,1203,1341,47583,45159.8,50529.95
"1343","4A","10L",63,1204,1342,47641,45192.95,50613
"1344","4A","10L",64,1205,1343,47679,45210.95,50663.45
"1345","4A","10L",65,1206,1344,47737.5,45229.9,50678.5
"1346","4A","10L",66,1207,1345,47765.5,45246.85,50705.65
"1347","4A","10L",67,1208,1346,47808.5,45264.8,50726.65
"1348","4A","10L",68,1209,1347,47845.5,45281.8,50771
"1349","4A","10L",69,1210,1348,47895.5,45318.05,50823.85
"1350","4A","10L",70,1211,1349,47946.5,45324.6,50868.15
"1351","4A","10L",71,1212,1350,47972.5,45379.6,50887.6
"1352","4A","10L",72,1213,1351,48029,45465.3,50933.6
"1353","4A","10L",73,1214,1352,48086,45521.45,50991.75
"1354","4A","10L",74,1215,1353,48126,45557.2,51034.15
"1355","4A","10L",75,1216,1354,48163,45627.95,51061.4
"1356","4A","10L",76,1217,1355,48196.5,45712.25,51153.85
"1357","4A","10L",77,1218,1356,48232,45763.75,51190
"1358","4A","10L",78,1219,1357,48267,45807.3,51219.5
"1359","4A","10L",79,1220,1358,48309,45825.7,51225.25
"1360","4A","10L",80,1221,1359,48357.5,45897.55,51231
"1361","4A","10L",81,1222,1360,48428,45978.85,51289.1
"1362","4A","10L",82,1223,1361,48483.5,46013.15,51306.15
"1363","4A","10L",83,1224,1362,48527,46043.7,51329.35
"1364","4A","10L",84,1225,1363,48561.5,46083.9,51360.25
"1365","4A","10L",85,1226,1364,48603,46128.85,51438.5
"1366","4A","10L",86,1227,1365,48655.5,46187.9,51492.35
"1367","4A","10L",87,1228,1366,48720,46285.3,51522.8
"1368","4A","10L",88,1229,1367,48749,46301.85,51544.05
"1369","4A","10L",89,1230,1368,48787.5,46320.95,51583.7
"1370","4A","10L",90,1231,1369,48821.5,46408.6,51609.25
"1371","4A","10L",91,1232,1370,48851.5,46497,51633
"1372","4A","10L",92,1233,1371,48890,46533.2,51652.9
"1373","4A","10L",93,1234,1372,48935,46591,51692.7
"1374","4A","10L",94,1235,1373,49012.5,46639.9,51723.75
"1375","4A","10L",95,1236,1374,49050.5,46667.9,51750.25
"1376","4A","10L",96,1237,1375,49076.5,46753.3,51791.9
"1377","4A","10L",97,1238,1376,49104,46776.6,51830.5
"1378","4A","10L",98,1239,1377,49135,46817.6,51895.3
"1379","4A","10L",99,1240,1378,49176,46861.15,51928.45
"1380","4A","11L",0,1241,1379,49221.5,46911.1,51965.95
"1381","4A","11L",1,1242,1380,49268.5,46942.55,52016.05
"1382","4A","11L",2,1243,1381,49312.5,46983.9,52110.1
"1383","4A","11L",3,1244,1382,49355,47031.55,52170.2
"1384","4A","11L",4,1245,1383,49395.5,47099.5,52197.75
"1385","4A","11L",5,1246,1384,49425.5,47155.35,52218.6
"1386","4A","11L",6,1247,1385,49467,47198.75,52260.65
"1387","4A","11L",7,1248,1386,49521,47235.5,52305.2
"1388","4A","11L",8,1249,1387,49541.5,47283.15,52352.45
"1389","4A","11L",9,1250,1388,49611,47322.3,52393.2
"1390","4A","11L",10,1251,1389,49680.5,47373.55,52443.1
"1391","4A","11L",11,1252,1390,49725,47434,52488.05
"1392","4A","11L",12,1253,1391,49780,47496.9,52510.2
"1393","4A","11L",13,1254,1392,49827,47520.65,52553.35
"1394","4A","11L",14,1255,1393,49858,47572.5,52625.65
"1395","4A","11L",15,1256,1394,49887.5,47615.45,52752.25
"1396","4A","11L",16,1257,1395,49929,47678.3,52769.5
"1397","4A","11L",17,1258,1396,49959.5,47706.85,52836.15
"1398","4A","11L",18,1259,1397,50016,47738.8,52913.25
"1399","4A","11L",19,1260,1398,50059.5,47761.4,52930.3
"1400","4A","11L",20,1261,1399,50096.5,47790,52942.55
"1401","4A","11L",21,1262,1400,50137,47866.4,52971.25
"1402","4A","11L",22,1263,1401,50184,47881,53009.65
"1403","4A","11L",23,1264,1402,50219.5,47948.25,53059.75
"1404","4A","11L",24,1265,1403,50279.5,47994.95,53124.65
"1405","4A","11L",25,1266,1404,50327.5,48037,53152.4
"1406","4A","11L",26,1267,1405,50364,48065.3,53216.05
"1407","4A","11L",27,1268,1406,50427,48104.25,53292.15
"1408","4A","11L",28,1269,1407,50461,48157.9,53343.45
"1409","4A","11L",29,1270,1408,50500,48173.95,53365.05
"1410","4A","11L",30,1271,1409,50560.5,48185.65,53419.1
"1411","4A","11L",31,1272,1410,50613,48232.7,53470.55
"1412","4A","11L",32,1273,1411,50664.5,48266.35,53520
"1413","4A","11L",33,1274,1412,50721.5,48357.75,53543.75
"1414","4A","11L",34,1275,1413,50768,48426.75,53566.6
"1415","4A","11L",35,1276,1414,50825,48464.75,53665.4
"1416","4A","11L",36,1277,1415,50883.5,48569.95,53698.75
"1417","4A","11L",37,1278,1416,50941,48664.9,53848.5
"1418","4A","11L",38,1279,1417,51020.5,48697.9,53955.35
"1419","4A","11L",39,1280,1418,51171,48785.85,54088.45
"1420","4A","11L",40,1281,1419,51349,48958.55,54163.2
"1421","4A","11L",41,1282,1420,51452.5,49085.7,54209.1
"1422","4A","11L",42,1283,1421,51541.5,49182.8,54255.05
"1423","4A","11L",43,1284,1422,51617.5,49251.55,54317
"1424","4A","11L",44,1285,1423,51691,49309.3,54358
"1425","4A","11L",45,1286,1424,51752,49367.8,54394.05
"1426","4A","11L",46,1287,1425,51816.5,49431.75,54440.1
"1427","4A","11L",47,1288,1426,51857,49484.45,54486.25
"1428","4A","11L",48,1289,1427,51897.5,49580.1,54519.1
"1429","4A","11L",49,1290,1428,51946.5,49617.6,54589.35
"1430","4A","11L",50,1291,1429,51992.5,49699.65,54613.3
"1431","4A","11L",51,1292,1430,52052,49745.6,54674.55
"1432","4A","11L",52,1293,1431,52115,49776.95,54705.45
"1433","4A","11L",53,1294,1432,52154.5,49835.9,54759.4
"1434","4A","11L",54,1295,1433,52212.5,49892.85,54840.2
"1435","4A","11L",55,1296,1434,52265.5,49973.7,54878
"1436","4A","11L",56,1297,1435,52304,50051.6,54911
"1437","4A","11L",57,1298,1436,52368.5,50081.5,54937.05
"1438","4A","11L",58,1299,1437,52409.5,50105.2,54952.1
"1439","4A","11L",59,1300,1438,52471,50128.65,55006.35
"1440","4A","11L",60,1301,1439,52532,50216.35,55047
"1441","4A","11L",61,1302,1440,52571.5,50255.75,55065.85
"1442","4A","11L",62,1303,1441,52635,50318.2,55118.9
"1443","4A","11L",63,1304,1442,52689.5,50381.95,55207.1
"1444","4A","11L",64,1305,1443,52746,50415.55,55232.7
"1445","4A","11L",65,1306,1444,52812,50487.45,55310.15
"1446","4A","11L",66,1307,1445,52877,50569.85,55346.4
"1447","4A","11L",67,1308,1446,52957.5,50623.85,55381.2
"1448","4A","11L",68,1309,1447,53018.5,50649.4,55414.4
"1449","4A","11L",69,1310,1448,53073,50721.25,55448.05
"1450","4A","11L",70,1311,1449,53124.5,50740.8,55523.4
"1451","4A","11L",71,1312,1450,53178,50810.7,55576.55
"1452","4A","11L",72,1313,1451,53229,50882.55,55626.2
"1453","4A","11L",73,1314,1452,53286.5,50911.75,55673.05
"1454","4A","11L",74,1315,1453,53345,50966.2,55724
"1455","4A","11L",75,1316,1454,53412.5,51002.65,55791.75
"1456","4A","11L",76,1317,1455,53489,51078.85,55852
"1457","4A","11L",77,1318,1456,53542,51120.75,55884.6
"1458","4A","11L",78,1319,1457,53608,51172.4,55937.45
"1459","4A","11L",79,1320,1458,53680,51265.35,56020.1
"1460","4A","11L",80,1321,1459,53727,51344,56061.05
"1461","4A","11L",81,1322,1460,53800,51372,56118.8
"1462","4A","11L",82,1323,1461,53841,51429.3,56175.7
"1463","4A","11L",83,1324,1462,53894,51472.25,56203.65
"1464","4A","11L",84,1325,1463,53959,51556.55,56232.95
"1465","4A","11L",85,1326,1464,54018,51590.65,56276.55
"1466","4A","11L",86,1327,1465,54082.5,51622.45,56319.15
"1467","4A","11L",87,1328,1466,54135,51686.55,56341.15
"1468","4A","11L",88,1329,1467,54196,51752.15,56391.85
"1469","4A","11L",89,1330,1468,54254.5,51795.25,56429.2
"1470","4A","11L",90,1331,1469,54345,51892,56471.65
"1471","4A","11L",91,1332,1470,54433.5,51961.5,56544.35
"1472","4A","11L",92,1333,1471,54489.5,52025.15,56599.8
"1473","4A","11L",93,1334,1472,54546.5,52079.65,56676.4
"1474","4A","11L",94,1335,1473,54601,52101.85,56704.2
"1475","4A","11L",95,1336,1474,54644,52158.65,56787.55
"1476","4A","11L",96,1337,1475,54683.5,52207.7,56811.15
"1477","4A","11L",97,1338,1476,54759,52291.95,56845.1
"1478","4A","11L",98,1339,1477,54826.5,52367.55,56889.3
"1479","4A","11L",99,1340,1478,54868,52445.85,56927.25
"1480","4A","12L",0,1341,1479,54911.5,52517.65,56972.35
"1481","4A","12L",1,1342,1480,54970,52595.95,57001.25
"1482","4A","12L",2,1343,1481,55029,52685.15,57056.05
"1483","4A","12L",3,1344,1482,55074,52717.9,57078
"1484","4A","12L",4,1345,1483,55120,52749.65,57129.55
"1485","4A","12L",5,1346,1484,55168,52780.75,57149.2
"1486","4A","12L",6,1347,1485,55238,52843.25,57184.2
"1487","4A","12L",7,1348,1486,55293,52914.3,57262.15
"1488","4A","12L",8,1349,1487,55360.5,52947.2,57310.35
"1489","4A","12L",9,1350,1488,55413.5,53057.9,57377.55
"1490","4A","12L",10,1351,1489,55464.5,53116.65,57430.4
"1491","4A","12L",11,1352,1490,55538.5,53175.15,57456.1
"1492","4A","12L",12,1353,1491,55579.5,53244.75,57479.3
"1493","4A","12L",13,1354,1492,55644.5,53320.3,57559.85
"1494","4A","12L",14,1355,1493,55701,53375.85,57669.35
"1495","4A","12L",15,1356,1494,55763.5,53421.35,57711
"1496","4A","12L",16,1357,1495,55813.5,53478.6,57783.35
"1497","4A","12L",17,1358,1496,55871.5,53528.45,57814.2
"1498","4A","12L",18,1359,1497,55923.5,53584.75,57839.05
"1499","4A","12L",19,1360,1498,55970.5,53631.6,57861.35
"1500","4A","12L",20,1361,1499,56032,53689.85,57930.1
"1501","4A","12L",21,1362,1500,56071,53721.7,57956.6
"1502","4A","12L",22,1363,1501,56122.5,53812.65,57989.6
"1503","4A","12L",23,1364,1502,56168,53899.85,58034.1
"1504","4A","12L",24,1365,1503,56214,53928.9,58070.8
"1505","4A","12L",25,1366,1504,56266,54013.05,58101.1
"1506","4A","12L",26,1367,1505,56313,54073.65,58125.8
"1507","4A","12L",27,1368,1506,56360.5,54101.6,58176.3
"1508","4A","12L",28,1369,1507,56415.5,54156.95,58202.2
"1509","4A","12L",29,1370,1508,56459.5,54203.65,58229
"1510","4A","12L",30,1371,1509,56521.5,54256.7,58255.95
"1511","4A","12L",31,1372,1510,56585,54288.15,58297.1
"1512","4A","12L",32,1373,1511,56645.5,54345.35,58315.55
"1513","4A","12L",33,1374,1512,56714,54433.8,58349.5
"1514","4A","12L",34,1375,1513,56753.5,54530.65,58388.35
"1515","4A","12L",35,1376,1514,56791,54575,58427.2
"1516","4A","12L",36,1377,1515,56836.5,54683.85,58467.35
"1517","4A","12L",37,1378,1516,56884.5,54749.8,58513.2
"1518","4A","12L",38,1379,1517,56956.5,54807.6,58590.1
"1519","4A","12L",39,1380,1518,57026.5,54870.95,58606.1
"1520","4A","12L",40,1381,1519,57105,54911.85,58624.35
"1521","4A","12L",41,1382,1520,57148,54947.7,58673.3
"1522","4A","12L",42,1383,1521,57194.5,54983.95,58706.8
"1523","4A","12L",43,1384,1522,57247.5,55048.5,58778.1
"1524","4A","12L",44,1385,1523,57285.5,55143.35,58817.2
"1525","4A","12L",45,1386,1524,57354.5,55183.6,58857
"1526","4A","12L",46,1387,1525,57417,55326.65,58872.05
"1527","4A","12L",47,1388,1526,57469,55401.25,58917.6
"1528","4A","12L",48,1389,1527,57519,55451.45,58947.25
"1529","4A","12L",49,1390,1528,57572.5,55486.3,58990.95
"1530","4A","12L",50,1391,1529,57620,55548.7,59034.05
"1531","4A","12L",51,1392,1530,57676,55670.35,59051.05
"1532","4A","12L",52,1393,1531,57719,55751.35,59067.1
"1533","4A","12L",53,1394,1532,57778,55810.9,59098.15
"1534","4A","12L",54,1395,1533,57848.5,55883.85,59107.2
"1535","4A","12L",55,1396,1534,57915.5,55982.85,59136.7
"1536","4A","12L",56,1397,1535,57959.5,56049.05,59180
"1537","4A","12L",57,1398,1536,58021,56116.9,59207.6
"1538","4A","12L",58,1399,1537,58074,56199.05,59245.1
"1539","4A","12L",59,1400,1538,58136.5,56266.75,59264.05
"1540","4A","12L",60,1401,1539,58201.5,56358.9,59284.15
"1541","4A","12L",61,1402,1540,58274,56421.1,59308.15
"1542","4A","12L",62,1403,1541,58329.5,56463.7,59323.1
"1543","4A","12L",63,1404,1542,58385,56533.7,59347.1
"1544","4A","12L",64,1405,1543,58440,56611.65,59401.3
"1545","4A","12L",65,1406,1544,58479,56661.55,59425.1
"1546","4A","12L",66,1407,1545,58527.5,56783,59439.05
"1547","4A","12L",67,1408,1546,58577,56845.75,59452
"1548","4A","12L",68,1409,1547,58642,56922.95,59465.15
"1549","4A","12L",69,1410,1548,58698,57000.95,59481.35
"1550","4A","12L",70,1411,1549,58746.5,57092.9,59501
"1551","4A","12L",71,1412,1550,58804,57185.9,59510.25
"1552","4A","12L",72,1413,1551,58860.5,57301.7,59523.05
"1553","4A","12L",73,1414,1552,58911,57396.6,59533.35
"1554","4A","12L",74,1415,1553,58951.5,57574.4,59557.05
"1555","4A","12L",75,1416,1554,59005.5,57658.75,59568
"1556","4A","12L",76,1417,1555,59064.5,57743,59584
"1557","4A","12L",77,1418,1556,59125,57902.85,59597
"1558","4A","12L",78,1419,1557,59186.5,58002.4,59609.1
"1559","4A","12L",79,1420,1558,59244,58087.55,59625.15
"1560","4A","12L",80,1421,1559,59306,58229.75,59644.05
"1561","4A","12L",81,1422,1560,59370,58349.05,59659
"1562","4A","12L",82,1423,1561,59428.5,58465.8,59672
"1563","4A","12L",83,1424,1562,59486.5,58629.95,59690
"1564","4A","12L",84,1425,1563,59546,58801.75,59709.05
"1565","4A","12L",85,1426,1564,59610,59075.95,59732.05
"1566","4A","12L",86,1427,1565,59698,59618,59782
"1567","4A","12L",87,1428,1566,59765,59656,60135.15
"1568","4A","12L",88,1429,1567,59816,59677,60304.05
"1569","4A","12L",89,1430,1568,59866,59695,60417.05
"1570","4A","12L",90,1431,1569,59914,59705,60561.05
"1571","4A","12L",91,1432,1570,59962,59715,60674.1
"1572","4A","12L",92,1433,1571,60005.5,59725.95,60777.75
"1573","4A","12L",93,1434,1572,60050.5,59736.9,60840.1
"1574","4A","12L",94,1435,1573,60092.5,59745,60907.35
"1575","4A","12L",95,1436,1574,60129,59757.95,61019
"1576","4A","12L",96,1437,1575,60165.5,59765.95,61061.05
"1577","4A","12L",97,1438,1576,60210.5,59778.9,61126.2
"1578","4A","12L",98,1439,1577,60252,59792.95,61188.85
"1579","4A","12L",99,1440,1578,60290.5,59805,61240.2
"1580","4A","13L",0,1441,1579,60326.5,59817.8,61315
"1581","4A","13L",1,1442,1580,60364,59829,61373.75
"1582","4A","13L",2,1443,1581,60395.5,59841.9,61442.3
"1583","4A","13L",3,1444,1582,60438,59861.55,61532.95
"1584","4A","13L",4,1445,1583,60469,59874.95,61615.5
"1585","4A","13L",5,1446,1584,60504.5,59885.9,61679.7
"1586","4A","13L",6,1447,1585,60547,59894.95,61761.2
"1587","4A","13L",7,1448,1586,60583,59905.9,61836.65
"1588","4A","13L",8,1449,1587,60621.5,59918.95,61884.85
"1589","4A","13L",9,1450,1588,60669,59930.85,61994.05
"1590","4A","13L",10,1451,1589,60711.5,59941.85,62064
"1591","4A","13L",11,1452,1590,60745,59955.85,62105.15
"1592","4A","13L",12,1453,1591,60790,59971.85,62137.05
"1593","4A","13L",13,1454,1592,60834,59984.95,62206.3
"1594","4A","13L",14,1455,1593,60874.5,59996.8,62252.4
"1595","4A","13L",15,1456,1594,60913.5,60009,62300.1
"1596","4A","13L",16,1457,1595,60960.5,60020.9,62358
"1597","4A","13L",17,1458,1596,60997.5,60033,62418.05
"1598","4A","13L",18,1459,1597,61018,60054.95,62457.65
"1599","4A","13L",19,1460,1598,61061.5,60066,62504.4
"1600","4A","13L",20,1461,1599,61115,60078.9,62588.6
"1601","4A","13L",21,1462,1600,61158,60096.7,62621.25
"1602","4A","13L",22,1463,1601,61194,60107.75,62670
"1603","4A","13L",23,1464,1602,61223,60123.75,62749.5
"1604","4A","13L",24,1465,1603,61267.5,60151.3,62809.9
"1605","4A","13L",25,1466,1604,61308,60184.7,62877.1
"1606","4A","13L",26,1467,1605,61361,60217.65,62910.05
"1607","4A","13L",27,1468,1606,61405,60237.9,62969.4
"1608","4A","13L",28,1469,1607,61447.5,60250.7,63007.7
"1609","4A","13L",29,1470,1608,61482.5,60302.2,63076.2
"1610","4A","13L",30,1471,1609,61517,60316.9,63156
"1611","4A","13L",31,1472,1610,61555,60334.85,63189.15
"1612","4A","13L",32,1473,1611,61603.5,60352.65,63224.15
"1613","4A","13L",33,1474,1612,61639.5,60375.2,63265.5
"1614","4A","13L",34,1475,1613,61675,60394.6,63326.05
"1615","4A","13L",35,1476,1614,61713,60428.85,63397.3
"1616","4A","13L",36,1477,1615,61754.5,60482.7,63436.75
"1617","4A","13L",37,1478,1616,61796,60498.85,63510.7
"1618","4A","13L",38,1479,1617,61824,60539.7,63560.25
"1619","4A","13L",39,1480,1618,61860,60549.9,63589.1
"1620","4A","13L",40,1481,1619,61895,60581.05,63623.85
"1621","4A","13L",41,1482,1620,61937,60590.95,63703.1
"1622","4A","13L",42,1483,1621,61977.5,60626.9,63746.95
"1623","4A","13L",43,1484,1622,62019,60662.65,63862.2
"1624","4A","13L",44,1485,1623,62062,60700.8,63894.65
"1625","4A","13L",45,1486,1624,62100.5,60728.5,63935.8
"1626","4A","13L",46,1487,1625,62142,60744.8,63997.1
"1627","4A","13L",47,1488,1626,62185,60765.85,64054.4
"1628","4A","13L",48,1489,1627,62210,60799.75,64110.8
"1629","4A","13L",49,1490,1628,62236.5,60814.45,64147.9
"1630","4A","13L",50,1491,1629,62274,60845.5,64185.75
"1631","4A","13L",51,1492,1630,62316.5,60865.8,64239.4
"1632","4A","13L",52,1493,1631,62347.5,60878.7,64263.35
"1633","4A","13L",53,1494,1632,62402,60896.4,64346.4
"1634","4A","13L",54,1495,1633,62441,60902.4,64418.95
"1635","4A","13L",55,1496,1634,62466,60909.9,64445.65
"1636","4A","13L",56,1497,1635,62508,60928.8,64506.9
"1637","4A","13L",57,1498,1636,62551,60935.85,64585.4
"1638","4A","13L",58,1499,1637,62586.5,60980.75,64609.15
"1639","4A","13L",59,1500,1638,62615.5,61001.8,64674.35
"1640","4A","13L",60,1501,1639,62648.5,61026.25,64716.3
"1641","4A","13L",61,1502,1640,62690.5,61031.9,64742.45
"1642","4A","13L",62,1503,1641,62742,61043.65,64777.45
"1643","4A","13L",63,1504,1642,62784.5,61061.4,64833.5
"1644","4A","13L",64,1505,1643,62821,61100.95,64889.2
"1645","4A","13L",65,1506,1644,62851.5,61118.85,64929.85
"1646","4A","13L",66,1507,1645,62880.5,61131.8,64972.55
"1647","4A","13L",67,1508,1646,62928.5,61145.85,65044.3
"1648","4A","13L",68,1509,1647,62957.5,61184,65104.1
"1649","4A","13L",69,1510,1648,63008,61203.75,65142
"1650","4A","13L",70,1511,1649,63047.5,61241.3,65182.6
"1651","4A","13L",71,1512,1650,63113,61263.9,65211.15
"1652","4A","13L",72,1513,1651,63151.5,61313.5,65255.5
"1653","4A","13L",73,1514,1652,63198,61333.9,65313.75
"1654","4A","13L",74,1515,1653,63232,61355.95,65371.4
"1655","4A","13L",75,1516,1654,63266,61375.95,65448.6
"1656","4A","13L",76,1517,1655,63313,61395.95,65551.25
"1657","4A","13L",77,1518,1656,63346,61442.55,65570.85
"1658","4A","13L",78,1519,1657,63365,61452.05,65644.5
"1659","4A","13L",79,1520,1658,63389.5,61475.7,65677.7
"1660","4A","13L",80,1521,1659,63436.5,61509.75,65718.9
"1661","4A","13L",81,1522,1660,63472.5,61539.75,65757.55
"1662","4A","13L",82,1523,1661,63505,61578.7,65827.2
"1663","4A","13L",83,1524,1662,63535.5,61583.95,65865.15
"1664","4A","13L",84,1525,1663,63573.5,61599.8,65897.8
"1665","4A","13L",85,1526,1664,63599.5,61610.85,65945.05
"1666","4A","13L",86,1527,1665,63642,61631.55,65975
"1667","4A",NA,87,1528,1666,63702,61660.9,66031.1
"1668","4A",NA,88,1529,1667,63736.5,61697.95,66062.7
"1669","4A",NA,89,1530,1668,63783.5,61731.1,66137.05
"1670","4A",NA,90,1531,1669,63834.5,61766.45,66175.8
"1671","4A",NA,91,1532,1670,63873,61796.45,66223
"1672","4A",NA,92,1533,1671,63901,61815.95,66249.4
"1673","4A",NA,93,1534,1672,63934.5,61865,66310.65
"1674","4A",NA,94,1535,1673,63971,61881.7,66367.95
"1675","4A",NA,95,1536,1674,64020,61899.75,66400.5
"1676","4A",NA,96,1537,1675,64057,61941.8,66458.75
"1677","4A",NA,97,1538,1676,64089,61977.8,66560.4
"1678","4A",NA,98,1539,1677,64115.5,61993.9,66613.4
"1679","4A",NA,99,1540,1678,64164.5,62005,66688.35
"1680","4A","14L",0,1541,1679,64230,62028.8,66717.55
"1681","4A","14L",1,1542,1680,64250.5,62072.35,66802.65
"1682","4A","14L",2,1543,1681,64290,62130.05,66830.05
"1683","4A","14L",3,1544,1682,64355,62142.5,66876.45
"1684","4A","14L",4,1545,1683,64386,62155.65,66927.65
"1685","4A","14L",5,1546,1684,64429,62176.55,66963.6
"1686","4A","14L",6,1547,1685,64466.5,62234.15,67024.4
"1687","4A","14L",7,1548,1686,64500,62282.55,67069.6
"1688","4A","14L",8,1549,1687,64521,62292.9,67099
"1689","4A","14L",9,1550,1688,64541.5,62331.5,67142.5
"1690","4A","14L",10,1551,1689,64576.5,62392.35,67207.65
"1691","4A","14L",11,1552,1690,64621.5,62413.55,67255.1
"1692","4A","14L",12,1553,1691,64662.5,62446.1,67281.75
"1693","4A","14L",13,1554,1692,64715.5,62480.75,67299.85
"1694","4A","14L",14,1555,1693,64759.5,62492.65,67380.05
"1695","4A","14L",15,1556,1694,64795.5,62505.9,67436.05
"1696","4A","14L",16,1557,1695,64826,62521.75,67459.05
"1697","4A","14L",17,1558,1696,64865,62575.75,67486.9
"1698","4A","14L",18,1559,1697,64909,62623.35,67535.3
"1699","4A","14L",19,1560,1698,64958.5,62650.85,67558.05
"1700","4A","14L",20,1561,1699,65007.5,62675.55,67586.2
"1701","4A","14L",21,1562,1700,65046.5,62704.85,67602
"1702","4A","14L",22,1563,1701,65098.5,62732.65,67618.1
"1703","4A","14L",23,1564,1702,65126,62759.55,67712.65
"1704","4A","14L",24,1565,1703,65156.5,62780.6,67723.1
"1705","4A","14L",25,1566,1704,65220,62793.6,67839.65
"1706","4A","14L",26,1567,1705,65261,62813.45,67899
"1707","4A","14L",27,1568,1706,65287.5,62828.9,67930.4
"1708","4A","14L",28,1569,1707,65314.5,62884.05,67962
"1709","4A","14L",29,1570,1708,65355,62913.85,67993.45
"1710","4A","14L",30,1571,1709,65376.5,62953.85,68045.75
"1711","4A","14L",31,1572,1710,65401,62981.65,68114.5
"1712","4A","14L",32,1573,1711,65455.5,63028.6,68123
"1713","4A","14L",33,1574,1712,65503.5,63066.7,68175.2
"1714","4A","14L",34,1575,1713,65525.5,63084.75,68220.95
"1715","4A","14L",35,1576,1714,65565.5,63113.95,68327
"1716","4A","14L",36,1577,1715,65608,63150.25,68371.85
"1717","4A","14L",37,1578,1716,65654.5,63170.95,68427.25
"1718","4A","14L",38,1579,1717,65709,63205.2,68460.05
"1719","4A","14L",39,1580,1718,65740.5,63231.25,68527.45
"1720","4A","14L",40,1581,1719,65762,63247,68570.05
"1721","4A","14L",41,1582,1720,65805,63260,68591.25
"1722","4A","14L",42,1583,1721,65843,63283.45,68679.75
"1723","4A","14L",43,1584,1722,65870,63307.85,68736.4
"1724","4A","14L",44,1585,1723,65909.5,63353.95,68803.75
"1725","4A","14L",45,1586,1724,65946.5,63371.5,68848.4
"1726","4A","14L",46,1587,1725,65977.5,63383.95,68918.35
"1727","4A","14L",47,1588,1726,66023.5,63408.7,68937.35
"1728","4A","14L",48,1589,1727,66062.5,63432.8,69006.7
"1729","4A","14L",49,1590,1728,66094.5,63457.5,69066.35
"1730","4A","14L",50,1591,1729,66131,63485.8,69073.6
"1731","4A","14L",51,1592,1730,66165.5,63522.9,69128.8
"1732","4A","14L",52,1593,1731,66198,63560.6,69189.05
"1733","4A","14L",53,1594,1732,66236,63611.4,69216.65
"1734","4A","14L",54,1595,1733,66271.5,63638.9,69354.2
"1735","4A","14L",55,1596,1734,66330,63666.15,69388.3
"1736","4A","14L",56,1597,1735,66370,63693.45,69424.25
