"bins","age","ocfs","X","smooth","se","lower","upper","ocfs_smooth","ocfs_lower","ocfs_upper"
293,59426,420.147058823529,4.52741527649335,4.67387906636966,0.533811709997034,3.62760811477548,5.72015001796385,477.21038309793,173.173509708027,1070.6060059746
292,NA,NA,NA,4.72986572104533,1.02461742191763,2.72161557408679,6.73811586800388,500.489817184265,54.8664834453258,2061.36025978264
291,NA,NA,NA,4.4081507244193,0.974206267926054,2.49870643928424,6.31759500955437,377.594571779616,38.9817151823473,1592.96827919971
290,58935,NA,NA,4.64542155644784,0.975561270204063,2.73332146684787,6.5575216460478,465.693872429108,55.8165319371238,1849.09375308955
289,NA,NA,NA,4.59943447557541,1.0216806668506,2.59694036854823,6.60192858260258,447.52545705918,45.4828750687608,1899.69241143548
288,58514,649.318181818182,5.04794240309144,4.94819952523123,0.542772554278582,3.88436531884521,6.01203373161725,599.499483280519,227.656613725541,1306.42846507146
287,NA,NA,NA,4.81025157218136,1.06171558653115,2.72928902258031,6.89121412178241,535.391116475362,55.4878776379902,2255.18917158668
286,58114,NA,NA,4.85532826296948,1.0356649953779,2.82542487202879,6.88523165391016,555.74349693721,63.7286994462694,2247.36817632631
285,NA,NA,NA,4.69156138104733,1.14870825078599,2.4400932095068,6.94302955258787,484.473035977564,35.4507694078455,2323.78559511411
284,NA,NA,NA,4.67554429008223,1.15943705625208,2.40304765982815,6.94804092033631,477.890834450897,33.3464446709378,2330.5019475653
283,NA,NA,NA,4.62075903774681,1.18588523950775,2.29642396831163,6.945094107182,455.882883425672,27.810467160439,2326.55079869104
282,NA,NA,NA,4.55090502333163,1.16669906817361,2.26417484971134,6.83763519695191,428.934607672448,26.2808766515705,2185.86686119228
281,NA,NA,NA,4.43042806498847,1.16043385985413,2.15597769967438,6.70487843030256,385.285582569281,21.6061336240449,2020.98751848927
280,NA,NA,NA,4.2690478153868,1.06351128993043,2.18456568712316,6.35352994365043,332.142214217888,22.7751072985876,1629.52236028121
279,NA,NA,NA,4.23259070455449,1.08438333107495,2.10719937564758,6.3579820334614,320.940921540782,19.7161682571601,1634.09456436566
278,NA,238.083333333333,3.92809740625308,4.20582522218637,0.659402571043089,2.91339618294191,5.49825426143082,312.899511058676,72.0440613786686,913.901264005146
277,NA,NA,NA,4.54215063585633,1.03959986163891,2.50453490704407,6.5797663646686,425.643624057231,39.3467038251193,1874.31202536996
276,NA,NA,NA,4.42807935965637,0.992983225364133,2.48183223794267,6.37432648137007,384.469225366115,37.9393325486505,1650.96251943625
275,55987.5,NA,NA,4.48035422886973,0.971822546083222,2.57558203854662,6.38512641919285,402.948373781889,44.0049519473353,1662.17980381093
274,NA,NA,NA,4.57649823170515,1.00685072734568,2.60307080610762,6.54992565730267,438.665213195296,45.9138727285566,1840.54094309829
273,NA,441.80412371134,4.58466324640513,4.50680216231541,0.492713741807382,3.54108322837295,5.47252109625788,412.547515564865,157.233302923297,896.911882513075
272,55230,NA,NA,4.41550767604279,0.999681114132141,2.45613269234379,6.37488265974179,380.121624287539,36.392115593665,1651.5387998215
271,NA,NA,NA,4.17391046937674,0.889540719448879,2.43041065925694,5.91741027949655,303.509658982665,34.8914200314697,1226.10235699903
270,54842.5,NA,NA,4.42758100005348,1.00171466253944,2.46422026147619,6.39094173863078,384.296173737043,36.8738170459556,1668.24347062991
269,NA,176.358024691358,3.64417149286309,4.00213105121051,0.545987385088936,2.93199577643619,5.07226632598482,256.545985237166,73.9015183734982,661.92410165163
268,54516,NA,NA,4.77380224766724,1.00026893969722,2.8132751258607,6.73432936947379,519.347085133887,62.6395782951937,2056.73062095074
267,NA,NA,NA,4.85482715318656,0.962042921055811,2.96922302791717,6.74043127845595,555.514103266964,77.7268880693509,2064.19509130186
266,NA,NA,NA,5.26104566111247,0.948674054070282,3.40164451513471,7.12044680709022,766.104978134405,133.892331731179,2570.56734166753
265,NA,NA,NA,5.42455818487371,0.989619392725261,3.48490417513219,7.36421219461522,865.87955952997,147.4902673945,2941.06874311271
264,53718,1123.5393258427,5.78958013549518,5.78512409703399,0.427305318967663,4.94760567185737,6.6226425222106,1120.08432063427,599.211741685677,1923.64644002901
263,NA,NA,NA,5.80219463643727,0.986691471276773,3.86827935273479,7.73610992013974,1133.3633720115,223.908880565072,3581.71089134639
262,NA,NA,NA,6.1607938962703,0.871520492723794,4.45261373053166,7.86897406200893,1440.610979673,393.061117762514,3834.17962590312
261,NA,NA,NA,6.10540152185877,0.990219069962653,4.16457214473197,8.04623089898557,1389.49478910996,300.802582040144,4191.50476925428
260,NA,2520.88235294118,7.08578783682798,6.77362642835693,0.47859671283066,5.83557687120883,7.71167598550502,2105.15929962842,1159.6720159487,3536.6745373569
259,52796.5,NA,NA,6.00834362245733,0.993895747709488,4.06030795694674,7.95637928796793,1303.22394081209,271.791516463479,4007.39279172086
258,NA,NA,NA,5.99110461328473,0.956578379684526,4.11621098910306,7.86599823746641,1288.33146061875,287.071785877472,3828.38299978689
257,52377.5,NA,NA,5.60817277940097,0.957366484654212,3.73173446947871,7.48461108932323,989.203263561481,193.92907960609,3138.17353022562
256,NA,NA,NA,5.45216545935635,1.00741496678119,3.47763212446521,7.42669879424748,883.641508492093,146.263026576599,3042.16833862741
255,51999.5,556.558441558442,4.85710725348838,5.02488821513534,0.491455197590508,4.06163602785795,5.98814040241274,637.537329766033,272.147288041573,1285.78364808298
254,NA,NA,NA,5.20344510041172,1.04596543615206,3.15335284555368,7.25353735526977,733.101161146019,98.8758604781833,2768.21238863868
253,51586.5,NA,NA,5.06562506513838,1.01701906281883,3.07226770201348,7.05898242826328,658.46420097523,89.0914897355606,2482.95245364772
252,51242.5,NA,NA,4.99272188571597,1.1272041573527,2.78340173730469,7.20204203412726,621.368880792349,60.0210482384645,2690.43563786772
251,51049.5,NA,NA,4.86755983681442,1.13772527304464,2.63761830164692,7.09750137198192,561.364824536069,48.4002706672318,2537.59284204742
250,50838,NA,NA,4.45867978112478,1.14382979106932,2.21677339062892,6.70058617162065,395.207457561179,24.1482241674561,2015.81738749042
249,NA,NA,NA,4.23127116462269,1.14142941745314,1.99406950641453,6.46847282283086,320.540886298629,15.8110666359625,1750.68105170492
248,NA,NA,NA,4.37628519971451,1.05018943665334,2.31791390387395,6.43465649555506,366.794206820844,28.8661724832868,1714.35781214781
247,50398.5,NA,NA,4.46944393691172,1.08244251997411,2.34785659776245,6.59103127606098,399.037743615854,30.3868911601309,1887.18071520859
246,NA,414.057971014493,4.51092168624917,4.46231824638145,0.633928759633008,3.21981787750075,5.70481861526214,396.499059353053,107.479399075649,1059.17412413866
245,49976.5,NA,NA,4.36310982364947,1.06908596416386,2.2677013338883,6.45851831341064,362.396987559612,26.4449909099475,1739.9292195305
244,NA,NA,NA,4.47799387491391,1.02629547392387,2.46645474602312,6.48953300380469,402.099914565776,37.0077435657261,1773.59224783151
243,NA,NA,NA,4.44910991422289,1.08839749428405,2.31585082542615,6.58236900301963,391.82535892885,28.7635393066352,1877.27933526945
242,NA,NA,NA,4.49717912004688,1.08394454655129,2.37264780880635,6.6217104312874,409.035255672798,31.6907931475449,1922.56370914964
241,49142.5,NA,NA,4.8581747867263,0.992746900246837,2.9123908622425,6.8039587112101,557.047902063688,71.9446723472317,2143.12093149222
240,NA,NA,NA,5.10022832765344,1.03679575310723,3.06810865156327,7.13234800374362,676.641259702427,88.6100417612386,2587.79638000206
239,48716,375.921052631579,4.40325829619031,4.58598884489997,0.452068203600913,3.69993516584218,5.47204252395776,442.315314087726,187.402964166884,896.598183672534
238,NA,NA,NA,5.26842684247478,1.04181226913871,3.2264747949629,7.31037888998665,770.413377355265,108.371006544182,2856.00883406857
237,48303.5,NA,NA,5.17126200802382,0.989063825270412,3.23269691049382,7.10982710555383,715.131930216571,109.209382794378,2555.26625283329
236,NA,NA,NA,5.65663926179156,1.1115036994542,3.47809201086132,7.8351865127218,1023.84434115057,146.340409942789,3768.75023329414
235,47849.5,0,0,5.30492721734996,1.0458665228363,3.25502883259082,7.35482560210911,791.986391611114,112.25853217938,2926.1023755473
234,NA,NA,NA,6.0594476516319,1.1455948173174,3.8140818096898,8.30481349357399,1348.13117467398,211.62161121241,4756.85085287624
233,47599,NA,NA,6.26084330326686,1.13227846221827,4.04157751731904,8.48010908921467,1536.49565864578,266.810951651079,5171.37172379085
232,NA,NA,NA,6.30125777703583,1.12131954153363,4.10347147562991,8.49904407844175,1576.55449028627,283.534346452088,5217.71467478871
231,47216,NA,NA,6.54374117435789,1.09042904654576,4.4065002431282,8.68098210558757,1833.59937872126,377.02937980541,5679.04675216052
230,NA,NA,NA,6.43941290436559,0.976906703239973,4.52467576601525,8.35415004271594,1719.43235327143,419.131068083275,4870.89854875939
229,NA,NA,NA,6.75332464829079,0.941256987491513,4.90846095280743,8.59818834377416,2080.03436970369,580.472115351506,5465.47379700986
228,46514.5,1693.5824742268,6.41507277740152,6.45739693130549,0.336640099009818,5.79758233724625,7.11721152536474,1738.72112981147,1129.76391938495,2565.89862163332
227,NA,3105.4347826087,7.46501359975911,7.11516202681969,0.516196547582933,6.10341679355714,8.12690726008224,2562.94435540617,1387.68889629102,4362.15622661991
226,NA,NA,NA,6.45920482986499,0.900188927352605,4.69483453225389,8.2235751274761,1740.6691294906,485.826456418217,4573.436540184
225,45833.5,NA,NA,6.34518506489591,0.885767872819642,4.60908003416942,8.08129009562241,1620.97819673282,451.29133807882,4265.03685157124
224,NA,NA,NA,6.11307950157016,0.981694827357838,4.1889576399488,8.03720136319153,1396.49754184783,307.910057373299,4172.72147474233
223,NA,726.35593220339,5.19143441669025,5.54953494151275,0.584459825481135,4.40399368356973,6.69507619945577,948.476032017456,376.172245581043,2009.19503853736
222,NA,NA,NA,5.85400317102874,0.993161784512251,3.90740607338473,7.80060026867276,1174.3885637029,233.106395412487,3702.64516633564
221,45123.5,NA,NA,5.73727598445413,0.881591486739053,4.00935667044558,7.46519529846267,1083.48515734986,258.403725287206,3105.73713923148
220,NA,NA,NA,5.94157808366419,0.972008818394852,4.03644079961028,7.8467153677181,1246.25592429716,265.457102178144,3790.98090640012
219,NA,1058.14814814815,5.70343661062268,5.75985058221131,0.411716416649208,4.95288640557886,6.56681475884375,1100.63892946785,601.774069781127,1859.59796541734
218,NA,NA,NA,6.05558754042255,0.908673968903079,4.27458656137251,7.83658851947258,1344.69920133565,333.869282859385,3771.4484366547
217,NA,NA,NA,6.01220378836884,0.90269256957174,4.24292635200823,7.78148122472945,1306.57628620314,324.087270904285,3666.47810325658
216,NA,2040.71428571429,6.72118038340486,6.49436950914534,0.52016281989304,5.47485038215498,7.51388863613569,1778.88543772146,898.439879110365,3187.56475568445
215,NA,NA,NA,6.01155901476129,0.971144274529012,4.10811623668443,7.91500179283816,1306.01588577504,284.820269347427,3924.67835613701
214,43825.5,NA,NA,6.09772201038618,0.872961717330739,4.38671704441793,7.80872697635443,1382.51701681844,370.304072541843,3718.09903856344
213,NA,NA,NA,6.16144339528402,0.967503270586992,4.26513698493352,8.05774980563453,1441.21857888919,330.926797480857,4215.55843157479
212,NA,1536.02150537634,6.26036023276462,6.2517376079015,0.431133728711252,5.40671549962745,7.09675971617555,1527.57649674151,854.543294611803,2536.53234179874
211,43137.5,NA,NA,6.16485175833973,0.908299527949236,4.38458468355923,7.94511883312024,1444.41021650494,369.584585652787,3984.75467564826
210,NA,NA,NA,6.04845542532608,0.896528039341909,4.29126046821594,7.80565038243622,1338.37537597179,339.109146242653,3712.24286133995
209,NA,1098.84615384615,5.75750366515733,5.83977886781383,0.519182241235712,4.82218167499183,6.85737606063582,1163.01578384626,540.722290764985,2211.21956234011
208,NA,NA,NA,5.72201565148552,0.920716420699582,3.91741146691433,7.5266198360567,1072.00340696625,235.503171966006,3209.223197534
207,NA,NA,NA,5.81112837551399,0.929069954827061,3.99015126405295,7.63210548697503,1140.35974641676,253.488020091681,3392.94998107547
206,NA,344.21686746988,4.30732891999531,5.09018878344717,0.637077270738567,3.84151733279958,6.33886023409476,671.329232326106,217.776587477982,1614.52474037565
205,NA,NA,NA,5.90676041953648,0.993832030595499,3.9588496395693,7.85467119950365,1217.29944569524,245.626957492055,3806.3790982378
204,41810,NA,NA,5.76769297244974,0.974990570494399,3.85671145428072,7.67867449061876,1106.6455330365,221.242517040361,3476.52238889462
203,NA,NA,NA,6.35080874441946,0.945539715503395,4.4975509020328,8.20406658680611,1626.73247366535,409.170532293398,4530.19301728153
202,NA,NA,NA,6.44677399885262,0.988956807189766,4.50841865676068,8.38512934094456,1727.30799255951,413.139722298679,4943.55151348691
201,NA,3911.36904761905,7.90828293455389,7.56572517137677,0.397600742600022,6.78642771588073,8.34502262687282,3276.44019481965,2121.11839663151,4849.64640047656
200,41001.5,NA,NA,6.40840501391066,0.981533494585331,4.48459936452341,8.33221066329791,1686.55227260484,404.477719994277,4819.93261608189
199,NA,NA,NA,6.50251232421961,0.857306284865192,4.82219200588383,8.18283264255539,1787.82388860202,540.726924486331,4483.47420907125
198,40465,NA,NA,6.17716976765084,0.984155667338177,4.24822465966801,8.10611487563367,1455.98918476886,325.709107294128,4317.68560951424
197,NA,975.993788819876,5.58935589276197,5.73281466527047,0.378767284125113,4.99043078838525,6.47519854215569,1080.11900384903,620.229112147631,1757.97363325955
196,40187,NA,NA,6.71237253273221,1.01009742022735,4.7325815890866,8.69216347637781,2030.03818148106,501.64032381872,5708.36247523523
195,39955,NA,NA,6.71218512614019,0.97072822734156,4.80955780055073,8.61481245172964,2029.81147975793,535.082310324733,5507.86527185325
194,NA,NA,NA,7.07515820118979,1.06035178302661,4.99686870645764,9.15344769592195,2505.78970537927,623.435823364755,7020.02755862768
193,NA,NA,NA,7.2513799047362,1.06196870930051,5.16992123450719,9.3328385749652,2764.92041288163,714.390558291144,7586.73677943853
192,39357,NA,NA,7.20317145514065,0.986208660489138,5.27020248058194,9.13614042969936,2692.12368655218,771.452524051913,6967.08430301112
191,NA,NA,NA,7.27073345145411,1.02311099503607,5.26543590118341,9.27603100172481,2794.55649627243,768.665379508315,7403.69919959807
190,38876,2813.71212121212,7.28316108199872,7.31068766313006,0.485564107886485,6.35898201167254,8.26239331458757,2856.4913889192,1635.1228431474,4660.40285228671
189,NA,NA,NA,7.39561695228524,0.997897280028061,5.43973828343024,9.35149562114024,2991.55944500069,875.612638973769,7647.58476482189
188,NA,NA,NA,7.52566554610953,0.874851340490467,5.81095691874821,9.24037417347084,3207.59593477297,1140.2251675686,7290.51537885897
187,38355,NA,NA,7.70811242902215,0.98938372540157,5.76892032723507,9.64730453080922,3530.14189446791,1107.58780254172,8662.1151241864
186,NA,3198.13432835821,7.52010968851472,7.50400403472711,0.442211709359074,6.63726908438332,8.37073898507089,3170.82472142732,1940.69684432039,4909.70276035907
185,NA,NA,NA,7.3702768537964,0.989787787083833,5.43029279111209,9.31026091648071,2950.76896611275,869.546850126266,7513.58853751832
184,NA,NA,NA,7.16128347713962,0.890342103447341,5.41621295438284,8.90635399989641,2630.04671130626,860.563508684659,6292.1607887676
183,37603,NA,NA,7.18555954959274,0.990551559116676,5.24407849372406,9.12704060546143,2665.89089650211,756.269758787715,6939.3681858475
182,NA,1544.32432432432,6.26880308435724,6.6606940313915,0.614841045943097,5.45560558134303,7.86578248143996,1968.23947008295,885.87380525977,3827.96298305407
181,NA,NA,NA,7.18027471064664,0.931392275184606,5.35474585128481,9.00580357000847,2658.05670154627,822.158312491066,6577.9395863553
180,NA,NA,NA,6.88490584008834,0.943563201587382,5.03552196497707,8.73428971519961,2246.94281858729,642.951152019484,5819.83099654141
179,NA,3571.25,7.73045512323059,7.47438346526007,0.537608008435267,6.42067176872695,8.52809516179319,3121.05556357719,1699.50276554509,5289.42119764519
178,36602,NA,NA,6.92174014325733,1.02888043929592,4.90513448223733,8.93834580427734,2295.41472728173,578.90016729721,6383.05534524347
177,36228,NA,NA,6.83916358729191,1.00755770721884,4.864350481143,8.81397669344083,2187.82191028134,559.885776784027,6035.14336355133
176,NA,NA,NA,6.50028173710329,1.10350659020239,4.33740882030662,8.66315465389997,1785.37200833031,353.933306330633,5632.53980852582
175,NA,NA,NA,6.32610727399588,1.08966490589653,4.19036405843868,8.46185048955307,1601.57104483248,308.323781812885,5126.97725141079
174,35667.5,NA,NA,6.06193506832837,1.10327157317599,3.89952278490344,8.22434735175331,1350.34618145084,231.230889092081,4575.15463294305
173,NA,NA,NA,5.90380033521715,0.999535463337902,3.94471082707487,7.86288984335944,1214.86115395231,242.136738560407,3822.33516157209
172,35294,NA,NA,5.90155823179611,1.03337865839099,3.87613606134978,7.92698040224245,1213.01671957162,225.733519845218,3948.49086852485
171,NA,1058.14814814815,5.70343661062268,5.7755311820511,0.483106813756717,4.82864182708793,6.72242053701426,1112.67346670761,543.625685342712,2042.22086615508
170,34956,NA,NA,5.97815923828166,0.99362513051032,4.03065398248143,7.92566449408189,1277.23236813642,263.938089268246,3945.86966476783
169,NA,NA,NA,5.74941570963482,0.864055444623675,4.05586703817241,7.44296438109722,1092.68465766512,270.604389494169,3068.90724583761
168,34587,NA,NA,5.98294947018455,0.96609574123291,4.08940181736804,7.87649712300105,1281.33101899988,279.665659853269,3848.86319633509
167,NA,740.155440414508,5.21591774466322,5.35804187347752,0.358814964896657,4.65476454228007,6.06131920467497,824.184444188579,469.451649826142,1349.79751017835
166,34154.5,NA,NA,6.10921361375248,0.903314149653546,4.33871788043153,7.87970934707343,1392.96833283713,354.360777928899,3855.1456724238
165,NA,NA,NA,5.99513078241535,0.901179178507029,4.22881959254157,7.76144197228913,1291.79811444119,319.79865412846,3628.85536982052
164,NA,2295.80357142857,6.92203326100518,6.66235707210029,0.506020503566112,5.67055688511071,7.65415725908987,1970.20592490177,1033.95787660214,3432.33384881562
163,NA,NA,NA,6.41218844906159,0.997048844081855,4.45797271466115,8.36640418346202,1690.53867122455,394.956825993622,4899.54066531233
162,NA,NA,NA,6.60103363801133,0.960066943285489,4.71930242917177,8.48276484685089,1898.66254644297,496.033762012865,5177.85294370079
161,NA,NA,NA,6.13535857225698,1.04287709940803,4.09131945741725,8.17939768709671,1416.96720259902,280.190602561661,4475.95073135357
160,NA,NA,NA,6.12516668740499,0.949278509235192,4.26458080930402,7.98575256550597,1407.57533325826,330.75421927507,4066.89910957656
159,NA,NA,NA,6.0949966552557,1.00199776180101,4.13108104212572,8.05891226838569,1380.04702914085,291.242573269574,4217.99161221379
158,NA,1029.54954954955,5.66450302726078,5.7856985463292,0.404947408545526,4.99200162557997,6.57939546707843,1120.52927391859,621.010398659324,1873.88944560226
157,NA,NA,NA,6.13576818005811,0.973999241463405,4.22672966678984,8.04480669332639,1417.3456378209,319.166931607194,4188.53792421591
156,NA,2316.44444444444,6.93753955381494,6.7475030422946,0.56888600776845,5.63248646706844,7.86251961752076,2072.87138411034,1006.4695212277,3821.61531056318
155,31893.5,NA,NA,6.8192649770486,1.01399221598518,4.83184023371766,8.80668972037955,2162.47086456956,545.067469084972,6015.20983278215
154,NA,NA,NA,6.95137606042732,0.939712959896765,5.10953865902966,8.79321346182498,2334.97984211378,681.595567626567,5978.47564599801
153,31546.5,NA,NA,7.10964551848042,1.05327296646185,5.04523050421519,9.17406053274565,2555.00521383031,647.923976719587,7083.47565382504
152,31228,2405.53846153846,7.00330557437416,7.15928231000517,0.763696960816989,5.66243626680387,8.65612835320646,2627.10815575757,1028.04779871736,5614.28881402749
151,NA,NA,NA,7.92526383348836,1.09293379740383,5.78311359057686,10.0674140763999,3945.07183407198,1118.52807874997,10272.3953758275
150,NA,NA,NA,8.33460314700562,1.06936729074459,6.23864325714623,10.430563036865,4825.47091961094,1514.81852911312,11836.710021139
149,30627.5,NA,NA,8.93672129133614,1.1378286571092,6.70657712340211,11.1668654592702,6378.41621863494,2023.03638034854,15549.8117170941
148,NA,NA,NA,9.46853255923285,1.11522029975628,7.28270077171053,11.6543643467552,8037.67992203257,2813.00085980187,18448.215567634
147,30282,NA,NA,9.97156598631704,1.11958743450109,7.7771746146949,12.1659573579392,9886.74812225411,3658.36808544044,21907.1135674551
146,NA,NA,NA,10.5838058696518,1.00862014142161,8.60691039246545,12.5607013468382,12547.7963449608,5487.68438881796,24891.757331585
145,29971,NA,NA,10.7266017088885,1.0417049446602,8.6848600173545,12.7683434004225,13238.7999689665,5689.20118086602,26578.9743162459
144,NA,17002.2524271845,11.4189616639128,11.1158436278652,0.482061252018123,10.1710035739097,12.0606836818207,15267.5627925761,10701.760505101,21158.638036763
143,NA,NA,NA,10.4371321522891,1.00771644170014,8.46200792655686,12.4122563780214,11866.5570010635,5127.35882206847,23735.749495156
142,29282,NA,NA,10.4366469109311,0.891044774041867,8.69019915380904,12.1830946680532,11864.3503632236,5703.20414390812,22030.8105336137
141,29088,NA,NA,9.84825658521418,1.00678651630821,7.87495501325008,11.8215581571783,9406.70274727205,3845.84986362916,19529.8493157435
140,28888,12354.3703703704,10.542780247216,10.1952810546983,0.557087135777887,9.10339026857364,11.287171840823,10804.3043665441,6867.72104460536,16230.8232323167
139,NA,NA,NA,9.38110515092008,1.01270927182859,7.39619497813605,11.3660153237041,7744.90358441743,2992.49481060492,16689.1012286852
138,28607.5,NA,NA,9.40761798895125,0.920097591828618,7.60422670896716,11.2110092689353,7832.82990274259,3343.64548879632,15797.153803522
137,28343,NA,NA,9.23446781025573,1.02250071923131,7.23036640056237,11.2385692199491,7271.89311838323,2733.01001607019,15953.0636965599
136,28053,6254.4,8.89296152311515,8.8989964770281,0.677664659050826,7.57077374528848,10.2272192087677,6271.39476823467,3285.19436679086,10940.3258819822
135,NA,NA,NA,8.58464611300276,1.01580737531656,6.5936636573823,10.5756285686232,5431.12236055281,1890.19739406138,12509.062356296
134,27669,NA,NA,8.19600934579347,0.902242128595029,6.42761477374721,9.96440391783973,4512.42274671305,1706.86573928338,9858.37411747862
133,27465,NA,NA,8.13706721734875,0.987561785192856,6.20144611837075,10.0726883163267,4384.01078864227,1479.01268439908,10293.9388102359
132,27231,3207.38461538462,7.52554159359467,7.80420143181287,0.449003820860583,6.92415394292613,8.68424892069961,3709.48723748964,2298.61829756465,5687.60010272449
131,NA,NA,NA,8.41492752341283,0.949096537542296,6.55469830982993,10.2751567369957,5014.19846087454,1845.91130519803,11146.8927163208
130,26940,6827.41520467836,9.09000409240883,8.83966061318607,0.422249041531655,8.01205249178402,9.66726873458811,6105.7970500768,4120.73934004195,8734.03978366723
129,26682,NA,NA,8.57094684738167,0.936968086266242,6.73448939829984,10.4074042964635,5396.53760040208,2056.92612544769,11731.9365013656
128,26427,5685.81818181818,8.68356864857986,8.71755626674901,0.290852869550959,8.14748464242913,9.28762789106889,5775.35968186525,4406.50433864462,7440.79309354859
127,NA,NA,NA,8.4970192718035,0.944102674672436,6.64657802944553,10.3474605141615,5212.74419182,1951.60728495624,11463.9718571926
126,26165,17485.4193548387,11.4992366881779,9.44535692102395,0.639240298949781,8.19244593508237,10.6982679069655,7959.27471608652,4504.58032906085,13099.4746069091
125,NA,NA,NA,8.02280946986215,0.942330669378238,6.17584135788081,9.8697775818435,4142.91395871193,1454.73713795303,9489.19701002176
124,25759.5,2316.44444444444,6.93753955381494,7.4295566006731,0.49256147079971,6.46413611790567,8.39497708344053,3046.85356845139,1745.99088409852,4966.81586603866
123,NA,NA,NA,7.53945771323428,0.878045414668371,5.81848870048427,9.26042672598429,3231.17469397903,1146.14821143718,7354.00632005071
122,25374.5,3069.50413223141,7.4433262591067,7.44125300920462,0.365621866570856,6.72463415072574,8.15787186768349,3066.0856655125,2044.91211195877,4429.01875157286
121,25033,2153.31455399061,6.81203497257718,7.01899419712931,0.46096067892517,6.11551126643598,7.92247712782264,2427.16629964789,1398.72095840535,3939.52604675931
120,NA,NA,NA,7.49121357957248,0.830972279431868,5.86250791188602,9.11991924725894,3149.26145058444,1181.22809342548,6917.7357984768
119,24729,NA,NA,7.26305122173576,0.887775817390146,5.52301061965107,9.00309182382044,2782.76433038805,930.472437887029,6570.02040518054
118,NA,4477.42281879195,8.18007013104039,8.08808312418066,0.457381672656588,7.19161504577375,8.98455120258757,4279.39548399526,2674.88878187801,6516.06716542296
117,24387,NA,NA,8.18103344754045,0.904324936762644,6.40855657148567,9.95351032359524,4479.53230547066,1686.71182484277,9815.33405395252
116,NA,NA,NA,8.57932143055882,0.912930519999861,6.78997761135909,10.3686652497585,5417.66013656364,2125.5600021756,11558.2321832245
115,NA,5805.77215189873,8.72901011962955,8.70952938233096,0.570138559073064,7.59205780654776,9.82700095811417,5754.11787759215,3322.29371598565,9325.75482403895
114,23728,NA,NA,8.85710034228973,0.985071724461251,6.92635976234568,10.7878409222338,6154.12423682012,2301.54876982857,13543.7252442454
113,23481.25,NA,NA,8.90043317046223,0.893746397133797,7.14869023207999,10.6521761088445,6275.44567616944,2611.59551612714,12875.1812487788
112,23386.5,NA,NA,9.14355332709117,0.995674999600546,7.1920303278741,11.0950763263082,6989.72369772575,2675.50668461409,15153.7869411588
111,23136,4963.80952380952,8.3937064552636,8.52445364877061,0.520726607010673,7.50382949902969,9.54507779851153,5280.39261047504,3170.52973075632,8300.76062715315
110,NA,NA,NA,8.755628984898,0.992634075701888,6.8100661965223,10.7011917732737,5876.9148884756,2150.82627750061,13113.8009697756
109,NA,NA,NA,8.64149983432668,0.950621283076846,6.77828211949606,10.5047175491573,5576.43319566863,2110.95299429387,12176.9218376441
108,NA,NA,NA,8.94563771895232,0.934851922367713,7.1133279511116,10.777947486793,6403.91006882885,2560.30277577438,13494.1102164002
107,22303,NA,NA,8.61309419825464,0.964423742047841,6.72282366384087,10.5033647326684,5503.4723369357,2042.71077782898,12170.6503853444
106,22100.25,8791.32530120482,9.68308150830243,9.54559937448371,0.353056359290486,8.85360891027436,10.2375898386931,8302.57510463134,6144.4262526309,10984.7683678249
105,21888.75,NA,NA,8.88273033717164,0.897217403135713,7.12418422702564,10.6412764473176,6225.6673511309,2575.9686074182,12822.564818176
104,21715.6666666667,NA,NA,9.1611355014288,0.880140792742322,7.43605954765385,10.8862114552038,7043.64123390955,3057.53498973007,14044.5252559931
103,NA,5606.18487394958,8.65300299081136,8.77134199683794,0.472263148033813,7.84570622669167,9.69697776698422,5919.21586534544,3789.03109874525,8841.90001348378
102,NA,NA,NA,9.04500366383645,0.887175187341924,7.30614029664628,10.7838670310266,6693.21827941314,2849.39088111816,13523.7799894645
101,21129,NA,NA,8.66718771812974,0.898683301195546,6.90576844778647,10.428606988473,5643.03587552119,2274.30155868793,11827.8335432552
100,20914.75,8626.75862068966,9.63744497872596,9.37966964021965,0.438260535809262,8.52067899003349,10.2386602904058,7740.16412562824,5271.04611339666,10989.3633979725
99,20680.6666666667,NA,NA,8.44189758580479,0.946853156894074,6.5860653982924,10.2977297733172,5078.79071046189,1881.49970868433,11245.1684282303
98,20570.75,NA,NA,8.48730307872942,0.847103093927113,6.82698101463228,10.1476251428266,5188.94232864996,2172.27488177618,10603.7056447947
97,NA,NA,NA,7.88442647526368,0.885333563932819,6.14917268995535,9.619680260572,3864.3853799855,1429.77190457947,8563.3274013268
96,NA,3863.20766773163,7.88382569104088,7.88704869449592,0.327174580543686,7.2457865166303,8.52831087236154,3869.5288470627,2756.39933770383,5289.95638273501
95,NA,2549.75539568345,7.10599061989932,7.19526334205811,0.355669442086453,6.49815123556866,7.89237544854756,2680.3207829971,1783.03249855313,3879.99304987971
94,NA,NA,NA,7.30377638859684,0.894624076570475,5.55031319851871,9.05723957867497,2845.70497887147,949.008194381469,6729.50968903119
93,NA,NA,NA,7.29669900802332,0.923502900010808,5.48663332400214,9.10676469204451,2834.69101502891,906.19935286194,6877.90955110424
92,NA,0,0,7.11336390180839,0.963091997669425,5.22570358637632,9.00102421724046,2560.35453515744,745.725660955628,6563.98712733605
91,NA,NA,NA,7.52560246976738,0.945383958219029,5.67264991165808,9.37855502787667,3207.48839830392,1035.48527491009,7736.48564008765
90,18859,NA,NA,7.59647982610429,0.915684434636693,5.80173833421638,9.39122131799221,3330.04080569122,1133.00688950567,7778.3647002184
89,NA,4169.6,8.03569785031211,7.91355177153515,0.563225983324477,6.80962884421918,9.01747469885113,3921.80315599379,2150.27381402308,6612.10482148359
88,18572.5,5040.17582417582,8.4258053447518,8.33065009738868,0.454022133539507,7.44076671565125,9.22053347912612,4816.32266913528,3065.28425664309,7228.10073135805
87,18314,3146.8679245283,7.48978979118607,8.37060286788618,0.543484214561806,7.30537380734504,9.43583192842732,4909.38342003889,2848.19534756947,7927.21772401051
86,18075.5,NA,NA,9.75297968569258,0.839919401814627,8.10673765813591,11.3992217132492,9047.93096984645,4319.01265162564,16884.9898080393
85,17833,20056.3037974684,11.9004319383131,11.145236076405,0.501464691244376,10.1623652815661,12.128106871244,15429.6860054548,10665.4505261294,21635.7553030965
84,NA,18763.2,11.7037955587583,11.0624341471588,0.608207844143651,9.87034677263722,12.2545215216803,14976.2400874388,9491.38617012363,22552.0193496996
83,17598.5,NA,NA,10.4734992332249,0.833944057274356,8.83896888096712,12.1080295854826,12032.814483527,6103.88608041875,21492.844365053
82,17351,NA,NA,10.4247095181805,0.836253594284487,8.78565247338287,12.0637665629781,11810.1618470166,5957.93939229553,21180.2801203796
81,17103.5,8018.46153846154,9.46286757625533,9.65917149063337,0.332272992453174,9.00791642542515,10.3104265558416,8704.8142191926,6584.11477192268,11300.7308632681
80,NA,11069.7345132743,10.2573293718496,10.3059266848752,0.31983340175013,9.67905321744495,10.9328001523055,11281.0154617581,8776.70519400815,14286.4931639009
79,16774.5,12185.8028169014,10.5066323736815,10.5701041739887,0.311784551470496,9.95900645310652,11.1812018948709,12482.9453769525,9837.03134224372,15629.819325023
78,16464,NA,NA,10.9049298717031,0.869436067843431,9.20083517872995,12.6090245646762,14141.3707376008,7166.53132887125,25277.0253065275
77,NA,37660.9032258065,13.9306917616402,12.0948566907204,0.644164362201926,10.8322945408047,13.3574188406362,21399.4645873492,13768.3482277455,31833.9240943672
76,16172,NA,NA,10.88133737236,0.931132678136379,9.05631732321272,12.7063574215073,14019.3895253041,6726.76917228173,26066.5929625743
75,15930,16521.0566037736,11.3372951965188,11.1764063241373,0.351299079267119,10.4878601287738,11.8649525195009,15603.0223142928,12098.9462407022,19818.1914029551
74,15681.5,NA,NA,9.92593713526143,0.923995219549212,8.11490650494497,11.7369677655779,9707.0235055895,4336.44739172841,18976.829138092
73,NA,5778.09737827715,8.71858917995879,8.89644735773938,0.348051297288998,8.21426681505294,9.57862790042581,6264.21208613996,4552.7648734069,8418.08313547136
72,15350,NA,NA,8.79668110752921,0.883661458111215,7.06470464963123,10.5286575654272,5987.91178758541,2491.01326933321,12288.3056067446
71,15150,NA,NA,8.61894262650899,0.882387860869361,6.88946241920504,10.3484228338129,5518.43535027298,2252.89702706047,11468.237075487
70,14847,2325.46511627907,6.94428373519655,7.29542065806986,0.417958557240302,6.47622188587887,8.11461943026086,2832.70503482471,1759.0852209839,4335.83379589362
69,NA,NA,NA,7.90595279449622,0.9373151728875,6.06881505563672,9.74309053335572,3906.76121532506,1356.4869220501,9011.28970776409
68,14595.5,4687.62161084529,8.27443096547601,8.12346212462756,0.455591614274737,7.23050256064908,9.01642168860605,4354.76415718195,2733.21589077803,6609.01686399512
67,14353,NA,NA,7.9417760745991,0.967945906017128,6.04460209880552,9.83895005039267,3978.05286588011,1334.968045822,9371.19603940676
66,14100,NA,NA,8.2322594845488,0.857857570099288,6.5508586471542,9.91366032194341,4592.78594179597,1841.58985452198,9659.08832244457
65,NA,NA,NA,7.79282092341593,0.957339108040889,5.91643627165579,9.66920557517607,3687.89702170194,1225.29528875234,8741.04135886541
64,13812,5813.66279069767,8.73197451383962,8.5139320655631,0.368582070172228,7.79151120802554,9.23635292310067,5254.37085445032,3685.41839271636,7277.83283795676
63,13511,NA,NA,7.45396960169797,0.890061861437855,5.70944835327977,9.19849085011616,3087.09837566089,1062.61659735755,7159.23012887709
62,13343.5,2613.10975609756,7.14972623474272,7.24598104648851,0.450560905937514,6.36288167085098,8.12908042212604,2756.69535722627,1639.13750443821,4366.82391879805
61,13109.5,2142.75,6.80366428470986,6.91841238204678,0.572960802046358,5.79540921003592,8.04141555405764,2291.00364850884,1128.07097875905,4181.47998614384
60,12859.875,NA,NA,6.44859869091684,0.836392131633165,4.80927011291583,8.08792726891784,1729.26440894257,534.954296266473,4279.06564216773
59,12769.6666666667,NA,NA,7.23719766534038,0.838274292210349,5.59418005260809,8.88021527807266,2743.35327656615,979.367665376245,6218.61939542517
58,12475,1477.75862068966,6.20013113935749,6.41324049225382,0.43882289076423,5.55314762635593,7.27333335815171,1691.64840620066,950.948233696965,2798.55580898456
57,12227,4081.42857142857,7.99287553316177,7.76734891588905,0.366712818177461,7.04859179226123,8.48610603951687,3639.9151327204,2468.36533879337,5186.01557868518
56,NA,2040.71428571429,6.72118038340486,6.78394784259841,0.601259186284365,5.60547983748106,7.96241584771577,2118.01972819004,987.304642428075,4019.5683855363
55,11934.5,0,0,6.68822171870796,0.89572683144943,4.93259712906708,8.44384630834884,2000.97953633906,591.973932802193,5083.48187443794
54,11732,NA,NA,6.80087391411787,0.999652120176958,4.84155575857104,8.76019206966471,2139.23695816191,549.464642656419,5889.17572408289
53,11520.75,NA,NA,6.79150323701445,1.06162310741784,4.71072194647549,8.87228452755341,2127.47099637939,492.436098598181,6196.43421684009
52,11370,NA,NA,6.45041664384674,1.10182860820506,4.29083257176482,8.61000071592867,1731.21525196442,338.973911479289,5495.57007825453
51,NA,0,0,6.08410732590273,1.05070461210411,4.02472628617867,8.14348836562678,1370.21105224315,262.388864879602,4397.86527517227
50,10885.5,NA,NA,6.29554825349333,1.1049451016017,4.12985585435399,8.46124065263267,1570.84823381182,290.897222377995,5125.49942712657
49,NA,NA,NA,6.49682887446437,1.01528919837865,4.50686204564222,8.48679570328651,1781.58156697551,412.569442606878,5187.70164909973
48,10447,NA,NA,6.2968447151099,1.04387727229258,4.25084526141645,8.34284416880335,1572.14259200444,326.513531774301,4844.58440572642
47,NA,4328.78787878788,8.11132076767884,7.34095615126609,0.617934837872017,6.12980386903694,8.55210843349524,2904.09299914399,1411.84271003999,5349.2487626078
46,NA,0,0,6.06825355197559,0.971857585985191,4.16341268344462,7.97309442050657,1355.98496793585,300.467735326065,4041.17473197017
45,10024.5,NA,NA,6.88114768635634,0.922506097548838,5.07303573516062,8.68925963755207,2242.04082273049,662.325820597322,5700.73820082012
44,NA,NA,NA,6.44734017336632,1.01291390469626,4.46202892016164,8.432651426571,1727.91486142203,396.396237087925,5056.57664602118
43,9584,3474.72972972973,7.67768442733031,7.08851537867298,0.656391288168494,5.80198845386273,8.37504230348323,2524.76606120607,1133.2022830877,4919.80667710101
42,NA,NA,NA,6.43207565715782,1.01565650283177,4.44138891160756,8.42276240270808,1711.60905979418,389.112529935835,5032.89881931641
41,9169.5,NA,NA,6.67150283507007,0.915276271818932,4.87756134230496,8.46544432783517,1981.04663707687,565.992869514955,5135.69272977644
40,NA,NA,NA,6.13590244551541,0.994613012444326,4.18646094112453,8.08534394990629,1417.46970170407,307.176632282864,4273.60125246673
39,8759,2735.42553191489,7.23196347475244,6.68788657078363,0.56540209527772,5.5796984640393,7.79607467752797,2000.57848878982,969.265865173175,3694.06014418766
38,NA,NA,NA,5.5203078538884,0.92522020763144,3.70687624693078,7.33373946084603,928.652413406613,188.813198764149,2892.6900945689
37,8323.5,NA,NA,5.57139942766237,0.926289622105257,3.75587176833607,7.38692708698868,963.512117686768,198.9953944741,2977.52385273974
36,NA,213.208955223881,3.82121400244913,4.32740880884197,0.525749102785298,3.29694056738279,5.35787705030116,350.68056625876,118.152923892984,824.083035179028
35,NA,NA,NA,5.02372323275951,0.986651840155459,3.08988562605481,6.95756083946421,636.946302487177,91.1527165736118,2343.30085297896
34,7784,NA,NA,4.78862044489318,0.898761157971844,3.02704857526836,6.55019231451799,525.825521978897,83.9609919102619,1840.84068603918
33,7617.5,NA,NA,4.86695110184776,1.00172255998889,2.90357488426955,6.83032731942598,561.084061023295,71.0774968085081,2176.53705276896
32,7416,804.788732394366,5.32623681144304,5.01244705786883,0.599203680946007,3.83800784321466,6.186886272523,631.246806914124,216.981861959385,1465.17173345873
31,7050.5,NA,NA,4.57954742567765,0.996161189941794,2.62707149339173,6.53202335796356,439.83546401518,47.6307661771177,1820.50097670753
30,6885.5,303.936170212766,4.17537605891787,4.36809831641294,0.656728489308366,3.08091047736854,5.65528615545734,364.057195614613,90.0982418718008,1022.86505066125
29,6724,NA,NA,4.18669534155083,1.02694424479636,2.17388462174997,6.19950606135168,307.245433479791,22.3329431946514,1477.16277862679
28,6557.5,NA,NA,4.10603951114626,1.01377986054153,2.11903098448486,6.09304803780767,284.244779143607,20.1627250580448,1378.28302858905
27,6390,0,0,3.74636431244395,1.0031468847489,1.78019641833611,5.71253220655178,196.98811797311,10.0431902962939,1064.91426914862
26,6225,NA,NA,3.94754441243059,1.08048414544847,1.82979548735158,6.06529333750959,242.833220286322,11.2101186379237,1353.34099792331
25,5941.83333333333,NA,NA,3.71621236101846,1.00428485193583,1.74781405122424,5.68461067081268,190.72257175749,9.33213270261191,1044.24620072012
24,5769.5,NA,NA,3.96994802888164,1.06490383798553,1.88273650643001,6.05715955133328,248.392961573222,12.564875068207,1346.0960633774
23,5552.5,238.083333333333,3.92809740625308,3.96323025296184,0.615881759410603,2.75610200451706,5.17035850140662,246.715944547132,57.7007087649857,714.632278784424
22,5364.5,NA,NA,4.09957129468548,1.09328569066081,1.9567313409903,6.24241124838066,282.457931339662,14.6596906085409,1518.48150253161
21,5146.5,NA,NA,4.10788327659986,1.06968689696746,2.01129695854364,6.20446959465609,284.755669315214,16.3645771340774,1481.89912799461
20,4890.5,NA,NA,4.20523268328617,1.18464307971827,1.88333224703835,6.52713311953398,312.723216567336,12.5807858658565,1815.05537998043
19,4728,NA,NA,4.17107475212528,1.20525307508285,1.80877872496289,6.53337077928767,302.685692216015,10.7038931362438,1822.0035683583
18,4567,NA,NA,4.17079661768579,1.24070990331633,1.73900520718578,6.6025880281858,302.604965880391,9.14541736037701,1900.45154202339
17,4393.5,NA,NA,4.11928536965406,1.24891636768217,1.67140928899701,6.5671614503111,287.930398022837,7.80425130827066,1859.99070243107
16,4130.5,NA,NA,3.9301805143647,1.24755752794018,1.48496775960195,6.37539326912745,238.588766803381,4.86259499622727,1652.06799703509
15,3859.5,NA,NA,3.8087206549188,1.23577377501141,1.38660405589643,6.23083725394117,210.434278149903,3.69666303527564,1507.25117630738
14,3699.5,NA,NA,3.85359175275572,1.19758567542471,1.50632382892328,6.20085967658817,220.527531116831,5.1484130853993,1478.45331047644
13,3520,NA,NA,3.84306055508972,1.17090332717077,1.54809003383501,6.13803107634443,218.126741048989,5.74360889130252,1419.43768616675
12,3303,NA,NA,3.95221151890132,1.05396527074523,1.88643958824066,6.01798344956197,243.983646808438,12.6640205698353,1311.60769547136
11,3056.5,NA,NA,3.94616877704266,1.06072167069235,1.86715430248566,6.02518325159967,242.494908300045,12.1540449700601,1317.89569946204
10,2881,313.956043956044,4.20937107080452,4.09119053882824,0.578277290528071,2.95776704939322,5.22461402826326,280.155288702416,76.5342561785942,745.103920856367
9,2697.5,NA,NA,3.92203282504966,0.966940213511954,2.02683000656623,5.81723564353308,236.616429430925,16.8759916188398,1145.16120248542
8,2526,NA,NA,3.75906079837685,0.961847782307967,1.87383914505324,5.64428245170047,199.67210659689,12.329039074457,1014.92734673038
7,2347.5,246.293103448276,3.96153103691505,3.73672938384892,0.673669082423374,2.41633798229911,5.05712078539873,194.969459848696,34.0902920961908,654.053548419647
6,2027,NA,NA,3.34986394635992,1.0690236317386,1.25457762815227,5.44515026456758,125.924047545902,2.47736590011267,879.102421355267
5,1922,NA,NA,3.04940626828683,1.05696681502571,0.977751310836434,5.12106122573722,86.4691430142085,0.913931460616238,687.764685749811
4,1693.75,NA,NA,2.63564262375539,1.17064817146048,0.341172207692846,4.93011303981793,48.255418836443,0.0135486050526327,590.782345024842
3,NA,0,0,1.86862037886565,1.12766316039205,-0.341599415502773,4.07884017323408,12.192263034761,0,276.787678025468
2,1338,NA,NA,1.35204130300462,1.2530058966349,-1.10385025439978,3.80793286040902,3.34164134471727,0,210.260227536477
1,1089.25,NA,NA,0.579421383872412,1.27451109719545,-1.91862036663068,3.0774631343755,0.112714055504645,0,89.6956613721351
